####
#
# OBJ File Generated by Meshlab
#
####
# Object mesh.obj
#
# Vertices: 4712
# Faces: 9420
#
####
vn -0.6084456364729580 -3.1032837415329659 4.0989396758419474
v 0.3402289450168610 -0.5306287407875061 0.2224844247102737
vn 0.2353519148807101 -0.9417504280591158 5.1257735153424218
v 0.3493673503398895 -0.5112472176551819 0.2302169054746628
vn -2.0160779627041858 0.5967057526604345 5.5826267011592563
v 0.3300863802433014 -0.4997991621494293 0.2233882248401642
vn 1.1455774897626978 2.1441650455078327 4.2386970141983191
v 0.3588069975376129 -0.4931713342666626 0.2275055199861526
vn 2.8367288832141138 0.7735376764634960 4.9702616678520757
v 0.3749749064445496 -0.5057240724563599 0.2198734432458878
vn 1.2505109466239346 -2.9624295782302958 4.5350633446188171
v 0.3676441013813019 -0.5302269458770752 0.2177646011114120
vn 0.4146408833993527 -1.5740317447598866 4.3827888444407455
v -0.6659972071647644 -0.3875276446342468 0.2189696580171585
vn 1.9383967932491462 1.7791151113742227 4.4105571534453505
v -0.6605744361877441 -0.3607150316238403 0.2156557589769363
vn -1.2714298757173610 0.8800473683358901 5.5245644511783167
v -0.6936131715774536 -0.3522796034812927 0.2114380300045013
vn -3.2658091151063307 -1.3739013932845072 4.1509019721206455
v 0.3110062181949615 -0.5201848149299622 0.2133460640907288
vn 1.1428663041210538 1.9118242917310582 5.1193757780310669
v 0.3399277031421661 -0.4739907979965210 0.2189696580171585
vn -1.2930944714946624 1.9023606292794764 5.3912192405601989
v 0.3209479749202728 -0.4664591550827026 0.2144507020711899
vn 2.7134864988595959 3.6030327352646689 4.0360433369931688
v 0.3581040203571320 -0.4759992063045502 0.2108355164527893
vn 3.2921848373238252 3.5677700230213834 3.6377423794733574
v -0.6774452924728394 -0.3335007131099701 0.1966760307550430
vn 0.0528836819002184 1.6550827321005830 4.8752413705443063
v -0.6958224773406982 -0.3329986035823822 0.2083249390125275
vn -2.8605492109141162 -1.7433626372771172 4.9603678713908641
v -0.6959229111671448 -0.3788913786411285 0.2082245349884033
vn -1.2653679373390014 -4.5785015089210184 3.0790400348690339
v -0.6750351786613464 -0.4013858437538147 0.2036051452159882
vn 3.0963921962445786 4.2197278788034236 2.9471948177983012
v -0.6618798971176147 -0.3456517755985260 0.2012954205274582
vn 1.8961905101114893 -3.2882725481768760 4.4602026726345878
v -0.6484233736991882 -0.3990761637687683 0.2015967071056366
vn 4.4269416616773816 0.6059062665721342 3.7639577471693215
v -0.6392850279808044 -0.3815023303031921 0.1997891068458557
vn -0.1205185269692364 -0.2806333942777743 6.2578556968416610
v 0.3142197430133820 0.0626631677150726 0.2077224254608154
vn -0.2780987299866086 0.1678006235028490 6.2599448737783394
v 0.3099015951156616 0.0927897021174431 0.2077224254608154
vn -1.0329712426425057 0.0074755954482441 6.1569032955896601
v 0.2858003675937653 0.0688893198966980 0.2058144062757492
vn -3.8416612761191717 -0.2077012940176828 4.6178337007717660
v 0.3007631897926331 -0.4765013456344604 0.2054127305746078
vn 0.8496332465855490 1.4722075733691822 5.7509701821612103
v 0.3211488127708435 -0.4453705847263336 0.2075215876102448
vn -1.0829694260813019 0.4245208284852363 5.8674952778579410
v 0.3037758767604828 -0.4372364282608032 0.2057139873504639
vn -5.1535418552378260 -0.5919577101423211 2.9508399616418113
v 0.2941353619098663 -0.5025106072425842 0.1947680264711380
vn -1.8177640954018268 -5.0510597734392499 2.3835618792778250
v 0.3223538696765900 -0.5376582145690918 0.2030026018619537
vn 3.2526320787144214 3.1563735959612136 4.1569088029256651
v 0.3401285409927368 -0.4524001181125641 0.2007933109998703
vn -0.3358160096079038 -5.6265210944217827 2.6988106509528094
v 0.3481622636318207 -0.5385620594024658 0.2056135833263397
vn 1.8120864729201167 -2.5323775841834051 5.1362710190417413
v 0.3913436532020569 -0.5303273797035217 0.2069190442562103
vn -2.0533639155343160 0.3511817638451623 5.2970555061045612
v -0.7147017717361450 -0.3135167956352234 0.1986844688653946
vn 2.4601332911593508 1.6798374830455132 5.0018364341360195
v -0.6944165825843811 -0.3124121427536011 0.1971781253814697
vn -0.3311473441611069 1.7665305669219411 5.1638475867245086
v -0.7051616907119751 -0.2940349578857422 0.1977806687355042
vn -3.4439290389250710 0.3952182122542403 4.9591455007239587
v -0.7137979865074158 -0.3370154798030853 0.1999899595975876
vn -4.2762863955206853 -0.6676156737642619 4.3471489389963232
v -0.7167102098464966 -0.3606145977973938 0.1960734874010086
vn -4.0550382714756994 -2.3139870263004148 3.6114308430028230
v -0.7144005298614502 -0.3793934881687164 0.1937637925148010
vn -2.7247871646668562 -4.2910457088025478 3.0692514139769242
v -0.6962241530418396 -0.3951597213745117 0.1960734874010086
vn 2.3392286271176559 -1.8205984797356112 0.9974009152014365
v -0.6282386183738708 -0.4070094823837280 0.1897469162940979
vn -0.7597213470623336 0.0534142391978455 6.2347516507691205
v -0.3756778538227081 0.1761397719383240 0.2022996544837952
vn -0.7582210971105661 0.2826626990920813 6.2292636740796921
v -0.3897368907928467 0.1984333992004395 0.1994878202676773
vn -0.4690828860397773 0.1159709011439438 6.2605168511945672
v -0.4139385521411896 0.1948182135820389 0.1970777213573456
vn -0.7261563833062290 -0.0070772363267410 6.2403997692552498
v -0.4109259247779846 0.1572604775428772 0.1978810876607895
vn -0.6656663418573771 -0.0728222790839093 6.2453440955688482
v -0.3850170671939850 0.1478208452463150 0.2011950165033340
vn -0.8451748446353027 -0.1194672590258282 6.2216022892734166
v -0.4105242192745209 0.1255271881818771 0.1979815214872360
vn -0.3781261131071935 -0.3398239084208580 6.2533970642835284
v -0.3850170671939850 0.1125727891921997 0.2003916203975677
vn -0.6347293176910468 -0.3024268357050048 6.2226865657161383
v -0.4043985009193420 0.0938943400979042 0.1981823742389679
vn 0.2884734662555118 -0.8870382851660227 6.1957004851579773
v -0.3850170671939850 0.0815424621105194 0.1974794119596481
vn -0.9475079949200282 0.2213979408326990 6.2073319286147397
v -0.3685479164123535 0.1984333992004395 0.2026009112596512
vn -0.8129403943738653 0.3697700181742528 6.2166143999034738
v -0.3846154212951660 0.2208274602890015 0.1991865783929825
vn -0.4628178529452671 -0.2493089916182361 6.2575234090240475
v -0.3592087030410767 0.1490258872509003 0.2036051452159882
vn -0.3609020905435159 -0.3433903419994107 6.2604882551350762
v -0.3662382364273071 0.1290419697761536 0.2021992206573486
vn 0.1688900343388449 -0.9412861492407492 6.1894695247922620
v -0.3628238737583160 0.1033339872956276 0.2000903636217117
vn -0.8305466145886188 0.3352829785694507 6.2137900535265658
v -0.3567985594272614 0.2185177654027939 0.2038059979677200
vn -0.8682378992787070 0.5304888191377586 6.1969518969148210
v -0.3673428297042847 0.2469371110200882 0.2001908123493195
vn -0.4037168096347635 0.8414955639144183 6.2078553660218603
v -0.3395260274410248 0.2649126350879669 0.2011950165033340
vn -0.6655665350942802 0.7843372453404515 6.1909789529966925
v -0.3638280928134918 0.2721429765224457 0.1981823742389679
vn -0.6163859896557620 0.0778335953960958 6.2400093552695184
v -0.3473589122295380 0.1961237043142319 0.2059148401021957
vn -0.4027981891509293 -0.2530030296727325 6.2574693593434807
v -0.3415344655513763 0.1673026531934738 0.2058144062757492
vn -0.0039264183823332 -0.8151618169922363 6.2052798827653710
v -0.3473589122295380 0.1208073720335960 0.2025005072355270
vn -0.4681168898492953 0.6381710473669735 6.2184812890221863
v -0.3380196988582611 0.2420164644718170 0.2043080925941467
vn -0.2693721506571574 0.3683192492913165 6.2551205972292863
v -0.3285800516605377 0.2231371551752090 0.2063165307044983
vn 0.1397610276747843 -0.6150621680187558 6.2364347624569945
v -0.3256677985191345 0.1407912969589233 0.2045089453458786
vn 0.3539537881633540 -1.2754205638088190 6.1390716219538763
v -0.3380196988582611 0.0931913927197456 0.1958726793527603
vn -0.0319011334798083 0.0702202407480913 6.2681190111643996
v -0.3191404044628143 0.2019481658935547 0.2074211537837982
vn 0.7162590385017389 -1.2349456528744300 6.0702168554510934
v -0.3191404044628143 0.1196023151278496 0.2013958543539047
vn 0.0198054945116060 0.5980959990421461 6.2472055641393123
v -0.3097007572650909 0.2420164644718170 0.2050110399723053
vn 0.2143285943696102 -0.4148466917469870 6.2400605480878806
v -0.3162281811237335 0.1679051965475082 0.2067181915044785
vn 1.2756408789340581 -2.2293381981130658 5.5686640825095424
v -0.3181361854076385 0.0957019329071045 0.1953705400228500
vn 0.0204020549175495 0.7694030964358964 6.2315319289871498
v -0.3026712238788605 0.2607953250408173 0.2028017640113831
vn -0.1092121804202585 1.0567806028113091 6.1875621245595553
v -0.3132155239582062 0.2858003675937653 0.1990861594676971
vn 0.5236674905871536 0.1612719382848339 6.2360233604793489
v -0.2921269237995148 0.2173127084970474 0.2062160968780518
vn 0.6375422872556565 -0.4364061522195919 6.2096742196970016
v -0.2991564571857452 0.1778469532728195 0.2062160968780518
vn 1.2936707178974922 -1.2401777893238339 5.9178799202697681
v -0.2969472110271454 0.1364731639623642 0.2015967071056366
vn 0.1346613482129410 0.9958923816815005 6.1940442924557715
v -0.2909218966960907 0.2816830575466156 0.1998895257711411
vn 1.5089841617329023 -1.0209206595285440 5.9704317926890287
v -0.2847961485385895 0.1525406539440155 0.2009941637516022
vn 2.6142949284449042 -2.2244711149491940 5.0822236217396171
v -0.2800763249397278 0.1238200291991234 0.1922574937343597
vn 0.5235898905723245 0.6842788154625250 6.2111048897728711
v -0.2755573391914368 0.2655151486396790 0.2013958543539047
vn 0.5851507863167361 0.3904642904465052 6.2263315529578040
v -0.2814822196960449 0.2420164644718170 0.2040068060159683
vn 1.0961539053451452 -0.2990825147120451 6.1625180993893265
v -0.2814822196960449 0.1901988238096237 0.2044084966182709
vn 0.7293244747709938 1.0068855102122807 6.1356716277771790
v -0.2604940831661224 0.2865033149719238 0.1972785741090775
vn 1.2595515301281226 -0.0827047577961607 6.1429303949413132
v -0.2720426023006439 0.2149025797843933 0.2031030058860779
vn 1.7427156895479843 -0.9237595463026815 5.9046743173308531
v -0.2734484970569611 0.1687085628509521 0.2008937597274780
vn 1.3113160459769364 0.2342885163327974 6.1067577618048272
v -0.2571801543235779 0.2520586550235748 0.2000903636217117
vn 1.9366524335789825 -0.6361399511368436 5.8994735188314458
v -0.2631050348281860 0.1867844760417938 0.1998895257711411
vn 2.0382929782846517 -0.2181360960961438 5.8926106699486631
v -0.2463346123695374 0.2278569936752319 0.1972785741090775
vn 2.3054529234758609 -0.5390582717648310 5.7804879675411316
v -0.2450291514396667 0.2060654610395432 0.1952701359987259
vn -1.3544388921154713 0.4160074409848672 6.0997767665051121
v 0.2490459978580475 -0.0167704541236162 0.1979815214872360
vn -1.7093639566760388 0.6248430419581128 5.9868857105609354
v 0.2338823080062866 -0.0371560752391815 0.1961739212274551
vn -0.6714640394481466 0.4008709894091226 6.2074336274317128
v 0.2628037631511688 -0.0380598716437817 0.2019983977079391
vn -1.7461922672060592 0.0472219438684518 5.9808478386705080
v 0.2296645939350128 -0.0686885118484497 0.1973789781332016
vn -0.7261853106841863 0.0173537816884685 6.1816307713212657
v 0.2551717162132263 -0.0639686882495880 0.2025005072355270
vn -0.5297713590001785 -0.2826067142216023 6.2349523508618123
v 0.2551717162132263 -0.0875678062438965 0.2011950165033340
vn -1.4716082439545657 -0.3754170099084013 6.0723141947943065
v 0.2359911650419235 -0.0971078723669052 0.1977806687355042
vn -0.7000612612911454 -0.3832705401876263 6.1889418216636152
v 0.2516569495201111 -0.1087567955255508 0.2000903636217117
vn 0.3841982392872858 -0.3447073612589130 6.2491377010347362
v 0.2722434103488922 -0.1051416173577309 0.2002912163734436
vn -1.1762293341820445 -0.2059836352744260 6.1236545467054926
v 0.2454308122396469 -0.1345651894807816 0.1976802349090576
vn 0.8716796256011391 -0.3102751396082498 6.1455702843093967
v 0.2764611542224884 -0.1310504376888275 0.1988853216171265
vn -0.8215255616726711 -0.1266933400124837 6.1485739956424110
v 0.2553725838661194 -0.1630849838256836 0.1991865783929825
vn -2.3913260183087091 0.5466972277426593 5.7512049396703091
v 0.2646113634109497 0.0913837999105453 0.1986844688653946
vn -2.5201139059309154 0.4872593161700910 5.6384201513969492
v 0.2551717162132263 0.0702952221035957 0.1973789781332016
vn -0.9389587446457038 -0.1532211498208947 6.1839240404532481
v 0.2740510106086731 0.0395661592483521 0.2034042924642563
vn -2.1335045763472396 0.3848551297084367 5.7801147014729581
v 0.2555734217166901 0.0442859865725040 0.1994878202676773
vn -1.4323509386753266 -0.1216406047803867 6.0790782370166294
v 0.2558746635913849 0.0160674639046192 0.1992870122194290
vn -0.3080499804058882 -0.2920175504342134 6.2613302179667407
v 0.2828881442546844 0.0054227574728429 0.2016971111297607
vn -0.1422531376532391 0.2067675116889056 6.2628329146087731
v 0.2798754870891571 -0.0192809998989105 0.2015967071056366
vn 0.5448463949238330 -0.4526193487130163 6.2098134457155840
v 0.2798754870891571 -0.0734083354473114 0.2021992206573486
vn 1.1073068364899270 0.0051146505674866 6.0886367589898427
v 0.2758586108684540 -0.1628841310739517 0.1988853216171265
vn 1.2389502871524245 -0.0545457420039567 6.0342421178700834
v 0.2802771627902985 -0.1851777732372284 0.1982827782630920
vn -0.7663201055107829 -0.4090020923384808 6.0898193985498796
v 0.2598915398120880 -0.2018477916717529 0.1982827782630920
vn -1.7723664877666816 0.8263998543439964 5.9566262679991144
v 0.2825868725776672 0.1287406980991364 0.2003916203975677
vn -2.7550225023757120 0.6771667770491021 5.5917519751196876
v 0.2575818598270416 0.1106647774577141 0.1929604411125183
vn -1.5183736903170812 0.5531379818469030 5.9724549972120817
v 0.2833902239799500 0.1054428443312645 0.2046093493700027
vn 0.6915127357325488 -0.1586252566870505 6.1469539108299891
v 0.2905201911926270 -0.0487045794725418 0.2032034546136856
vn 2.1077750042872361 0.1362473872999829 5.7199883690470985
v 0.2921269237995148 -0.2081743627786636 0.1949688792228699
vn -1.3472252494725958 -0.0308365347444808 5.9680927760793674
v 0.2574814260005951 -0.2287608087062836 0.1971781253814697
vn 0.9272965080568040 0.1950668015679460 6.0702223385486596
v 0.2843944728374481 -0.2382004708051682 0.1980819255113602
vn -1.9869094461912027 -0.1931796833484421 5.7292863223842847
v 0.2602932155132294 -0.2584856450557709 0.1967764347791672
vn 0.7591023462093200 0.1909547617024692 6.1022426318549012
v 0.2838923633098602 -0.2686282694339752 0.1988853216171265
vn -1.8425368864586922 -0.0374677218828148 5.8631039458141307
v 0.2643100917339325 -0.2852982878684998 0.1976802349090576
vn -0.7582032692821921 -0.1786780009065468 6.0739908251797097
v 0.2741514444351196 -0.3028720915317535 0.1994878202676773
vn -0.2320460112114258 -0.5252647543383917 6.2477963043344928
v 0.3007631897926331 0.0401686914265156 0.2055131494998932
vn 1.8150111548569827 -0.5365735686033094 5.9354466399210892
v 0.2928298711776733 -0.0968066081404686 0.1977806687355042
vn 2.4895755039898475 0.4866123345440417 5.5332340338785251
v 0.2978509664535522 -0.2888130247592926 0.1957722306251526
vn 0.1989458813259045 0.1365486874159385 6.1225648198686313
v 0.2871058583259583 -0.3191404044628143 0.1999899595975876
vn -1.4521757093531935 -0.1653148014998100 5.8725227111505411
v 0.2746535539627075 -0.3417353332042694 0.1992870122194290
vn 2.4582581616662114 0.5426744289541101 5.3296797284035096
v 0.3056838810443878 -0.3395260274410248 0.1975798308849335
vn -0.8584323596279846 0.0479040171642088 6.0525174685852026
v 0.2839927673339844 -0.3606145977973938 0.2005924731492996
vn -0.6571516499751737 0.6092466735657579 6.1894322269088757
v 0.3022695481777191 0.1196023151278496 0.2058144062757492
vn -1.4361776245455609 0.7128068171208460 6.0612018264770811
v 0.2872062921524048 0.1515364348888397 0.1986844688653946
vn 0.3490328001035756 -0.5112811534986577 6.2372875721390653
v 0.3022695481777191 -0.0122514748945832 0.2009941637516022
vn 1.9872991022114699 -0.8477417106728038 5.8568125871611230
v 0.3017674386501312 -0.0687889382243156 0.1981823742389679
vn -2.4811161161796651 -0.2152657504561480 5.5347281999195665
v 0.2822855710983276 -0.4088170528411865 0.1985840350389481
vn 2.0088791157442607 0.4142717677902494 5.5096676894709367
v 0.3138180375099182 -0.3923478722572327 0.2001908123493195
vn -1.3895158222810755 -0.3620697714353607 5.9350062238461350
v 0.2819843292236328 -0.3804981112480164 0.1997891068458557
vn -0.1400584543394360 0.9053195248436531 6.0013431662925356
v 0.3022695481777191 -0.4076120257377625 0.2025005072355270
vn -3.9175424883357830 -1.1229464165248819 4.4688127078614537
v 0.2820847630500793 -0.4369351565837860 0.1949688792228699
vn -4.5362346166280423 -1.3166543734900320 3.4893933959098620
v 0.2851978242397308 -0.4573207795619965 0.1936633884906769
vn -0.5315728608642132 0.8762182391049457 6.1693012905331415
v 0.3117091953754425 0.1478208452463150 0.2035047113895416
vn -0.7215261724222860 0.7851016507045420 6.1893470303200733
v 0.3031733334064484 0.1669009774923325 0.1990861594676971
vn 1.4177713815490491 -0.9171773083997184 5.9946173403138543
v 0.3225547373294830 -0.0233982913196087 0.1978810876607895
vn 2.2431242450932212 -1.0321166109459283 5.7288256867526739
v 0.3125125467777252 -0.0521189197897911 0.1969772875308990
vn 2.3505672630426329 0.6179665255290807 5.1812401568598991
v 0.3125125467777252 -0.3648323416709900 0.1994878202676773
vn -3.6955161214463326 -3.4557768607642596 1.9002555352934858
v 0.3012652993202209 -0.5309299230575562 0.1935629397630692
vn -0.1767400213636893 0.7567401686328489 6.2285583594251426
v 0.3284796476364136 0.1578630059957504 0.2025005072355270
vn 0.0544915617049923 0.5220204280258003 6.2541501037598648
v 0.3281783461570740 0.1266318261623383 0.2059148401021957
vn 0.2971988937206164 -0.8623863068502611 6.2107326316965610
v 0.3257682323455811 0.0255071111023426 0.2036051452159882
vn 0.3862996285058039 -0.7121302960731364 6.2279469078965084
v 0.3211488127708435 0.0066278185695410 0.2010945975780487
vn 3.3096351574975458 1.2969667849828728 4.8517678474994170
v 0.3236593604087830 -0.4183571338653564 0.1973789781332016
vn -0.3068054325843120 0.6928989993843934 6.2365451121732445
v 0.3352078795433044 0.1761397719383240 0.2005924731492996
vn -0.2328014790775616 0.8658532936467667 6.2134145025079848
v 0.3322956264019012 0.2078730612993240 0.1970777213573456
vn -0.5348395244999444 0.6043012068632826 6.2263357742490832
v 0.3133159279823303 0.1911026239395142 0.1978810876607895
vn 0.1845751769321818 -0.0292049821043110 6.2760333433242108
v 0.3304880559444427 0.0819441452622414 0.2077224254608154
vn 0.2708052355992727 -0.6885190274931072 6.2294756373596902
v 0.3304880559444427 0.0442859865725040 0.2059148401021957
vn 0.2907575336601189 0.1902908882003662 6.2635625819868599
v 0.3422373831272125 0.0996183827519417 0.2072203308343887
vn 0.4632842007091713 -0.4089768998276086 6.2394588456285582
v 0.3458525836467743 0.0607551559805870 0.2065173536539078
vn 1.0312103390492942 -1.1806971294801305 6.0629879319243400
v 0.3410323560237885 0.0066278185695410 0.1992870122194290
vn 0.2775432969869582 0.4226319010229746 6.2607081635475765
v 0.3534846305847168 0.1299457550048828 0.2046093493700027
vn 0.8968550506678588 -0.9691194994975156 6.1216601960877224
v 0.3576019406318665 0.0378589928150177 0.2028017640113831
vn -0.0030890859203701 0.6201330889390427 6.2476235334802412
v 0.3588069975376129 0.1831693053245544 0.2005924731492996
vn 0.1741080510978584 1.1327886019186226 6.1603952105512025
v 0.3588069975376129 0.2093793898820877 0.1972785741090775
vn 0.1554100584935225 0.4248691585410018 6.2658481801206509
v 0.3670415878295898 0.1525406539440155 0.2027013450860977
vn 1.3911380643144122 -1.5175018387894195 5.9235959700518439
v 0.3704559206962585 0.0213898178189993 0.1967764347791672
vn 0.3854137773455686 0.9586285131717076 6.1761731870522132
v 0.3766820728778839 0.1945169568061829 0.1990861594676971
vn 0.6871492881905858 0.0492263623645408 6.2322067932008878
v 0.3752761781215668 0.0996183827519417 0.2047097831964493
vn 0.7990281284758514 -0.3544416767400125 6.2011413787188623
v 0.3681462407112122 0.0725044980645180 0.2051114588975906
vn -0.3390204048959913 -5.5680670027220476 1.8207583282814424
v 0.3642297685146332 -0.5493071675300598 0.1899477690458298
vn 0.2736160488143499 0.4544214946239427 6.2585211838267405
v 0.3811006247997284 0.1714199483394623 0.2009941637516022
vn 0.4779415744183739 0.2421604979531156 6.2533405657527465
v 0.3858204782009125 0.1413938403129578 0.2026009112596512
vn 3.4219744251234401 4.0598837701289749 3.1308074898857789
v 0.3871259093284607 -0.4878489971160889 0.1965756267309189
vn 0.7682693478989721 -0.0192950349621992 6.2266461270375899
v 0.3928499817848206 0.1136774271726608 0.2025005072355270
vn 1.1371367617305750 -0.4749393069015536 6.1553215138508444
v 0.3893352150917053 0.0761196836829185 0.2015967071056366
vn 1.2843949775789389 -0.9386737493260824 6.0642662869585875
v 0.3868246674537659 0.0532235205173492 0.1996886730194092
vn 0.4868813733111415 -4.9060917425404815 2.4677371448921481
v 0.3871259093284607 -0.5489054322242737 0.1922574937343597
vn 0.8156566564822909 0.8924782545712260 6.1134886241310351
v 0.3946575820446014 0.1847760528326035 0.1992870122194290
vn 3.6109954754252298 1.1828657007498560 3.7837546276936491
v 0.4081140756607056 -0.5122514963150024 0.2018979638814926
vn 0.8867595913280308 0.5163790414366483 6.1743581219010730
v 0.4033942520618439 0.1662984490394592 0.1997891068458557
vn 1.1836343888319665 0.1483102268094566 6.1386760549615964
v 0.4169512093067169 0.1354689598083496 0.1992870122194290
vn 2.5991087514268831 -2.6028550557938024 2.3915607045197458
v 0.4092187285423279 -0.5409720540046692 0.1970777213573456
vn 1.5203632666999971 0.4187260213931928 6.0225631787050338
v 0.4224743843078613 0.1570596396923065 0.1973789781332016
vn 1.3886371559317148 -0.3096537525617966 6.1054107206991084
v 0.4227756857872009 0.1077525466680527 0.1973789781332016
vn 1.4593469428544183 -0.6993636857138295 6.0534968378551941
v 0.4186583757400513 0.0799357146024704 0.1962743401527405
vn -3.9692077340591769 0.9307058742587353 4.2639578671062583
v -0.7250452041625977 -0.2935328483581543 0.1876380741596222
vn -5.1196026749330299 0.1630941830749139 3.1817191065154797
v -0.7303675413131714 -0.3135167956352234 0.1835207790136337
vn -5.1924593290140049 -0.3206100531300239 3.3546958678831560
v -0.7274553179740906 -0.3405302762985229 0.1847258359193802
vn 2.3411623428029489 0.6209362370355931 5.2082406267052530
v -0.6952199935913086 -0.2781683206558228 0.1900482028722763
vn -1.6920938241977741 0.4955482226993700 5.2978465079158621
v -0.7136976122856140 -0.2600924372673035 0.1901486068964005
vn -2.5608703150438181 -5.1798670422427904 1.7094725198247027
v -0.7059651017189026 -0.3983732163906097 0.1770938038825989
vn -1.8273806562416732 0.2887827722065753 5.4454310260121170
v -0.7054629325866699 -0.2287608087062836 0.1898473501205444
vn 1.2034266422199347 -0.9081348194076598 5.8060216402519478
v -0.6794537305831909 -0.2103836387395859 0.1906507164239883
vn -2.4985897230957859 0.7178680116586520 5.3757041453492622
v -0.6958224773406982 -0.1911026537418365 0.1890439689159393
vn 1.3429413202001752 -1.0523214562902639 5.4687140835196955
v -0.6860815882682800 -0.2283591330051422 0.1908515542745590
vn 3.1146278860637828 -0.9817321955794698 5.1388291524515557
v -0.6831693053245544 -0.2513557076454163 0.1824161410331726
vn -3.0560797137172093 1.5084419670185425 5.0713384795074470
v -0.6894959211349487 -0.1607752740383148 0.1848262697458267
vn -0.2317284342605710 -0.2331786665573252 5.9813845600301754
v -0.6722233295440674 -0.1816630065441132 0.1935629397630692
vn -1.6337937031414831 -5.9434042205286364 1.0348837965961797
v -0.6778469681739807 -0.4050010442733765 0.1845249831676483
vn -1.5595784468852110 1.3555165750410345 5.7893106319072469
v -0.6676039695739746 -0.1487246602773666 0.1907511502504349
vn 3.1013230047546196 -2.4433049911516753 4.4237263868412668
v -0.6532436609268188 -0.1972283869981766 0.1845249831676483
vn 0.7921084679660195 -5.2293460508264680 0.9808464228319499
v -0.6453103423118591 -0.4134364426136017 0.1812110841274261
vn 0.8888667881624772 -1.1155924028456909 5.7661373843359236
v -0.6510343551635742 -0.1687085926532745 0.1938642263412476
vn 4.4324652212516860 3.2193061288030718 1.5939977909360514
v -0.6388833522796631 -0.3556939363479614 0.1821148842573166
vn 0.2197760769886757 0.1307533673022263 5.8850404421786049
v -0.6392850279808044 -0.1487246602773666 0.1954709738492966
vn -0.9388847316855251 2.2152179309082158 5.7258619531882475
v -0.6464149355888367 -0.1305483281612396 0.1893452554941177
vn 2.6027177325259241 -2.6745440724815617 4.7569030313091281
v -0.6273348331451416 -0.1627837121486664 0.1881401687860489
vn 1.0960722286374462 -0.8043372294150499 5.4256522991304159
v -0.6117694377899170 -0.1380799561738968 0.1926591545343399
vn -0.8726813999351675 2.4506423895729421 5.6771268481667896
v -0.6215103864669800 -0.1114681884646416 0.1844245791435242
vn -0.4072399745893776 1.2015280320030661 5.8894987344428475
v -0.5933922529220581 -0.1086563840508461 0.1881401687860489
vn 2.2518155325100220 -2.9113150923455917 4.0885335709535671
v -0.5896766185760498 -0.1384816467761993 0.1852279603481293
vn 1.8347608445790820 -3.2617411822562024 4.0093264246293296
v -0.5691906213760376 -0.1268327236175537 0.1837216317653656
vn -0.0185515115538669 -0.1426620472754620 5.9607213745401033
v -0.5725045204162598 -0.1070496290922165 0.1894456595182419
vn -2.0262358917213845 0.3327080621554607 5.8439334283620781
v -0.5056236386299133 0.2251455932855606 0.1878389120101929
vn -0.9127736293590153 0.7925816146246218 6.1327329323955642
v -0.4691705107688904 0.2513556778430939 0.1930608451366425
vn -1.8439142657610761 1.0387172452122575 5.8580159195392154
v -0.4971882402896881 0.2515565156936646 0.1869351118803024
vn -1.0490556151849397 0.1760190875784579 6.1592189346306778
v -0.4792127311229706 0.2231371551752090 0.1938642263412476
vn -1.4427795235513114 -0.3858920426818285 6.0811717337951832
v -0.4905603528022766 0.2043582946062088 0.1910524070262909
vn -0.7603385777198713 -0.3098365842058728 6.2140924626070930
v -0.4697730839252472 0.2019481658935547 0.1944667398929596
vn -1.5874189290956864 -0.5784812290860954 6.0317536490521739
v -0.4952802062034607 0.1808595955371857 0.1879393160343170
vn -1.0024017252963020 -0.5506108542065132 6.1740298248370982
v -0.4697730839252472 0.1761397719383240 0.1923578977584839
vn -1.2379944625267707 -0.7420860485252705 6.1106292525947676
v -0.4734886586666107 0.1502309590578079 0.1889435499906540
vn -0.8563330297656067 0.6400139802041218 6.0529100260208519
v -0.4784093499183655 -0.0213898550719023 0.1876380741596222
vn 0.7999969770003142 -0.9258399051231175 5.8950083836696061
v -0.4862422347068787 -0.0524201840162277 0.1879393160343170
vn 0.9863274002728929 -0.9567578635835717 5.8123747480570609
v -0.4693713784217834 -0.0397670418024063 0.1882406026124954
vn -0.6185985898779559 0.9792665631699189 6.1640875704306684
v -0.4603334367275238 0.2744527161121368 0.1905502974987030
vn -1.4401981738791669 1.2460554211392640 5.9465617229085037
v -0.4745932817459106 0.2868045568466187 0.1862321645021439
vn -0.3698085772772913 0.2504736472793652 6.2401160745129252
v -0.4592287838459015 0.2302671074867249 0.1958726793527603
vn -0.1594270844008966 0.0366309781397038 6.2779797509448176
v -0.4427596032619476 0.2137979418039322 0.1961739212274551
vn -0.4934025779244461 -0.2363684561010996 6.2510261213148599
v -0.4485840797424316 0.1854790002107620 0.1956718266010284
vn -0.7481472085763740 -0.5309378887797054 6.2097695071059800
v -0.4509941935539246 0.1642900109291077 0.1940650790929794
vn -1.1641889358622188 -0.4947356311851823 6.1517436258771037
v -0.4520988166332245 0.1360714882612228 0.1912532448768616
vn 1.6511546912031632 -1.9146776614926160 5.5105143652715691
v -0.4473790228366852 -0.0337417349219322 0.1843241602182388
vn -0.8969220298718441 0.1583770471564890 6.0758078261415642
v -0.4603334367275238 -0.0028118283953518 0.1891444027423859
vn -0.1132370212337789 0.7371860278002347 6.2257254227562964
v -0.4415545463562012 0.2584856152534485 0.1938642263412476
vn 0.4379559965496013 -0.7983393485097268 6.0155325464791147
v -0.4350271224975586 0.0029122126288712 0.1908515542745590
vn -1.2196197573183518 0.3306084327955613 6.1096185597389727
v -0.4482828080654144 0.0207872893661261 0.1889435499906540
vn -0.2223319022438830 0.6471533245526510 6.2442451592099211
v -0.4226752519607544 0.2702349722385406 0.1923578977584839
vn -0.5789799610672610 1.0047663024285121 6.1623470496106361
v -0.4461739361286163 0.2951395809650421 0.1885418593883514
vn -0.1763968954116431 0.3828207969016529 6.2663612313149679
v -0.4209680855274200 0.2325768172740936 0.1955713927745819
vn -0.5368159639095413 -0.1804138476662679 6.2540799082505938
v -0.4309098422527313 0.1684072911739349 0.1961739212274551
vn -1.0019449638724174 -0.1927145767385955 6.1963379875212778
v -0.4321148991584778 0.1384816020727158 0.1950692832469940
vn -1.1784953753435394 -0.3084126108261971 6.1625511021933050
v -0.4286001324653625 0.1131753176450729 0.1944667398929596
vn -1.4642664186658894 -0.5566036924136124 6.0767316983975705
v -0.4505925178527832 0.1100622415542603 0.1898473501205444
vn -1.7181751641209062 -0.3162634142839573 6.0311299442944977
v -0.4418558180332184 0.0840530022978783 0.1894456595182419
vn -0.4182567713328816 0.8367519511423047 6.2101712977676922
v -0.4224744141101837 0.3008636236190796 0.1892448067665100
vn -1.2873859153416607 -0.1769617841620281 6.1417866325575599
v -0.4226752519607544 0.0807390883564949 0.1944667398929596
vn -1.7366340940417784 0.0062700133636135 6.0319992562770803
v -0.4406507611274719 0.0631652697920799 0.1897469162940979
vn -0.5526110361340159 -0.4681069157932047 6.1649948586388099
v -0.4191604852676392 0.0525205694139004 0.1947680264711380
vn -1.8637089092636647 0.1946810906334723 5.9905080298708295
v -0.4483832120895386 0.0454910434782505 0.1877385079860687
vn 1.0652756071298954 -1.2502080585575759 5.9404889593787926
v -0.4065073430538177 0.0236995201557875 0.1906507164239883
vn 1.6325746967230330 -2.0809205600527281 5.6520701726510190
v -0.4137377142906189 0.0044185393489897 0.1868347078561783
vn -0.4569669021973515 0.8243079929813345 6.2099788251964796
v -0.4003816246986389 0.3017674088478088 0.1905502974987030
vn -0.6153216790548898 0.5005014390154670 6.2268051544504441
v -0.3968668580055237 0.2613978683948517 0.1944667398929596
vn -0.2221874205694045 -0.5469692118206174 6.2126249958366389
v -0.4038963913917542 0.0725044980645180 0.1970777213573456
vn 0.9859683319046078 -1.3211560709414223 6.0217591145237197
v -0.3932516872882843 0.0425788126885891 0.1917553544044495
vn -0.6326799758718307 0.5096272458303208 6.2099862359399420
v -0.3944567441940308 0.2420164644718170 0.1958726793527603
vn -0.7886119193548105 0.6750613925136946 6.1950894990406420
v -0.3827073872089386 0.2761598527431488 0.1951696872711182
vn -0.4781840213928671 1.0556311513529759 6.1721604729207131
v -0.3638280928134918 0.3020686805248260 0.1935629397630692
vn -0.3931469069871399 1.4275299558304237 6.0955837009520906
v -0.3849166631698608 0.3269732594490051 0.1874372214078903
vn 1.3167747880533369 -1.7984659319801723 5.8405819839280291
v -0.3685479164123535 0.0501104444265366 0.1888431161642075
vn -0.2988674895065138 1.6752539344589796 6.0334883617623793
v -0.3662382364273071 0.3342036306858063 0.1868347078561783
vn 0.9329571339426397 -1.6504093333815288 5.9628142754175633
v -0.3570998311042786 0.0742116719484329 0.1933621019124985
vn -0.2508653101365709 1.4617597032947462 6.0980812021960373
v -0.3450492322444916 0.3193412423133850 0.1913536936044693
vn -0.3169086788222062 1.1218587381175988 6.1698003847761438
v -0.3380196988582611 0.2985539138317108 0.1959730833768845
vn -0.0831500166201597 1.3541245746270802 6.1306931510346203
v -0.3191404044628143 0.3078931272029877 0.1946675926446915
vn 0.1187421585431048 1.9891625031249407 5.9348972642683337
v -0.3191404044628143 0.3337015211582184 0.1880397647619247
vn 2.7632491154881880 -2.9734294593392332 4.6238935076249810
v -0.3118095993995667 0.0711990147829056 0.1794034987688065
vn 0.1103227739928990 1.7391334134139176 6.0160238968444180
v -0.3003615438938141 0.3169310986995697 0.1926591545343399
vn 2.1717058474336692 -2.6150018358135938 4.8797741005402226
v -0.2979514002799988 0.1007230207324028 0.1919562071561813
vn 0.3488974995121063 1.4994198899245657 6.0506526908335285
v -0.2814822196960449 0.3078931272029877 0.1949688792228699
vn 0.1441445247019384 2.4811614764873076 5.7153007750304212
v -0.2814822196960449 0.3275758028030396 0.1884414553642273
vn 0.8402555494959426 2.2619673898194961 5.7584236911885434
v -0.2576822638511658 0.3241614699363708 0.1872363686561584
vn 2.8803409532050273 -1.8041599200418745 5.1625614779433571
v -0.2628037929534912 0.1459128260612488 0.1914540976285934
vn 2.8668704491049137 -1.6213578059588150 5.2859849271802819
v -0.2508535981178284 0.1655954867601395 0.1905502974987030
vn 0.8796839692310201 1.3861091985730163 6.0446959836901453
v -0.2436232119798660 0.3007631897926331 0.1921570450067520
vn 2.7330309856080124 -1.1303031652248794 5.5215899027829538
v -0.2413135170936584 0.1856798529624939 0.1904498934745789
vn 1.5183840282708838 0.4923397499753440 6.0133496439936414
v -0.2320747077465057 0.2831893861293793 0.1931612789630890
vn 2.3854015090970870 -0.3768572841216313 5.7856683778966982
v -0.2283591181039810 0.2496485114097595 0.1904498934745789
vn 1.1567318730743072 1.8265701315559559 5.8282809280675512
v -0.2216308563947678 0.3141193091869354 0.1851275265216827
vn 3.0066987254866180 -0.6156080376238893 5.4636242041919312
v -0.2172123044729233 0.2135970890522003 0.1823157221078873
vn 1.5760699143982566 -0.2075821290570151 6.0465209557478525
v -0.2083751857280731 0.2810805439949036 0.1858304738998413
vn -3.5452826041661289 -0.6167487432751965 4.8384927474101680
v 0.2057642191648483 -0.0769230946898460 0.1873368173837662
vn -2.8947481673518798 0.6778327865553567 5.3571284323761121
v 0.2126933187246323 -0.0440851785242558 0.1900482028722763
vn -3.1945111633060157 -0.9024211236078017 5.0436681340771967
v 0.2174131423234940 -0.0964049175381660 0.1918557882308960
vn -3.7314101205226127 1.2726759906431744 4.6590460444119577
v 0.2111869901418686 -0.0177746731787920 0.1836211830377579
vn -3.2094723902602569 0.8223056497007568 5.1983975382527614
v 0.2236392945051193 0.0016067296965048 0.1876380741596222
vn -3.1403185540099425 -0.6641035150870409 5.1527697876685101
v 0.2262502610683441 -0.1249247044324875 0.1922574937343597
vn -2.9093973679330265 -0.5415748173482441 5.4067261322707934
v 0.2346856743097305 -0.1546495407819748 0.1932616978883743
vn -3.2799841018126656 0.6820734212259815 5.3121080823534479
v 0.2388029843568802 0.0915846377611160 0.1843241602182388
vn -3.4339652629089379 0.4585044190684290 5.2230187323772874
v 0.2356898933649063 0.0725044980645180 0.1851275265216827
vn -3.6927534957904160 0.4461437166392341 5.0501658979004507
v 0.2244426608085632 0.0549306906759739 0.1783992499113083
vn -2.8061383754455864 0.4792556074440254 5.5157386642709341
v 0.2382004410028458 0.0228961464017630 0.1930608451366425
vn -2.9697215457682127 -0.5090929653517179 5.2901866816038643
v 0.2387025654315948 -0.1779474020004272 0.1937637925148010
vn -3.3462244883904955 -0.5737207144768076 4.9008835957658041
v 0.2370958030223846 -0.2005423009395599 0.1910524070262909
vn -4.2959413271388804 -0.7349788074905197 3.8714199137838827
v 0.2344848364591599 -0.2193211764097214 0.1862321645021439
vn -3.6580989457836921 -0.9641395746063519 4.6488975387432578
v 0.2408114075660706 -0.2374975234270096 0.1893452554941177
vn -4.6514995609385110 -0.5653414764289169 3.1185903996979532
v 0.2443261742591858 -0.2828881442546844 0.1861317604780197
vn -3.5944052018573647 -0.5739012243913290 4.7743881704395150
v 0.2551717162132263 -0.3035750389099121 0.1926591545343399
vn -0.8979691044359082 0.3325820926036239 6.2047100265355652
v 0.2741514444351196 0.2137979418039322 0.1912532448768616
vn -1.3162877764824381 -0.0851815317787145 6.1386834352724557
v 0.2551717162132263 0.1936131715774536 0.1879393160343170
vn -1.1477802807309929 0.4182820524851467 6.1532749689490727
v 0.2810805737972260 0.1872865855693817 0.1940650790929794
vn -1.8302279618383119 0.3081719998808591 5.9993741700346144
v 0.2648122310638428 0.1642900109291077 0.1906507164239883
vn -2.2751603246647658 0.4546502933710497 5.8294103530978170
v 0.2621008157730103 0.1378790736198425 0.1919562071561813
vn -3.6818179334967995 -0.1605597068289357 4.5669411553610439
v 0.2556738257408142 -0.3252661526203156 0.1917553544044495
vn -4.5485942873787710 -0.5366696758869915 3.2512679328580667
v 0.2499497979879379 -0.3511749505996704 0.1854287832975388
vn -3.7387705060213201 -0.8308223564641016 3.8598265705412800
v 0.2569793164730072 -0.3770837783813477 0.1904498934745789
vn -4.7409445806872812 -1.3828281034429328 2.0051529829468420
v 0.2563767731189728 -0.3970677256584167 0.1817131936550140
vn -4.9444050941536766 -1.6745385765141940 2.3104764634880244
v 0.2647117972373962 -0.4173529148101807 0.1826169788837433
vn -0.5529127507013443 0.7796663402580621 6.2028801873468655
v 0.2755573391914368 0.2334806174039841 0.1898473501205444
vn -0.4931789406505892 0.7702191559087799 6.2055672006831699
v 0.3040771186351776 0.2137979418039322 0.1947680264711380
vn -0.1984030340826682 1.2763769243906700 6.1398816749234912
v 0.2999598383903503 0.2479413449764252 0.1889435499906540
vn 2.6767395109248362 -0.6528245710722836 5.4713157654784697
v 0.3029724955558777 -0.1252259761095047 0.1922574937343597
vn 3.6723598734006204 -0.4130334286149280 4.8150613573353800
v 0.3098011612892151 -0.1440048366785049 0.1860313266515732
vn 3.8298348324379812 -0.0490435019000290 4.5873440768205214
v 0.3108054101467133 -0.1644908785820007 0.1853283792734146
vn 3.8397682888073126 -0.2760174833852346 4.6834475405322555
v 0.3093994855880737 -0.1840731352567673 0.1855292171239853
vn 3.2045523399331692 0.1711448443757869 5.2742838654162085
v 0.3020686805248260 -0.2287608087062836 0.1912532448768616
vn 3.3844465724006856 0.0675370992743841 5.1242049513659573
v 0.3021691143512726 -0.2567785084247589 0.1916549503803253
vn -5.7719829505540323 -1.3178120796905217 1.1802894503863484
v 0.2860012054443359 -0.4852380156517029 0.1782988458871841
vn -0.0392788346591587 1.3705300741063233 6.1209379980299605
v 0.3199437856674194 0.2434223592281342 0.1903494596481323
vn 3.2673191107437853 -1.0446451116907158 5.2241558143883076
v 0.3133159279823303 -0.0842538848519325 0.1897469162940979
vn 3.7221503463258410 -0.5813267357118480 4.9557894866566334
v 0.3137176036834717 -0.1063466817140579 0.1864330172538757
vn 3.2163723922868348 0.7728587524339628 5.0205005408542354
v 0.3088973760604858 -0.3075919151306152 0.1932616978883743
vn 2.8149101957022955 -1.7881021107417410 5.2965083459370383
v 0.3337015509605408 -0.0477003604173660 0.1872363686561584
vn 5.0127284532030840 -0.0698543783635653 3.2190599438354797
v 0.3196425139904022 -0.3229564428329468 0.1844245791435242
vn -1.3356910116559817 -5.9770526994772961 0.7196364015974646
v 0.3316931128501892 -0.5445872545242310 0.1805081367492676
vn 5.1473089656339095 1.1691901519516723 1.8317811123000010
v 0.3280779421329498 -0.3608154654502869 0.1823157221078873
vn 5.2759655377869024 0.8512766491011446 2.3314016438432534
v 0.3316931128501892 -0.3904398977756500 0.1834203749895096
vn 0.1667070858828109 1.3678321905569319 6.1068394788830807
v 0.3458525836467743 0.2255472987890244 0.1944667398929596
vn 0.3741730702629817 1.6731900437219427 6.0432772078731745
v 0.3436433076858521 0.2469371110200882 0.1885418593883514
vn 1.6715722735404694 -1.7694511677916778 5.7895319277840054
v 0.3552922308444977 -0.0074312305077910 0.1918557882308960
vn 1.9897118440282879 -2.2966023061756977 5.4835999385181786
v 0.3608154356479645 -0.0274151638150215 0.1833199262619019
vn 4.0949876399150593 4.2667801939969339 1.9887789643313891
v 0.3694517016410828 -0.4639486074447632 0.1773950457572937
vn 0.6190020983827300 1.7116966108041247 6.0106361784674753
v 0.3676441013813019 0.2326772361993790 0.1906507164239883
vn 0.6889033319423086 1.5089386210636093 6.0417495556176561
v 0.3775858581066132 0.2137979418039322 0.1950692832469940
vn 1.6502801533371256 -1.9878304912552895 5.7250901675181556
v 0.3835107386112213 0.0003012465604115 0.1865334212779999
vn 0.9759023848884846 1.6750477697816952 5.9743399281818057
v 0.3888331055641174 0.2361920028924942 0.1867342740297318
vn 1.1244594185890144 1.5392588928218160 5.9759712169491666
v 0.3963647484779358 0.2066679894924164 0.1938642263412476
vn 1.5664518118319914 -1.6082012326487733 5.8588156277824401
v 0.3977706432342529 0.0268125943839550 0.1912532448768616
vn 1.4685165556896207 -1.0746936664767133 6.0035359558391228
v 0.4058043956756592 0.0537256300449371 0.1953705400228500
vn 4.0156772916585117 4.2736841172299762 1.6714477277414825
v 0.4052018523216248 -0.4929704964160919 0.1797047406435013
vn 1.4875971481825312 1.3810060497058623 5.9220593928915370
v 0.4129343330860138 0.1937135905027390 0.1936633884906769
vn 1.5914893047567831 1.5214705267643209 5.8833884458681807
v 0.4177545905113220 0.2131954133510590 0.1865334212779999
vn 1.6732390748636798 -1.3748765485535033 5.8875095029051581
v 0.4272946417331696 0.0442859865725040 0.1876380741596222
vn 1.8525433813534025 1.0377407739601914 5.8715827494300585
v 0.4289014041423798 0.1772444099187851 0.1928599923849106
vn 5.1594010954762677 -1.9004526496703480 1.1104615070315249
v 0.4179553985595703 -0.5311307907104492 0.1823157221078873
vn 1.9439789233607807 1.4036001608220854 5.8037976852217810
v 0.4342237412929535 0.1953203380107880 0.1865334212779999
vn 4.8480104314380661 1.7918411120850757 1.6329443667042662
v 0.4184575378894806 -0.5090380311012268 0.1835207790136337
vn 2.0854985911901429 0.7303527605777054 5.8762949747178679
v 0.4478811025619507 0.1560554206371307 0.1884414553642273
vn 1.8587738390539974 0.1461914683485036 5.9568259234396166
v 0.4454709887504578 0.1290419697761536 0.1922574937343597
vn 1.8642819823142844 -0.6648493431309310 5.9480198153072594
v 0.4504920840263367 0.0831492096185684 0.1877385079860687
vn 2.0122391158671253 -0.3295370709027330 5.9382080501306955
v 0.4576219916343689 0.1043381989002228 0.1868347078561783
vn -4.8849686578635785 1.2614730489842416 3.2375127854947472
v -0.7230368256568909 -0.2321751713752747 0.1760895550251007
vn -5.0415749289386040 0.8491220534617384 3.2724572821651901
v -0.7288612127304077 -0.2569793462753296 0.1750853508710861
vn -5.4709399994285599 0.5786105033144304 2.6266921442292732
v -0.7347861528396606 -0.2793734073638916 0.1705663800239563
vn -5.4649363414960588 -1.2574423479952521 2.4008557962019865
v -0.7310705184936523 -0.3655352890491486 0.1736794561147690
vn -3.9882136548921303 -3.7040814557206900 1.4850784809988260
v -0.7234384417533875 -0.3914440870285034 0.1671520322561264
vn -5.0861201935537199 1.6013904768053211 2.5254976416628110
v -0.7159067988395691 -0.1949186921119690 0.1711688935756683
vn -4.6588616106333234 1.6764552437576221 3.3030072737541341
v -0.7059651017189026 -0.1726250499486923 0.1757883131504059
vn -3.3834643481759765 2.5534000074582570 3.9244571936758517
v -0.6864832639694214 -0.1310504376888275 0.1767925173044205
vn 5.3710981106945930 -0.9624245984417075 2.6723419051778761
v -0.6788511872291565 -0.2756577730178833 0.1720726788043976
vn 5.7210730224584783 0.8324355520073921 1.9515529593521088
v -0.6789516210556030 -0.2981522381305695 0.1697629839181900
vn 4.8937147136640018 2.2230469828745911 3.1647590765251348
v -0.6812613010406494 -0.3143201768398285 0.1802068501710892
vn -1.7112799089526938 2.9191747006938438 5.2367125295665371
v -0.6617794632911682 -0.1202048882842064 0.1804077029228210
vn 4.6358071775411984 -2.2107012729904492 2.9383741843494340
v -0.6632857918739319 -0.2282587140798569 0.1734786182641983
vn 4.6109771865490359 3.9306761075638765 1.1198926848100308
v -0.6658967733383179 -0.3319944143295288 0.1663486510515213
vn -1.3417367414596539 3.2845430895640129 5.1547340169275495
v -0.6391845941543579 -0.1060454174876213 0.1778971552848816
vn 3.7390089084164231 -3.5658428065382681 2.9473180124772771
v -0.6303474903106689 -0.1814621686935425 0.1759891510009766
vn 5.5366370603784612 -0.5430008654694217 1.5369920207200798
v -0.6253263354301453 -0.3918457925319672 0.1720726788043976
vn -1.3880382650115515 2.9200914057215392 5.3764135451770514
v -0.6141795516014099 -0.0919863581657410 0.1749849170446396
vn 3.8992104103235832 -4.1537939788264202 1.6298320543904723
v -0.6089576482772827 -0.1636875122785568 0.1687587797641754
vn -1.4485660558120419 2.5540978530343779 5.5388093298723637
v -0.5956015586853027 -0.0829484090209007 0.1745832562446594
vn -1.2948486880321670 2.3436475797571417 5.6655648269951548
v -0.5690901875495911 -0.0807391256093979 0.1818135976791382
vn -0.4285041450305344 0.8466076141916821 5.9725834276913377
v -0.5512151122093201 -0.0869652777910233 0.1879393160343170
vn 1.9053567556775601 -2.9778154139541817 4.2752124971089778
v -0.5522193312644958 -0.1157863289117813 0.1844245791435242
vn -1.4949472637041503 2.0820605663972218 5.6966576033684078
v -0.5605543255805969 -0.0557341054081917 0.1720726788043976
vn -1.5389679349363889 1.6541730456118167 5.8157570661970590
v -0.5299257040023804 -0.0548303090035915 0.1828178316354752
vn 1.0294139289210240 -1.4473940577378066 5.5552714321952159
v -0.5275155901908875 -0.0871661156415939 0.1870355606079102
vn 2.8200631066729231 -4.3606763197915663 2.6613590890103405
v -0.5275155901908875 -0.1116690337657928 0.1703655272722244
vn -0.2824758407890458 0.0090496636219373 6.0103305212376741
v -0.5110464096069336 -0.0634665787220001 0.1888431161642075
vn -3.0084647460361076 1.2877350410315447 5.3209085097722220
v -0.5230970382690430 0.2537657916545868 0.1748845130205154
vn -3.1891493569621221 0.8630178782366602 5.2426906828806494
v -0.5344446897506714 0.2328780740499496 0.1733781695365906
vn -2.4596351930121529 -0.1671091368193727 5.7392201736833446
v -0.5196826457977295 0.2055633515119553 0.1818135976791382
vn -1.3754374743917190 1.2884832851046066 5.9319799879128539
v -0.4991966485977173 -0.0357501693069935 0.1852279603481293
vn -1.7695656886434583 1.9618003387969360 5.6501754065054568
v -0.5169712901115417 -0.0330387838184834 0.1774954646825790
vn 1.8011718558440037 -3.0240984939147282 4.6698651648149925
v -0.5018076300621033 -0.0829484090209007 0.1829182356595993
vn -2.8697211770387039 1.5383291432037260 5.3232620285887773
v -0.5141595005989075 0.2762602865695953 0.1740811169147491
vn -2.1598039972790932 -0.5932553737779700 5.8606134623924611
v -0.5162683725357056 0.1781482100486755 0.1808093935251236
vn -2.2190578209880178 -0.8239269907558101 5.8050504196902395
v -0.5170717239379883 0.1577625870704651 0.1780980080366135
vn -1.6907901862256645 -0.8595931365332270 5.9819683474284089
v -0.4980919957160950 0.1572604775428772 0.1841233223676682
vn -2.3193707400164225 -0.8562865054551326 5.7560565286755194
v -0.5211889743804932 0.1348664164543152 0.1730769127607346
vn -1.8823326986311553 1.3306441787047918 5.8359983662675265
v -0.5075316429138184 -0.0144607536494732 0.1759891510009766
vn -2.0564428323352497 1.3583697646197623 5.7614643393168281
v -0.4958827197551727 0.2777666151523590 0.1813114881515503
vn -1.6227484592680672 -0.8763314422800318 6.0038131231830745
v -0.4897569715976715 0.1385820358991623 0.1834203749895096
vn -2.2166099078041870 1.8251944267839926 5.5561579858604810
v -0.4884515106678009 0.3088973760604858 0.1757883131504059
vn -1.8428375925480820 -0.8029514058355551 5.9425951748756907
v -0.4981924295425415 0.1202048510313034 0.1786001026630402
vn -1.5211941514989444 -0.7712079321417695 6.0463284873431542
v -0.4744929075241089 0.1172926127910614 0.1842237263917923
vn -1.6517139874234812 -0.6604234339754194 6.0234412913437625
v -0.4867443740367889 0.0946977138519287 0.1778971552848816
vn -1.9874331209745686 1.2889955218116687 5.8189482795990850
v -0.4840329587459564 -0.0014059235109016 0.1813114881515503
vn 2.5779503789060465 -3.5318884682263270 4.1246377058097234
v -0.4808194637298584 -0.0767222568392754 0.1759891510009766
vn -1.3345748616210873 1.5569204745920016 5.9136201622641540
v -0.4625427126884460 0.3149226605892181 0.1820144355297089
vn 2.6641785869754475 -3.5085439407901124 4.1779521139774847
v -0.4578228890895844 -0.0608556158840656 0.1737798601388931
vn -1.7184666596939555 -0.7100398950158637 5.9998192021488608
v -0.4603334367275238 0.0913837999105453 0.1846254169940948
vn -1.7882401596619857 -0.2459036945503971 5.9950529039685838
v -0.4627435207366943 0.0725044980645180 0.1819140315055847
vn -1.9655521186996983 0.1171094671806027 5.9567223826559186
v -0.4697730839252472 0.0442859865725040 0.1799055933952332
vn -2.0082120970708979 0.9005596165687438 5.8645301131308791
v -0.4801165163516998 0.0182767435908318 0.1780980080366135
vn -0.7933381902323395 1.4695463759802847 6.0328778097261822
v -0.4380397796630859 0.3220526278018951 0.1844245791435242
vn -1.5913554211261549 2.1113363366685154 5.6473708009266410
v -0.4614380598068237 0.3365133702754974 0.1757883131504059
vn -0.7822720750745183 2.0418809764741863 5.8746483847244866
v -0.4248845279216766 0.3451496362686157 0.1792026460170746
vn 2.6896326750639283 -2.8833591822342419 4.7302832283107747
v -0.4208676815032959 -0.0235991347581148 0.1767925173044205
vn -0.4591719098105931 1.4019733167763957 6.0864085327043576
v -0.4109259247779846 0.3267724514007568 0.1860313266515732
vn -0.4244084598258445 2.2177252266786835 5.8415599863704006
v -0.4039967954158783 0.3525808155536652 0.1787005364894867
vn 2.5455543806968084 -3.3243793827483352 4.4747623279740827
v -0.4039967954158783 -0.0121510531753302 0.1754870563745499
vn 2.2208792893081601 -2.3486622884068598 5.3548864886876286
v -0.3919461965560913 0.0111467977985740 0.1813114881515503
vn -0.3321710005029519 2.3695556927266748 5.7847498726627720
v -0.3827073872089386 0.3556939065456390 0.1788009554147720
vn 1.8968757173410560 -2.4664332478096216 5.4135370880686180
v -0.3761799633502960 0.0252058468759060 0.1816127747297287
vn -0.1101803923449101 2.4404109402643730 5.7689419667595052
v -0.3615184128284454 0.3538863062858582 0.1803072839975357
vn 2.3825968325193614 -3.0005979983859774 4.8534420976031480
v -0.3473589122295380 0.0353484451770782 0.1761900037527084
vn -0.0161150273944214 2.2839159357298175 5.8281048388258947
v -0.3426390886306763 0.3473588824272156 0.1832195222377777
vn 2.2394398986788882 -2.5481382440665636 5.1181502860761974
v -0.3306889235973358 0.0564370192587376 0.1807089745998383
vn 0.2991574878229923 2.7415213509021581 5.6302242022331122
v -0.3191404044628143 0.3558947443962097 0.1788009554147720
vn 0.5146710967893021 2.5263184853358998 5.7091173717357986
v -0.3003615438938141 0.3480618596076965 0.1812110841274261
vn 3.6935749562147544 -3.4226112681109191 3.3639403847173890
v -0.2891142964363098 0.0860614404082298 0.1743824034929276
vn 0.8668123820893638 2.8324711901754331 5.5155846240601756
v -0.2732476592063904 0.3483631312847137 0.1779975891113281
vn 4.3528083895869916 -3.7169481784135230 2.1048436284579846
v -0.2708375155925751 0.1008234396576881 0.1644406467676163
vn 3.1760509818310831 -3.5124546868419446 3.6881665754487409
v -0.2679253220558167 0.1162883937358856 0.1792026460170746
vn 3.7803785522401361 -2.7919624354488670 3.9826152290634034
v -0.2507531940937042 0.1359710693359375 0.1774954646825790
vn 1.0685561343956365 3.0334950857482483 5.3778935490073394
v -0.2333801984786987 0.3405302166938782 0.1746836602687836
vn 2.6195791319471828 -2.4515262863399334 5.0670790134280299
v -0.2257481366395950 0.1605743914842606 0.1744828224182129
vn 3.0915167016000176 -1.1500209989834067 5.3210493293363426
v -0.2064671665430069 0.1893954426050186 0.1724743694067001
vn 2.3179955203432763 -1.1705508100850355 5.6944636197126606
v -0.2059650570154190 0.2613978683948517 0.1814119368791580
vn 2.8564126150291456 -0.8052328248984295 5.5286100340546520
v -0.2055633664131165 0.2420164644718170 0.1779975891113281
vn 0.8025100412892936 0.9438449356915156 6.0768070279928903
v -0.1967262625694275 0.3031733036041260 0.1833199262619019
vn 1.0384761246466010 2.8534377712690033 5.4758926953958875
v -0.2060654908418655 0.3290821313858032 0.1751857697963715
vn 0.6128974938558761 2.8860501793587341 5.5036601172177946
v -0.1776461154222488 0.3252661228179932 0.1735790222883224
vn 1.2353769775505636 -1.4113093660428166 5.9194744597432463
v -0.1780478060245514 0.2797750532627106 0.1794034987688065
vn 0.7435605785760846 0.8575551592956672 5.8980622559035991
v -0.1699136495590210 0.3057842850685120 0.1812110841274261
vn 1.0202566104273385 -1.6301636819349690 5.9415520590744206
v -0.1468166410923004 0.2787708342075348 0.1728760749101639
vn 0.9873995632711245 0.9948847768551037 5.8282924089269699
v -0.1494276076555252 0.3080939948558807 0.1776963025331497
vn -0.5396262668412182 0.4172825223663051 6.2280927539990572
v 0.0010042123030871 0.2302671074867249 0.1816127747297287
vn -0.5007186626062829 0.9768105755250895 6.1723755084611067
v 0.0032134912908077 0.2514561116695404 0.1793030500411987
vn -0.9399015373182809 0.5496841567403845 6.1711643667799176
v -0.0233982801437378 0.2369953691959381 0.1780980080366135
vn -0.9173953696370147 0.0423043698864564 6.2071084394629361
v -0.0211890023201704 0.2033540755510330 0.1796043366193771
vn -0.5528269959180888 -0.1192605375629831 6.2514082959295258
v 0.0010042123030871 0.1949186474084854 0.1820144355297089
vn -0.8217581507293372 -0.5121770839228369 6.1752396172028652
v -0.0179755017161369 0.1736292243003845 0.1795039027929306
vn -0.5305497784005808 -0.7638567958574946 6.2077977660843748
v -0.0024101296439767 0.1576621681451797 0.1790017932653427
vn -0.1366138368937568 0.3802766197603558 6.2554373531079488
v 0.0232978463172913 0.2278569936752319 0.1829182356595993
vn -0.1624477509418332 0.0702812585890408 6.2747372941172221
v 0.0221932064741850 0.2066679894924164 0.1833199262619019
vn -0.2258165782881460 -0.3097904979343330 6.2467686123184247
v 0.0197830833494663 0.1854790002107620 0.1833199262619019
vn -0.1795009557222570 -0.7330277219997041 6.2302546102222056
v 0.0197830833494663 0.1645912826061249 0.1812110841274261
vn -0.1201981909698684 0.9209693929366047 6.2061868535189735
v 0.0286202002316713 0.2513556778430939 0.1804077029228210
vn 0.0841929139688539 0.5264031735317390 6.2507295813646531
v 0.0481020249426365 0.2372966259717941 0.1821148842573166
vn 0.1625318141745689 -0.0495708272490098 6.2771184347529427
v 0.0456919036805630 0.2008435428142548 0.1831190884113312
vn 0.1587198095257865 -0.4556934962587985 6.2589162024223848
v 0.0456919036805630 0.1761397719383240 0.1822152882814407
vn 0.0337527170459199 -0.7566897794555369 6.2372155920981367
v 0.0386623777449131 0.1578630059957504 0.1802068501710892
vn 0.1083497138412889 1.2534388632428906 6.1410242215957407
v 0.0506125688552856 0.2609961628913879 0.1788009554147720
vn 0.1852714961973921 -0.6194066684741284 6.2450485458338711
v 0.0645711943507195 0.1580638587474823 0.1801064461469650
vn 0.1884441381880210 0.7149702043511006 6.2289739983268806
v 0.0716007202863693 0.2430206835269928 0.1810102313756943
vn 0.1864999286293409 0.1817419263570286 6.2747371551503530
v 0.0668808966875076 0.2231371551752090 0.1823157221078873
vn 0.2902277112859104 -0.3206274048011191 6.2675064665319793
v 0.0668808966875076 0.1808595955371857 0.1815123409032822
vn 0.2701140196614249 -0.1180547107267147 6.2742999740657250
v 0.0763205364346504 0.2043582946062088 0.1820144355297089
vn 0.2389647767339829 0.2472141276213182 6.2698351864191224
v 0.0927897170186043 0.2278569936752319 0.1812110841274261
vn 0.3085642125159660 -0.3549598596582795 6.2650456551889144
v 0.0858606100082397 0.1779473572969437 0.1804077029228210
vn 0.2159198296131300 -0.6521396948243648 6.2425819043904536
v 0.0954006835818291 0.1475195735692978 0.1777967512607574
vn 0.1503307543212589 0.9150653189874320 6.2029627629803343
v 0.0940951928496361 0.2518577873706818 0.1792026460170746
vn 0.2600020506657124 -0.1112797810015388 6.2752777825370876
v 0.1068487688899040 0.2084755897521973 0.1807089745998383
vn 0.2547017566375932 -0.3297190562977418 6.2691112326949776
v 0.1070496067404747 0.1781482100486755 0.1794034987688065
vn 0.1218946052644400 0.3554702195991066 6.2660262343018065
v 0.1224141344428062 0.2353886067867279 0.1799055933952332
vn 0.1588244054735387 -0.2911958281137987 6.2739392152650435
v 0.1351676881313324 0.1914038807153702 0.1789013892412186
vn 0.0834222634592557 -0.1433786104994734 6.2799965362987074
v 0.1354689747095108 0.2108857035636902 0.1797047406435013
vn -0.0066752104316165 0.2969509817218676 6.2684296802105983
v 0.1421972364187241 0.2348865121603012 0.1799055933952332
vn -0.1122737271428643 -0.0318059323350109 6.2758513867835903
v 0.1610765308141708 0.2236392796039581 0.1802068501710892
vn -0.2536007088154420 1.0558393229889584 6.1683102128462224
v 0.1626832783222198 0.2711387574672699 0.1770938038825989
vn -0.4555008632437014 0.5387654054066835 6.2305587532432032
v 0.1911026239395142 0.2517573833465576 0.1811106503009796
vn -0.3536740803290553 0.0686118458087500 6.2642371418324023
v 0.1798553913831711 0.2349869310855865 0.1811106503009796
vn -0.2450999095482391 -0.4297106550618536 6.2627694185546989
v 0.1835709959268570 0.2092789560556412 0.1799055933952332
vn -0.4711341624551166 -0.2669931988030138 6.2549330430380845
v 0.1987346857786179 0.2231371551752090 0.1819140315055847
vn -0.5071489944846850 -0.5246983080615053 6.2365840724225778
v 0.2056637853384018 0.2005422711372375 0.1803072839975357
vn -4.7935193110964169 -0.4656876519535625 2.2181201939866919
v 0.1868849098682404 -0.0712994784116745 0.1710684746503830
vn -4.8429949088495556 0.9576805909781413 3.2728318098539315
v 0.1934123337268829 -0.0404699929058552 0.1737798601388931
vn -0.3811445721055526 1.0297701278662983 6.1795980240925577
v 0.2175135612487793 0.2617995440959930 0.1818135976791382
vn -0.5321743195036214 1.1270815097583198 6.1453357309236409
v 0.1986342668533325 0.2706366777420044 0.1791022121906281
vn -0.7636514693661165 -0.1335992046892801 6.2285334871001821
v 0.2292629033327103 0.2196224033832550 0.1846254169940948
vn -5.1821601412643812 -1.8073944271988487 1.0693774670533012
v 0.2034545093774796 -0.1137778908014297 0.1690600365400314
vn -0.4645514391101868 0.7905770607925634 6.2014548261172049
v 0.2393050789833069 0.2549708783626556 0.1842237263917923
vn -1.0240998632021987 -0.4836622687561928 6.1740087125025314
v 0.2281582802534103 0.1932114660739899 0.1823157221078873
vn -0.7966953528633902 -0.4694742283671076 6.2036261835480806
v 0.2186181992292404 0.1757380813360214 0.1795039027929306
vn -5.3001891516011961 -1.0520533288238216 1.5967620703399086
v 0.2096806466579437 -0.1344647705554962 0.1728760749101639
vn -5.1128685116402286 -0.9947154105611227 2.1777115822163147
v 0.2175135612487793 -0.1654950976371765 0.1767925173044205
vn -0.2761413608225683 1.7319886180945705 6.0145683901740998
v 0.2304679751396179 0.2870054244995117 0.1771942079067230
vn -4.2934578785556958 0.8479236011684637 4.4328902931369472
v 0.2151034325361252 0.0255071111023426 0.1759891510009766
vn -5.3968629490505240 -1.1669389303727069 1.3963504213969933
v 0.2228359133005142 -0.2005423009395599 0.1729764789342880
vn -0.7679471799073093 0.3935541418777840 6.2110163347354366
v 0.2504518926143646 0.2325768172740936 0.1873368173837662
vn -1.6442742827904673 -0.1940475012447855 6.0384565350542765
v 0.2411126792430878 0.1641895771026611 0.1830186694860458
vn -5.2445269252524520 -1.0765350275526371 1.2341016422324533
v 0.2327776700258255 -0.2494477182626724 0.1749849170446396
vn -0.2836491261114398 1.4259691129218537 6.1037952079251649
v 0.2551717162132263 0.2721429765224457 0.1820144355297089
vn -2.1342276706865242 -0.2333466040741867 5.8832704134076463
v 0.2369953840970993 0.1384816020727158 0.1808093935251236
vn -2.8190726059776341 0.1789941095600713 5.5936563346462487
v 0.2372966408729553 0.1172926127910614 0.1808093935251236
vn -5.3667894086702308 -0.6414046353662378 -0.2842486216686260
v 0.2429202646017075 -0.3165294528007507 0.1694617271423340
vn -5.4238233633104880 -0.3969811056435922 -0.3006909386192935
v 0.2449287027120590 -0.3370154798030853 0.1722735315561295
vn -5.2335776890007253 -0.8357999631617932 -1.5465013036927879
v 0.2493472695350647 -0.3665394783020020 0.1667503416538239
vn -0.3146344012871367 1.1619524422449508 6.1583124889155689
v 0.2716408967971802 0.2561759352684021 0.1860313266515732
vn -0.1584551165943802 1.5363564463636501 6.0898562115187156
v 0.2740510106086731 0.2792729437351227 0.1806085407733917
vn -5.4928647181767278 -1.9002288835079302 0.8493112892207346
v 0.2689294815063477 -0.4349267184734344 0.1754870563745499
vn -5.5961784224128825 -1.8793626530129723 0.7134039400192369
v 0.2770636677742004 -0.4573207795619965 0.1749849170446396
vn -0.1085294494986589 1.4785301490850491 6.1055718535372474
v 0.2928298711776733 0.2702349722385406 0.1832195222377777
vn -0.1430006010764152 1.5981565034630523 6.0722754284912250
v 0.2932315766811371 0.2892147004604340 0.1787005364894867
vn -5.0155105940137705 -2.0944865220431659 0.2371107943482641
v 0.2902188897132874 -0.5206868648529053 0.1750853508710861
vn -2.9344410229409070 -5.0408815628131070 -0.3712503703435719
v 0.3094999194145203 -0.5390641093254089 0.1668507456779480
vn 0.1029043232146591 1.5372212054107321 6.0833302099422166
v 0.3205462992191315 0.2915243804454803 0.1784996986389160
vn 0.1302934176600825 1.4965682381944976 6.0995684198344042
v 0.3199437856674194 0.2702349722385406 0.1833199262619019
vn 4.9408547715037781 -0.7560166352125208 3.4912552027414252
v 0.3220526278018951 -0.1252259761095047 0.1762904077768326
vn 5.3424579831141088 -0.0379732580394477 1.6387311988779720
v 0.3201446235179901 -0.2008435726165771 0.1714701652526855
vn 4.5906907996301918 0.3755088435856257 3.7920218027149573
v 0.3163285851478577 -0.2193211764097214 0.1797047406435013
vn 5.2769431096393546 -0.2318945519480038 2.5882985925521664
v 0.3179353177547455 -0.2501506805419922 0.1762904077768326
vn 5.4617565917699924 0.3881010882996304 2.0637645265826117
v 0.3196425139904022 -0.2711387872695923 0.1730769127607346
vn 5.1731481729767825 0.8529250808679778 2.6816541533098777
v 0.3200441896915436 -0.2946375012397766 0.1782988458871841
vn 4.3359859786315695 -1.9924577934604659 3.9882301073705575
v 0.3302872180938721 -0.0827475562691689 0.1753866076469421
vn 5.6766895271097049 0.2151440335516475 0.1570054106799469
v 0.3258686661720276 -0.3364129662513733 0.1691604703664780
vn 0.4089383027379747 1.4730881749111022 6.0932315743711456
v 0.3480618596076965 0.2728459537029266 0.1812110841274261
vn 5.5788174822120515 1.9693321553975009 1.8120267259423559
v 0.3383209407329559 -0.4172524809837341 0.1738802790641785
vn 4.7865705530259710 3.4259598886594747 1.9556137852088515
v 0.3510745167732239 -0.4409520328044891 0.1738802790641785
vn 0.6463844763521548 1.6407327069393702 6.0298152568923884
v 0.3693512976169586 0.2514561116695404 0.1849266737699509
vn 0.7589409918032682 1.4924155655621869 6.0525358105281377
v 0.3755774199962616 0.2701345682144165 0.1796043366193771
vn 1.8372660655800925 -2.4931906654167797 5.4519476864088885
v 0.3935529291629791 -0.0148624423891306 0.1776963025331497
vn 3.7782649830400814 4.8544963269770900 1.1371443889899071
v 0.3896364569664001 -0.4792127311229706 0.1708676367998123
vn 1.0654437258957612 1.6269728705913673 5.9663929857299616
v 0.3962643146514893 0.2555733919143677 0.1805081367492676
vn 1.3899630743279907 1.5174315960119404 5.9345458524313255
v 0.4174533188343048 0.2330789119005203 0.1818135976791382
vn 1.6830648645103550 -1.9612964766898260 5.7234356218058853
v 0.4116288423538208 0.0113476421684027 0.1823157221078873
vn 3.0573572643043603 -5.2244285390773078 0.7083909188236583
v 0.4048001468181610 -0.5447881221771240 0.1748845130205154
vn 1.4017035497749402 1.6003399768573012 5.9108776678489665
v 0.4198634326457977 0.2582847774028778 0.1744828224182129
vn 1.7594507463701488 -2.0413968179813784 5.6659740286258957
v 0.4343241751194000 0.0159670449793339 0.1771942079067230
vn 1.8042148671062150 1.3071999760147692 5.8680645747679847
v 0.4428600072860718 0.2163084894418716 0.1792026460170746
vn 1.8411940504001179 -1.8632406857870349 5.6859280177731897
v 0.4525005221366882 0.0262100640684366 0.1753866076469421
vn 2.0295308028218804 1.0418367747210564 5.8500326615302320
v 0.4529021978378296 0.1943161189556122 0.1797047406435013
vn 1.8029238731823769 -1.0903541682815121 5.9062171661181395
v 0.4529021978378296 0.0607551559805870 0.1836211830377579
vn 2.2530945152127169 0.5540036136475154 5.8284379019177557
v 0.4623418450355530 0.1407912969589233 0.1851275265216827
vn 2.2140183957408350 0.8381518269571099 5.8120653591053255
v 0.4719823300838470 0.1661980152130127 0.1782988458871841
vn 2.3934495559485991 0.5770544819263074 5.7764017268051351
v 0.4796144068241119 0.1478208452463150 0.1773950457572937
vn 2.3545166129396127 0.1116901699197788 5.8170697734524399
v 0.4740911722183228 0.1241212934255600 0.1812110841274261
vn 2.0488948252752235 -0.5672429176672144 5.9120293186915420
v 0.4788110256195068 0.0819441452622414 0.1774954646825790
vn 1.9395278119060053 -0.9389830552678069 5.8809696368190547
v 0.4717814922332764 0.0635669678449631 0.1780980080366135
vn 2.2067324209726187 -0.1729318217429121 5.8715189354645450
v 0.4814220070838928 0.1033339872956276 0.1782988458871841
vn -5.9851101821750206 -0.0448498781968734 0.9305794620388175
v -0.7409118413925171 -0.3135167956352234 0.1559047847986221
vn -5.9836429173241426 -0.4477603566890270 1.6548189010631111
v -0.7361920475959778 -0.3465555608272552 0.1635368466377258
vn -5.2001499515148630 1.8985691541123870 1.3523577587841846
v -0.7060655355453491 -0.1530428081750870 0.1630347520112991
vn -1.1832904419655426 -6.1375089055768557 0.0279471592054414
v -0.6863828301429749 -0.4053022861480713 0.1574111282825470
vn -2.7699837820930289 4.0494835032242094 2.1026644364519278
v -0.6683068871498108 -0.1009239032864571 0.1648423373699188
vn 5.2566477067231343 -1.8377211490422889 2.4693340936875763
v -0.6715204119682312 -0.2574814558029175 0.1676541417837143
vn -0.9484334929344580 -6.1577287617711933 -0.2865724459123224
v -0.6605744361877441 -0.4103234112262726 0.1649427562952042
vn -2.9860082359099982 4.1307610203351164 1.8530263971989873
v -0.6423980593681335 -0.0822454467415810 0.1587166190147400
vn 4.4447783181064597 -3.3505976231220078 -0.7548103681539200
v -0.6398875713348389 -0.2014460861682892 0.1541976332664490
vn 5.0185067000436172 2.4997387303168086 -0.4571830089700373
v -0.6265314221382141 -0.3678449690341949 0.1529925465583801
vn 3.6238332773641870 -4.7492518589401138 -0.5749622290025709
v -0.5930910110473633 -0.1508335322141647 0.1585157662630081
vn -1.4763949686737938 2.0198690669058856 5.7509770850455002
v -0.5834505558013916 -0.0591484420001507 0.1682566851377487
vn 2.9252587343241458 -5.2167010797748556 -0.0833034271010141
v -0.5732074975967407 -0.1383812278509140 0.1585157662630081
vn 2.7163282681911696 -5.3883288255955835 0.1090000854606453
v -0.5460935831069946 -0.1237196400761604 0.1573106795549393
vn -1.6292587539168539 1.6393384045796553 5.7963042415314039
v -0.5497087836265564 -0.0381602905690670 0.1693613231182098
vn -3.8155114812086053 0.1539677620578992 4.8621523286723107
v -0.5519180893898010 0.2055633515119553 0.1642397940158844
vn -2.9111910565233439 -0.3897626815053938 5.5104546087223421
v -0.5358506441116333 0.1856798529624939 0.1733781695365906
vn -1.5137940633545852 1.2416106818884078 5.9328452986297240
v -0.5351476073265076 -0.0181763600558043 0.1682566851377487
vn -2.8361314743902355 -0.7625133167937030 5.5287243709408367
v -0.5349467992782593 0.1667001247406006 0.1715705841779709
vn -3.1956811766599751 -0.7663038209424118 5.3264126865211718
v -0.5426793098449707 0.1477204114198685 0.1644406467676163
vn 2.7768969150992988 -4.8140165036087446 1.9365907600248975
v -0.5095400810241699 -0.1042378246784210 0.1626330614089966
vn -2.8464147532385575 1.8278533653820024 5.2606267644464522
v -0.5072304010391235 0.2996585667133331 0.1701646745204926
vn -2.3271529323961744 -0.7063707453427166 5.7783029623424129
v -0.5236995220184326 0.1108656227588654 0.1686583459377289
vn -1.9309380131451057 -0.4185631202304731 5.9606473543774152
v -0.5144607424736023 0.0910825282335281 0.1695621460676193
vn -1.5332641144675287 0.1954184197737058 6.0875196416274147
v -0.5171720981597900 0.0337416976690292 0.1675537377595901
vn -1.5237180523829845 0.7298309369118383 6.0457829064937689
v -0.5240008234977722 0.0081341452896595 0.1675537377595901
vn -1.6895624149795427 0.9108097512490340 5.9556724191491517
v -0.4980919957160950 0.0113476421684027 0.1734786182641983
vn -1.6093565435331321 -0.2503567100167479 6.0674155747166107
v -0.4975899159908295 0.0631652697920799 0.1728760749101639
vn -1.6907541124348897 0.1520287172184702 6.0077875189322949
v -0.4886523485183716 0.0348463356494904 0.1736794561147690
vn 3.0560443478278163 -4.9732920808130876 0.9869175169735437
v -0.4901586771011353 -0.0945973247289658 0.1564068943262100
vn -2.5339256182204921 2.7076982187891567 4.9811220035075321
v -0.4838321208953857 0.3431411981582642 0.1643402129411697
vn 3.2104810371391252 -4.8173761413372782 1.5746217944897469
v -0.4670616686344147 -0.0789315328001976 0.1589174270629883
vn -1.4785516877941949 2.6608302149466492 5.4359524544886275
v -0.4517975747585297 0.3540871441364288 0.1709680706262589
vn 3.0853688712558229 -3.7966668535851271 3.6565556188834645
v -0.4320144951343536 -0.0500100627541542 0.1655452847480774
vn -0.8958956243418781 2.6790167107802829 5.5815825822519027
v -0.4227756857872009 0.3639284968376160 0.1719722747802734
vn -0.5364403152572502 3.0514095715472980 5.4295795891865914
v -0.4036955535411835 0.3816027343273163 0.1653444468975067
vn -0.0730689360202582 2.9026203502980965 5.5641876331414561
v -0.3756778538227081 0.3749748766422272 0.1696625798940659
vn 2.8566547971401244 -3.8550547648030049 3.7098976832901167
v -0.3812010884284973 -0.0073308078572154 0.1654448509216309
vn 2.9941200977720834 -3.6815637530900913 3.9196604505717816
v -0.3578027784824371 0.0091383624821901 0.1631351560354233
vn 0.1912970988880592 3.1107320833599408 5.4399510250186367
v -0.3380196988582611 0.3748744726181030 0.1695621460676193
vn 3.8297875674557282 -3.7802472808552063 2.4548672870754409
v -0.3264711797237396 0.0362522415816784 0.1621309518814087
vn 0.6977126054702050 3.5345722987014909 5.0906115967993983
v -0.3049809336662292 0.3789917528629303 0.1649427562952042
vn 3.8532123399876217 -3.5618839654239776 2.8609330834272866
v -0.3103033006191254 0.0561357550323009 0.1667503416538239
vn 0.8177012816060030 3.2472274057894710 5.2774356838042200
v -0.2886121869087219 0.3667403161525726 0.1703655272722244
vn 3.8202661133214888 -4.5800083315675373 1.6687353975759118
v -0.2540670931339264 0.1148824915289879 0.1525908559560776
vn 1.2182607905637652 3.4269156985246174 5.0972460827853894
v -0.2427194267511368 0.3594095110893250 0.1652440130710602
vn 2.6786012147321197 -4.1209186391856942 3.7925455845448170
v -0.2318738996982574 0.1356697976589203 0.1594195663928986
vn 2.2379749936690865 -1.7522382378542227 5.5583414022619326
v -0.2037557661533356 0.1628840863704681 0.1630347520112991
vn 3.0516947507278145 -0.6925228214858987 5.4395614400069441
v -0.1968266814947128 0.2208274602890015 0.1702650934457779
vn 2.0361516432875724 -2.0312354247652049 5.5205172907522710
v -0.1873870342969894 0.2610965967178345 0.1737798601388931
vn 2.4322877950858759 -1.2957331154105101 5.5954049056498043
v -0.1870857775211334 0.2424181550741196 0.1683570891618729
vn 1.2856947591293235 -2.0439475504835531 5.7510827037337773
v -0.1683069020509720 0.2535649836063385 0.1655452847480774
vn 0.6122203051064826 3.1673140758272718 5.3503559111998946
v -0.1496284455060959 0.3337015211582184 0.1654448509216309
vn 1.0065666783203748 0.6287818589219909 5.9425527840235146
v -0.1272343844175339 0.3059851229190826 0.1738802790641785
vn 1.0339751369196206 -1.4560072401155120 5.9961468523549240
v -0.1180960163474083 0.2804780006408691 0.1682566851377487
vn 0.6151790813199135 0.8517572704444042 6.0166159959705920
v -0.0977103933691978 0.3104036748409271 0.1685579419136047
vn -1.7263987477774514 0.3094595967974429 6.0307729657732816
v -0.0724041089415550 0.2231371551752090 0.1673528850078583
vn -1.4076303785549595 0.6127547109761392 6.0673743076768272
v -0.0460935980081558 0.2397067695856094 0.1736794561147690
vn -1.4028727089149744 0.5991439455379863 6.0914981632600131
v -0.0627636164426804 0.2538662254810333 0.1672524511814117
vn -1.3420329948311065 0.2144033010816399 6.1289259831479885
v -0.0460935980081558 0.2161076366901398 0.1746836602687836
vn -1.7159385334184800 -0.0090032836442647 6.0204682056364396
v -0.0638682544231415 0.2043582946062088 0.1708676367998123
vn -1.3269263417716022 -0.1561611629383506 6.1287864433870149
v -0.0437839031219482 0.1949186474084854 0.1754870563745499
vn -1.6965868004757749 -0.4506877255728524 6.0275564165189675
v -0.0627636164426804 0.1805583238601685 0.1697629839181900
vn -1.1514489416608309 1.0167406602545039 6.0894365874895566
v -0.0459931790828705 0.2628037631511688 0.1697629839181900
vn -1.3303522394743221 -0.5342900050468739 6.1088594604345605
v -0.0366539545357227 0.1761397719383240 0.1759891510009766
vn -1.4694611598640901 -0.7678257018332498 6.0543307671870723
v -0.0521189086139202 0.1573609113693237 0.1702650934457779
vn -0.9871693483046414 1.1188695845365988 6.0899966984009453
v -0.0273147281259298 0.2561759352684021 0.1747840642929077
vn -0.7302243688706428 1.3891688836433178 6.0809572576246822
v -0.0268126185983419 0.2799758911132812 0.1693613231182098
vn -1.0525326474728007 -0.9590155546835135 6.1100651651190523
v -0.0236995425075293 0.1437035351991653 0.1743824034929276
vn -1.4056652258826350 -1.1581191662923556 6.0095735002040094
v -0.0517172217369080 0.1311508119106293 0.1661477982997894
vn -1.2159870193635181 -1.2675460569372350 6.0194120564817242
v -0.0319341272115707 0.1212090626358986 0.1688591986894608
vn -0.6543881008280794 1.5208737049224905 6.0486961389041829
v -0.0084354337304831 0.2702349722385406 0.1742819696664810
vn -0.3180566450219546 1.8762023198774100 5.9845019909631549
v 0.0012050555087626 0.2895159423351288 0.1692608892917633
vn -0.5730503522740725 -1.0874540774677544 6.1466122120955413
v -0.0008033803314902 0.1302470117807388 0.1752862036228180
vn -0.9050643721330357 -1.4235814048899080 6.0418041715502131
v -0.0103434491902590 0.1029323041439056 0.1683570891618729
vn -0.2352541257853416 1.5767012977474313 6.0499633386340346
v 0.0197830833494663 0.2702349722385406 0.1766920983791351
vn -0.1359340686569273 -0.9306123842060225 6.2097167564786382
v 0.0269130300730467 0.1384816020727158 0.1776963025331497
vn -0.3344118044824035 -1.1853001464965351 6.1578918135621539
v 0.0197830833494663 0.1105643510818481 0.1726752221584320
vn -0.0278039628046465 2.3859100581332928 5.7941694243305752
v 0.0274151396006346 0.2968467175960541 0.1677545458078384
vn -0.1046370201477351 -1.0397570347185012 6.1940642990371524
v 0.0397670157253742 0.1172926127910614 0.1744828224182129
vn -0.2006270216155064 -1.2950806639193388 6.1418293477918340
v 0.0374573171138763 0.0910825282335281 0.1695621460676193
vn 0.0353599003914274 1.9344779414645559 5.9702840882507680
v 0.0481020249426365 0.2816830575466156 0.1731773316860199
vn 0.0334581217565692 -0.8842601175251024 6.2188697623331270
v 0.0481020249426365 0.1384816020727158 0.1777967512607574
vn 0.0386053218768710 -1.0627451928630958 6.1863516576136917
v 0.0574412494897842 0.1101626679301262 0.1735790222883224
vn 0.0265283412489535 -1.5145150909677865 6.0859857151887766
v 0.0574412494897842 0.0814420357346535 0.1678549796342850
vn 0.1411077812548393 1.4471563272862769 6.1073778762232243
v 0.0716007202863693 0.2702349722385406 0.1759891510009766
vn 0.0049624454182501 2.0449325300811161 5.9315314153142706
v 0.0668808966875076 0.2882104516029358 0.1709680706262589
vn 0.1569452677146465 -0.8670403589277504 6.2198503163452576
v 0.0709981918334961 0.1372765451669693 0.1772946417331696
vn 0.1872506755160131 -1.0491963839899079 6.1906617845365055
v 0.0857601985335350 0.1115685701370239 0.1729764789342880
vn 0.1403968441928466 -1.2378456917732226 6.1505756922327928
v 0.0776260271668434 0.0910825282335281 0.1695621460676193
vn -0.0317437805458642 1.7661214032388810 6.0202881709616678
v 0.0966057330369949 0.2842940092086792 0.1719722747802734
vn -0.0298374592077625 1.1012342441234890 6.1769949868938561
v 0.1174934655427933 0.2655151486396790 0.1765916645526886
vn 0.1996518310695976 -0.9068151909895658 6.2108517422413101
v 0.1139787063002586 0.1290419697761536 0.1749849170446396
vn 0.3257695443655128 -1.2858509480975593 6.1346972368818236
v 0.1139787063002586 0.0999196469783783 0.1699638366699219
vn -0.1693391629948349 2.0077350311689091 5.9222797661464561
v 0.1283390223979950 0.2925285995006561 0.1704659312963486
vn 0.1969691338930677 -0.4971363205178300 6.2576833432729648
v 0.1292428076267242 0.1549507677555084 0.1773950457572937
vn -0.1867717236345115 1.0752016217544100 6.1761449837022022
v 0.1404900550842285 0.2691303193569183 0.1763908416032791
vn 0.2074803804080954 -0.9758808755050190 6.1974765491926682
v 0.1374773979187012 0.1290419697761536 0.1742819696664810
vn 0.3735590597867095 -1.4255934034916067 6.1027812576734544
v 0.1368748694658279 0.1019280850887299 0.1689596325159073
vn 0.1427033169876586 -0.3877378499768847 6.2692973471432367
v 0.1539465636014938 0.1702148914337158 0.1774954646825790
vn -0.2873919379833545 2.3595915652811219 5.7500791359746826
v 0.1516368687152863 0.2991564571857452 0.1694617271423340
vn 0.0156472420662054 -0.3834591629654771 6.2710288089654656
v 0.1681060492992401 0.1949186474084854 0.1787005364894867
vn 0.1860704189529739 -0.7691779187238299 6.2274957410497738
v 0.1610765308141708 0.1407912969589233 0.1750853508710861
vn 0.1735228605262362 -1.2573311869815720 6.1523931460262178
v 0.1707170009613037 0.1201044246554375 0.1710684746503830
vn -0.3053330898262980 2.1019742729117423 5.8558314550855020
v 0.1783490628004074 0.2939345240592957 0.1724743694067001
vn -0.1472807694105512 -0.4309284569112945 6.2617554231254227
v 0.1833701580762863 0.1772444099187851 0.1773950457572937
vn -0.0455393793049876 -0.5293720296938444 6.2585249636249580
v 0.1822655051946640 0.1572604775428772 0.1759891510009766
vn -0.0406789979607005 -0.8949205020088771 6.2140827071228237
v 0.1868849098682404 0.1384816020727158 0.1742819696664810
vn -0.4221927563842249 -1.2324985388772591 6.1319312599539204
v 0.1969271004199982 0.1114681512117386 0.1690600365400314
vn -4.7149974892395479 -2.3936868221019205 0.3232505324657867
v 0.1939144432544708 -0.0966057628393173 0.1638381034135818
vn -0.2980985708019713 1.9261174381775910 5.9428478814928765
v 0.2116890996694565 0.2914239764213562 0.1750853508710861
vn -0.4182200321666710 2.9602410966421897 5.5036163726435090
v 0.2098814994096756 0.3114079236984253 0.1662482470273972
vn -0.5537612343637002 -0.6780854415929398 6.2043494799222003
v 0.2104840427637100 0.1572604775428772 0.1767925173044205
vn -0.8815836823083979 -0.8281673782370440 6.1459700973150637
v 0.2152038514614105 0.1384816020727158 0.1752862036228180
vn -5.7511083183126459 0.4286120663700344 1.6387928553153119
v 0.1909017860889435 -0.0113476794213057 0.1507833003997803
vn -1.5034550549565775 -0.7138957949649583 5.9925107785700629
v 0.2178148180246353 0.1196023151278496 0.1726752221584320
vn -4.9861654963998676 0.8595570106978451 3.6951420868398244
v 0.2015465050935745 0.0064269751310349 0.1634364128112793
vn -4.4576796207570002 0.1767573852461528 4.3494428670905796
v 0.2063667327165604 0.0373568832874298 0.1626330614089966
vn -5.1675350250814152 0.0611121676092481 -1.3578278233811982
v 0.2179152369499207 -0.1816630065441132 0.1656457036733627
vn -0.2556529057854423 2.6714542990549206 5.6693300981714820
v 0.2363928407430649 0.3084956705570221 0.1691604703664780
vn -2.5409094123754730 -0.2516868415395485 5.5733144418194414
v 0.2167101800441742 0.0925888568162918 0.1693613231182098
vn -5.4896931501355635 -1.3839250852767930 -1.2928961114293671
v 0.2283591032028198 -0.2230367809534073 0.1601225137710571
vn -0.3523958299670019 2.2401218423865408 5.8430027372739266
v 0.2539666593074799 0.3009640574455261 0.1734786182641983
vn -5.2296518353789718 -1.2170439386817073 -2.0731824151213498
v 0.2381000220775604 -0.2664189636707306 0.1589174270629883
vn -5.1663075041763786 -0.8273799937280764 -2.4828938472425772
v 0.2435227930545807 -0.2863024771213531 0.1570094376802444
vn -0.3187023189415912 1.9835265499748433 5.9406746716254109
v 0.2756577730178833 0.2996585667133331 0.1751857697963715
vn -6.0381400192541674 -0.9676030634616082 -0.9098814841670499
v 0.2888129949569702 -0.4971882402896881 0.1599216610193253
vn -0.1347162832087100 1.9347348031918490 5.9701598498161328
v 0.3105041086673737 0.3098011612892151 0.1731773316860199
vn -0.3915820811018266 2.2038892689154030 5.8642510363698204
v 0.2928298711776733 0.3170315325260162 0.1699638366699219
vn 0.1279608295747191 1.9902853373525622 5.9338734581557455
v 0.3399277031421661 0.3242618739604950 0.1689596325159073
vn 5.3242835033299691 -0.9855127550417395 2.8473596542864761
v 0.3273749947547913 -0.1063466817140579 0.1720726788043976
vn 5.8382544343730638 -0.5475871542679034 1.3293275882634812
v 0.3261699080467224 -0.1452099084854126 0.1613275706768036
vn 5.5160212412313374 -0.7701972243716082 0.8868756169795048
v 0.3247640132904053 -0.1746334880590439 0.1638381034135818
vn 5.7164577629435351 0.0634375671891004 -0.2438817440778057
v 0.3227555751800537 -0.2287608087062836 0.1633360087871552
vn 5.6158614362289159 0.3239619673019165 -1.6997331918848344
v 0.3212492763996124 -0.2870054543018341 0.1588170230388641
vn 5.8940917067600349 0.3466761376551808 -0.5485203740888207
v 0.3240610659122467 -0.3135167956352234 0.1656457036733627
vn 0.5220888632102464 1.4951038100050553 6.0712472595668494
v 0.3588069975376129 0.2973488569259644 0.1751857697963715
vn 3.2087821346195855 -3.3912487918173944 4.1055979631566961
v 0.3566981256008148 -0.0631653144955635 0.1652440130710602
vn -0.8466609758038693 -6.1513537416579895 -0.6352963214579013
v 0.3552922308444977 -0.5480017066001892 0.1634364128112793
vn 0.8270235593078100 1.7552420551322472 5.9539445984318338
v 0.3772846162319183 0.3140188753604889 0.1689596325159073
vn 2.1352504694032315 -3.2057182845688148 4.8703184663604784
v 0.3797951340675354 -0.0389636680483818 0.1709680706262589
vn 0.4918935098044324 -5.8763565812788050 -0.8589582452680273
v 0.3877284526824951 -0.5510142445564270 0.1601225137710571
vn 1.1647381339949223 1.4466290350487259 5.9939109063242837
v 0.3969672620296478 0.2930307388305664 0.1708676367998123
vn 1.2086682857699282 1.4977871009632919 5.9788991916619825
v 0.4058043956756592 0.2747539579868317 0.1729764789342880
vn 1.8244925062480617 -2.5077590056803163 5.4428321658914118
v 0.4189596474170685 -0.0073308078572154 0.1730769127607346
vn 4.9198201623768512 1.4345300829667893 -1.2809348779528569
v 0.4202651381492615 -0.5087367296218872 0.1583149284124374
vn 4.9628507168688429 -1.3005923715265171 -1.3614512088928312
v 0.4202651381492615 -0.5288210511207581 0.1586161702871323
vn 1.8242103555833222 1.5540029871939902 5.7805400715342019
v 0.4422574937343597 0.2418156117200851 0.1736794561147690
vn 1.9012669089267544 1.6314654673145172 5.7583081901890978
v 0.4435629546642303 0.2608957588672638 0.1672524511814117
vn 1.9802933824254016 -2.8548988943470883 5.2045709334200660
v 0.4461739361286163 -0.0074312305077910 0.1631351560354233
vn 2.3468396958305515 1.5163802138442963 5.6216986671339253
v 0.4648523628711700 0.2295641601085663 0.1680558323860168
vn 2.0695940601241332 1.2939214782166526 5.7666045697500223
v 0.4623418450355530 0.2113878279924393 0.1740811169147491
vn 2.2846627077133279 0.9865951202036256 5.7509679729021119
v 0.4739907681941986 0.1868848949670792 0.1742819696664810
vn 2.1432823277438167 -1.6034311458989132 5.6703104235296946
v 0.4819240868091583 0.0399678461253643 0.1690600365400314
vn 2.8231059640661678 1.2630278533675865 5.4071500651359257
v 0.4885519146919250 0.2035549134016037 0.1649427562952042
vn 2.6776324884394169 0.9235021908825822 5.5944285459071939
v 0.4905603528022766 0.1667001247406006 0.1703655272722244
vn 2.2601903647376025 -1.0348439156242679 5.7464270525016801
v 0.4900582730770111 0.0631652697920799 0.1715705841779709
vn 2.7684989185507431 0.4863385137959528 5.5944437879066378
v 0.5002008676528931 0.1381803303956985 0.1694617271423340
vn 2.5777487382575504 0.1445376428729657 5.7046761184054038
v 0.4992970526218414 0.1101626679301262 0.1712693274021149
vn 2.5094117558045257 -0.5160961160663656 5.6987126406163808
v 0.5002008676528931 0.0842538475990295 0.1703655272722244
vn -0.6443873605643599 1.0415149893397160 5.1463850114012848
v 0.7183169722557068 0.3356095552444458 0.1770938038825989
vn -4.1911277144423460 0.0948202650245679 4.3529335852688718
v 0.6976300477981567 0.3163285553455353 0.1656457036733627
vn 0.4713796579391027 -0.7253635316502787 4.5076298299385753
v 0.7210283279418945 0.3107049763202667 0.1804077029228210
vn -1.6709505319844937 -2.7116227281626974 3.7238945161789769
v 0.7075718045234680 0.2930307388305664 0.1707672178745270
vn 1.8297771091613306 1.4032959350824596 4.7032645824434800
v 0.7318738698959351 0.3595099449157715 0.1693613231182098
vn -3.0966600385378880 2.0269878891096158 4.7953615416353372
v 0.7077726721763611 0.3647318780422211 0.1606246232986450
vn 2.1456426104703361 -3.5993817229618705 3.5426191101820752
v 0.7272545099258423 0.2901184856891632 0.1648423373699188
vn 4.2868962856867130 0.4562031305674316 4.1918709861805494
v 0.7390038371086121 0.3362120687961578 0.1663486510515213
vn 4.5718466418793140 -0.8883929804484700 3.9091025652483431
v 0.7394055128097534 0.3163285553455353 0.1652440130710602
vn -5.8039048109041760 1.3338496149722885 0.0925326543535770
v -0.7332797646522522 -0.2476401180028915 0.1562060415744781
vn -5.5208600313300025 1.3974559964747431 -1.1627359353112432
v -0.7286604046821594 -0.2286604046821594 0.1490761041641235
vn -5.9399744765673574 1.0973015945482989 0.3520263274895317
v -0.7370958328247070 -0.2666198313236237 0.1561056375503540
vn -5.9444707216206272 -1.3050221841849228 0.7620207593623767
v -0.7363929152488708 -0.3675437271595001 0.1516870856285095
vn -5.6848091160045531 1.6763217462838638 -0.0929216996821157
v -0.7240409851074219 -0.2098815292119980 0.1562060415744781
vn -5.2623464718376836 1.6041852938909480 -1.4961098766431502
v -0.7116891145706177 -0.1718216836452484 0.1493773609399796
vn -4.3082164513988772 2.6197728618129599 -0.7089148915089984
v -0.6974292397499084 -0.1280377805233002 0.1524904519319534
vn 5.4770462463526748 -1.9563471029211827 -0.7176139067414319
v -0.6659972071647644 -0.2546696364879608 0.1473689228296280
vn 2.6105524508354243 -4.3772096390786599 0.5876567278852162
v -0.6303474903106689 -0.4110263586044312 0.1553022414445877
vn -3.0875328859137223 3.0831554266766394 3.7702695468654648
v -0.6111669540405273 -0.0589476004242897 0.1606246232986450
vn 4.4318947839817353 -3.6176456987538157 -1.5739041657238595
v -0.6261297464370728 -0.1815625876188278 0.1520887613296509
vn -2.6373899763539561 1.9975951366764906 5.0542936859633709
v -0.5816429257392883 -0.0310303494334221 0.1612271517515182
vn -2.0410024325151115 1.3967610532934396 5.7043857013517867
v -0.5623619556427002 -0.0050211073830724 0.1608254611492157
vn -4.0899695956951607 1.4613329345906771 4.4933129693521545
v -0.5445872545242310 0.2545691728591919 0.1591182798147202
vn -4.3230102198788147 1.1299173722222897 4.2590201785323849
v -0.5548303127288818 0.2275557219982147 0.1589174270629883
vn -3.8124171981712065 -0.4795709250475930 4.9185207062939025
v -0.5533239841461182 0.1761397719383240 0.1613275706768036
vn -2.1691379134518223 0.6610930817322017 5.8337029368392237
v -0.5445872545242310 0.0275155473500490 0.1603233665227890
vn -3.7200436841359865 1.6465457770010146 4.7630931496793707
v -0.5360514521598816 0.2769632339477539 0.1589174270629883
vn -3.5862397204820375 -0.6127114286827180 5.0448429658123741
v -0.5483028888702393 0.1221128553152084 0.1576119661331177
vn -2.8566158975825364 -0.4275310016565381 5.5623047409820474
v -0.5358506441116333 0.0913837999105453 0.1612271517515182
vn -2.1771562986080530 0.1125098547472676 5.8727700978554207
v -0.5282185673713684 0.0631652697920799 0.1642397940158844
vn 2.4866200015626094 -5.5380627793661938 -0.8538030821530811
v -0.5287206172943115 -0.1144808381795883 0.1500803232192993
vn -3.7292207994532207 2.0540773632370373 4.5634029061412855
v -0.5263105034828186 0.3032737374305725 0.1562060415744781
vn -3.0227513379783022 2.2277243616941114 5.0062603324231825
v -0.5069291591644287 0.3220526278018951 0.1614279747009277
vn -2.4662345916998833 3.4846192872113262 4.4385902104091972
v -0.4685679972171783 0.3729664385318756 0.1536954939365387
vn -1.6328569670071491 3.5674106020423437 4.8448794009143672
v -0.4428600370883942 0.3821048438549042 0.1567081809043884
vn -1.1532755956582781 3.3615874262091543 5.1342068288026894
v -0.4226752519607544 0.3834103345870972 0.1613275706768036
vn 3.8518565923804080 -4.0179320229917312 1.8272158571818573
v -0.4133360087871552 -0.0425788499414921 0.1535950899124146
vn 3.4643143717681979 -4.4785474450831977 0.4745280637711300
v -0.3931512534618378 -0.0288210697472095 0.1443562805652618
vn -0.1782984194668676 3.4055022563776447 5.2235281382027106
v -0.3850170671939850 0.3934524953365326 0.1597208231687546
vn 0.3463397895396921 3.8239165306930305 4.9091447301635203
v -0.3580036163330078 0.3994777798652649 0.1549005806446075
vn 0.5436983120329828 3.8874851895668887 4.8685526847276011
v -0.3291825950145721 0.3934524953365326 0.1568085849285126
vn 3.8923249903203585 -3.9369379847063382 1.5338088427929930
v -0.3396264314651489 0.0180759001523256 0.1551014333963394
vn 4.3979514725826201 -3.8440743967171365 1.2350091637938043
v -0.2955413162708282 0.0676842555403709 0.1578128188848495
vn 1.1020872376086515 4.0165010102059648 4.6931395778226328
v -0.2823860347270966 0.3835107386112213 0.1563064754009247
vn 4.7261490343177179 -3.8969357369687936 0.3380286316923253
v -0.2823860347270966 0.0829483717679977 0.1514862477779388
vn 1.2178629796741398 3.6881390024952490 4.9051895885253973
v -0.2605944871902466 0.3711588382720947 0.1614279747009277
vn 1.3712917329831884 3.8148666353401071 4.7646905699818820
v -0.2183169573545456 0.3626230061054230 0.1565073281526566
vn 1.4490803773544700 -3.7835031612427041 4.6238828531062595
v -0.2101827859878540 0.1417955160140991 0.1562060415744781
vn 0.9242967349182564 3.8285135347819295 4.8832793398493131
v -0.1872866004705429 0.3523800075054169 0.1560052335262299
vn 2.6367009779874091 -0.7075783544510493 5.6394328996154419
v -0.1882908344268799 0.1926089525222778 0.1621309518814087
vn 1.5239396455868957 -1.4307537074307111 5.8079171648367760
v -0.1799558252096176 0.1579634249210358 0.1565073281526566
vn 1.9492175483581644 -1.0091966696640526 5.8019035541218678
v -0.1712191402912140 0.2219321131706238 0.1576119661331177
vn 0.5322089465223399 3.8548499300681858 4.9214979481131031
v -0.1679052114486694 0.3484635353088379 0.1566077321767807
vn 0.4451706442017964 -1.8109595351788237 5.9776486897291932
v -0.1378790885210037 0.2473388165235519 0.1595199704170227
vn 0.7440251769971551 2.8766862682953218 5.4039063976528761
v -0.1238200515508652 0.3354087173938751 0.1624322086572647
vn 0.4997612995637412 -1.6325137804884184 6.0066174338480733
v -0.1200040280818939 0.2604940533638000 0.1615284085273743
vn 0.4056474675232901 3.4798547950127388 5.1379511312829838
v -0.1035348474979401 0.3445470929145813 0.1540971994400024
vn 0.3365145409945766 -0.8241514570200652 6.2037774313719192
v -0.0931914150714874 0.2796746194362640 0.1641393601894379
vn -0.6637125659806260 -0.2684925825132585 6.2068724086033402
v -0.0861618891358376 0.2610965967178345 0.1622313559055328
vn 0.4505979639262651 2.0852700393722547 5.7990251501244057
v -0.0743121206760406 0.3256677985191345 0.1627334654331207
vn 0.3425680023469734 0.3124972388071121 6.2305538600087189
v -0.0672825872898102 0.3031733036041260 0.1655452847480774
vn -0.5578581639075197 0.1455231395025050 6.2191455859051219
v -0.0666800662875175 0.2773649096488953 0.1642397940158844
vn -1.4117554300386639 -0.1809747871365186 6.1054801074599805
v -0.1031331717967987 0.2231371551752090 0.1582144796848297
vn -1.3871383806428312 0.1433010511356751 6.1222154704995155
v -0.0866639912128448 0.2420164644718170 0.1624322086572647
vn -1.8855346042363916 -0.0871985329905902 5.9911565756262544
v -0.0855593606829643 0.2043582946062088 0.1636372655630112
vn -1.6999646483524771 -0.2294864831827056 6.0425682728587597
v -0.1030327454209328 0.1854790002107620 0.1575115323066711
vn -1.7202788716507598 -0.4766047944767618 6.0229898605136878
v -0.0870656892657280 0.1632857918739319 0.1611267179250717
vn -1.5549038163051343 -0.8801171363597802 6.0167142048376743
v -0.0730066373944283 0.1404900401830673 0.1627334654331207
vn 0.4661903864870909 2.2581544600863350 5.7732414872683915
v -0.0439847409725189 0.3271741271018982 0.1593191325664520
vn -0.3454793986522644 0.6862375423440494 6.2123095799698778
v -0.0460935980081558 0.2891142666339874 0.1653444468975067
vn 0.1356642560254682 1.7416854629253160 6.0101131292483361
v -0.0236995425075293 0.3098011612892151 0.1628338992595673
vn -1.3925302151505143 -1.6708167196673707 5.8829532943678959
v -0.0388632342219353 0.1034344062209129 0.1629343181848526
vn -1.5467374468709254 -1.9304510135956816 5.7506325453190099
v -0.0237999670207500 0.0756175741553307 0.1582144796848297
vn 0.1241075562558859 2.4303359344269650 5.7825323307273502
v 0.0021088519133627 0.3105041086673737 0.1620305180549622
vn -0.7133773765356815 -1.5259949411336373 6.0291227527320315
v 0.0080337356775999 0.0796344429254532 0.1655452847480774
vn -1.3739209669884804 -2.2713183945341271 5.6300085978993373
v -0.0063265780918300 0.0495079159736633 0.1539967805147171
vn -0.4566692198823581 -1.9703257691406779 5.9145734006249384
v 0.0195822399109602 0.0561357550323009 0.1601225137710571
vn -0.1108431430696056 -1.6622494834309154 6.0506146760621133
v 0.0386623777449131 0.0725044980645180 0.1652440130710602
vn 0.0646155406959056 -2.4528520804513461 5.7500692375048823
v 0.0481020249426365 0.0444868281483650 0.1563064754009247
vn -0.1124238914580350 2.8171141010375358 5.5876944710996979
v 0.0574412494897842 0.3077927231788635 0.1630347520112991
vn 0.2191934822534224 -1.8566093280787876 5.9873034634015792
v 0.0822454243898392 0.0679855272173882 0.1636372655630112
vn 0.3675247944148018 -2.5472225868433975 5.7106368374200791
v 0.0826471149921417 0.0451897829771042 0.1553022414445877
vn -0.0206444722353132 2.8061359154326913 5.5848497946881377
v 0.0903795957565308 0.3079935610294342 0.1632355600595474
vn 0.3404293820153764 -1.5322913593460483 6.0752253282179911
v 0.0998192429542542 0.0819441452622414 0.1666499376296997
vn 0.4909805383654781 -2.0752867936210109 5.9013720267686498
v 0.1045390665531158 0.0633661225438118 0.1607250273227692
vn -0.1428613543539810 2.8891606940509504 5.5182858546629676
v 0.1139787063002586 0.3081944286823273 0.1638381034135818
vn 0.5262192199892544 -1.8589532440389289 5.9714309125223757
v 0.1228158250451088 0.0748142004013062 0.1628338992595673
vn -0.1951125524031200 3.6721720681527898 5.0176689059603996
v 0.1398875266313553 0.3209479749202728 0.1568085849285126
vn 0.3096315004507645 -1.9009055514273878 5.9764910267587101
v 0.1577626019716263 0.0785298123955727 0.1607250273227692
vn 0.1773674076908940 -1.5511159787033033 6.0842670260180345
v 0.1693111062049866 0.1008234396576881 0.1665495038032532
vn -0.4266384255991539 3.5657159922637418 5.1269134263436538
v 0.1809600293636322 0.3235589265823364 0.1564068943262100
vn -1.8608655217746841 -1.0507298994529195 5.6217164732421701
v 0.1980317384004593 0.0732074528932571 0.1594195663928986
vn -4.9660668576948455 -1.0864640504116889 -1.7000402059255717
v 0.1856798678636551 -0.0684876739978790 0.1476702094078064
vn -5.2582021673148303 -1.2531242985801305 -2.3788161688393723
v 0.2165093421936035 -0.1536453217267990 0.1514862477779388
vn -4.9798224775713376 -1.0928402096163869 -3.2396003129110289
v 0.2268527895212173 -0.1897971779108047 0.1484735757112503
vn -0.6647191762943393 3.0811785456788736 5.4262767365394176
v 0.2375979125499725 0.3280779123306274 0.1588170230388641
vn -0.6981454618832419 2.4875905579250013 5.7253516405829687
v 0.2719421684741974 0.3244627118110657 0.1645410507917404
vn -5.1532341253509912 -1.1417567050490074 -2.0806258025213999
v 0.2588873207569122 -0.4004820585250854 0.1587166190147400
vn -4.8678822619997710 -1.5782527106359936 -2.7907642015653682
v 0.2703354060649872 -0.4283992946147919 0.1545992940664291
vn -5.3482220314570119 -1.1119831329991752 -2.6991044772061530
v 0.2849970161914825 -0.4646515548229218 0.1513857990503311
vn -0.6235074696246720 2.5209500646469913 5.6989434398304279
v 0.2880096435546875 0.3369150161743164 0.1618296653032303
vn -0.2231101908034001 2.3261554833042775 5.8309470093108589
v 0.3092990517616272 0.3314922451972961 0.1650431603193283
vn -5.3680252388759273 -2.1987251066882867 -1.5847923179317929
v 0.2927294373512268 -0.5159671306610107 0.1562060415744781
vn -0.2125210041206304 3.1074994665944051 5.3928796753480643
v 0.3125125467777252 0.3495681881904602 0.1576119661331177
vn -1.1527800056328403 -6.0246576974102677 -1.0264820555930998
v 0.3304880559444427 -0.5431813597679138 0.1557039469480515
vn 0.1582975416462372 2.9192152747934883 5.4533838195746487
v 0.3469572365283966 0.3455512821674347 0.1608254611492157
vn 5.7601900596925759 -2.0282276286679104 0.6805390211018243
v 0.3330990374088287 -0.1063466817140579 0.1519883424043655
vn 4.4358779501875363 0.1687035374359662 -3.8793747973548252
v 0.3178349137306213 -0.3441454172134399 0.1484735757112503
vn 5.1759321769804760 1.3524697934606538 -2.3543282206665843
v 0.3289817273616791 -0.3779875934123993 0.1560052335262299
vn 5.4284630551537836 1.9926795908578798 -1.6074141156488908
v 0.3357099592685699 -0.4040972292423248 0.1557039469480515
vn 4.1230145376270153 -4.1852716443990197 1.8618229987911643
v 0.3486644029617310 -0.0828479826450348 0.1496786475181580
vn 4.6920555346384472 3.3064470408450983 -1.7025837675127242
v 0.3497690260410309 -0.4347258806228638 0.1484735757112503
vn 0.8081611809623408 2.2841562014029235 5.7654683574537238
v 0.3686483204364777 0.3359108269214630 0.1627334654331207
vn 4.5008806677830737 4.1012982851175446 -0.2564152931463765
v 0.3676441013813019 -0.4552119374275208 0.1562060415744781
vn 1.1632184287615033 2.8269169313731082 5.4522324547849976
v 0.3916448950767517 0.3419361114501953 0.1556035280227661
vn 4.0371644086853848 4.1382002525155590 -1.4684771930870544
v 0.3862221240997314 -0.4743924736976624 0.1501807570457458
vn 1.2249646539839993 2.0045328511381446 5.7901152698330787
v 0.3994778096675873 0.3209479749202728 0.1630347520112991
vn 1.9504508023232852 -4.1275975520303492 4.0621006642338839
v 0.3968668282032013 -0.0484033152461052 0.1566077321767807
vn 1.6537182659235499 1.7131090461805281 5.8096554621321950
v 0.4278971552848816 0.3083952367305756 0.1591182798147202
vn 2.0097393013297351 -3.3054431310626682 4.9001061021124679
v 0.4099216759204865 -0.0308295059949160 0.1633360087871552
vn 4.1585046037916182 3.7976839164682636 -1.0732194979248284
v 0.4075115323066711 -0.4907612502574921 0.1559047847986221
vn 2.6031870725828981 -2.8346556090875032 -0.9427801677096557
v 0.4125326275825500 -0.5468969941139221 0.1557039469480515
vn 1.5711299326848711 1.5581061748214373 5.8708940203504554
v 0.4269933700561523 0.2854990661144257 0.1659469604492188
vn 2.0701721599764724 -3.3449875291161013 4.8649502332605614
v 0.4296043515205383 -0.0211890134960413 0.1614279747009277
vn 2.0905587170193085 1.4103364490182009 5.7533569355591423
v 0.4627435207366943 0.2705362439155579 0.1579132229089737
vn 1.8704961944857379 1.5417898156768000 5.7808257085448176
v 0.4478811025619507 0.2883109152317047 0.1589174270629883
vn 2.3007983057496397 1.4773134644429489 5.6560694304882553
v 0.4693713486194611 0.2517573833465576 0.1599216610193253
vn 2.1044346757908534 -2.3983071295588498 5.3835809565405235
v 0.4759992063045502 0.0124522820115089 0.1618296653032303
vn 2.8361682084784525 1.2815863543112389 5.4481559437354337
v 0.5003013014793396 0.2186181843280792 0.1531933993101120
vn 3.1191993021848861 1.1066155441198953 5.3344193457075404
v 0.5055232048034668 0.1902992427349091 0.1575115323066711
vn 3.1777854099543328 0.9961280183410721 5.3066734311082797
v 0.5092387795448303 0.1667001247406006 0.1605242043733597
vn 2.5910760582100476 -1.1999297893576992 5.5791809252132269
v 0.5094397068023682 0.0537256300449371 0.1610263139009476
vn 3.5876049862475852 0.6976884059533185 5.0695626179541877
v 0.5256075859069824 0.1394858211278915 0.1545992940664291
vn 3.4447280672711518 0.3892862725437739 5.2049526718354917
v 0.5253063440322876 0.1202048510313034 0.1567081809043884
vn 3.0208047614263598 -0.2362489031507734 5.4754118974823953
v 0.5183771848678589 0.0913837999105453 0.1616288274526596
vn -4.5445583681746839 1.0864043333274069 4.0640048492197405
v 0.6930106878280640 0.3362120687961578 0.1564068943262100
vn -4.7140726766381214 -1.7695022163213001 3.5136904162470652
v 0.6932114958763123 0.2985539138317108 0.1561056375503540
vn -2.5718805605061470 -4.3707633726876596 2.7016114149701629
v 0.6991364359855652 0.2815826237201691 0.1480719000101089
vn 0.9098544280039585 1.6824574246458628 5.0390618078378075
v 0.7315726280212402 0.3829081952571869 0.1613275706768036
vn -5.9401311903691640 0.7102558699909232 -0.4213531549221246
v -0.7407110333442688 -0.2876079678535461 0.1468668282032013
vn -5.7844008705682857 -0.2228392737464334 -1.3056974209205989
v -0.7400081157684326 -0.3358104526996613 0.1394356042146683
vn -4.9564759394561788 1.7485076256120697 -2.3944579936128108
v -0.7155051231384277 -0.1906005591154099 0.1434524804353714
vn -2.0079036167231292 -5.6932699928761474 -0.2578881825573261
v -0.7074714303016663 -0.4016871154308319 0.1463647186756134
vn -3.1379642745098639 3.4653971757714706 -2.4941974788257584
v -0.6753364205360413 -0.1072504743933678 0.1421469897031784
vn 5.2721103187693679 -0.7609511895084498 -2.2699033279799727
v -0.6771440505981445 -0.2840932011604309 0.1393352001905441
vn 5.4083458453767577 0.7290097497824157 -2.3691902983355106
v -0.6779474020004272 -0.3040771484375000 0.1390339434146881
vn 4.5224847223533695 3.5477063007687479 -1.9294797061043747
v -0.6722233295440674 -0.3238602280616760 0.1391343474388123
vn -0.2483029766410383 -5.8472170200703859 -1.7366499641935234
v -0.6634866595268250 -0.4069090485572815 0.1387326568365097
vn 4.0804294813554343 3.5919141752996788 -0.6700023650313298
v -0.6440048813819885 -0.3433420658111572 0.1430507898330688
vn 3.7807931317471595 -3.8563949213400486 -2.7470406682220121
v -0.6125728487968445 -0.1630849838256836 0.1463647186756134
vn 4.0730977101352428 0.1226129895573496 -1.0843148472813069
v -0.6170917749404907 -0.3909419775009155 0.1444567143917084
vn -4.9329981572139827 2.4637655202244226 0.2956116063024475
v -0.5954006910324097 -0.0211890134960413 0.1382305920124054
vn -4.4487283745646558 3.0551862615456775 -0.0879061375651521
v -0.6075517535209656 -0.0402691513299942 0.1403394043445587
vn -4.1789447321690218 2.1885757877473218 3.5480837971953285
v -0.5829483866691589 -0.0094396658241749 0.1514862477779388
vn -4.3642247456485279 1.7219802104178494 3.7267857668242823
v -0.5693914890289307 0.0214902423322201 0.1481723189353943
vn -5.2200454352859449 0.7134274828695992 3.0597314285920381
v -0.5670817494392395 0.2136975228786469 0.1472685188055038
vn -5.1875544458181224 0.0851712966021067 3.0630321820852773
v -0.5698935389518738 0.1854790002107620 0.1459630280733109
vn -4.7709072806538551 -0.7440852026796815 3.6723336944885516
v -0.5655754208564758 0.1572604775428772 0.1485740095376968
vn 2.2308287579900909 -4.9665625725489679 -2.8324349979526575
v -0.5587467551231384 -0.1240209117531776 0.1373267620801926
vn -5.4586494785248352 1.3916778301917674 2.3484262505959861
v -0.5647720694541931 0.2373970597982407 0.1411427855491638
vn -4.2799123600479136 -0.9829580030986619 4.3907021898354275
v -0.5590479969978333 0.1380799263715744 0.1512853950262070
vn -3.8319790219482366 0.6566993336556097 4.6013178018201337
v -0.5562362074851990 0.0513155087828636 0.1528921425342560
vn -4.5949522646020311 2.0929684935935224 3.3718062953689167
v -0.5449889898300171 0.2892147004604340 0.1464651376008987
vn -4.2791323642218027 -0.1525026602106647 4.4354363157316179
v -0.5569391846656799 0.0901787281036377 0.1479714661836624
vn -3.2906134417863857 3.0436627875954274 4.2786131691523561
v -0.5089375376701355 0.3390239179134369 0.1514862477779388
vn -4.1457564902974990 2.5727673928853201 3.6492849728042795
v -0.5271139144897461 0.3250652551651001 0.1454609185457230
vn -3.5028767922085660 3.6663172286690240 3.6170638584186787
v -0.4941755533218384 0.3665394484996796 0.1390339434146881
vn 2.9071465467282165 -5.0051687466684607 0.0807539706864989
v -0.4513958692550659 -0.0727053806185722 0.1458626240491867
vn 3.3010134630285757 -4.6417716062459240 0.4292938905787391
v -0.4308094382286072 -0.0599518194794655 0.1475697755813599
vn -0.8355415789486685 4.1635863454319626 4.5198214600396263
v -0.4051014482975006 0.4025908708572388 0.1507833003997803
vn -0.1017478966793233 4.5309593299351718 4.1463400816836122
v -0.3767825067043304 0.4111267328262329 0.1462643146514893
vn 3.3796614392287325 -4.3000366823883800 -1.0029396036004221
v -0.3748745024204254 -0.0149628641083837 0.1391343474388123
vn 3.7464702785013735 -4.0112158787226120 0.1367652744707991
v -0.3577023744583130 -0.0020084539428353 0.1468668282032013
vn 1.0344128291521455 4.1757331968812688 4.5707789392003288
v -0.3003615438938141 0.3949587941169739 0.1502811610698700
vn 4.4974784305398563 -4.0543551439108541 -0.6516994577710470
v -0.3090982139110565 0.0524201467633247 0.1458626240491867
vn 1.2986560897675277 4.3121420612850994 4.3658723786260349
v -0.2660172879695892 0.3916448950767517 0.1446575373411179
vn 1.4612337288515489 4.2306969030330936 4.3877852947440861
v -0.2432215511798859 0.3827073574066162 0.1462643146514893
vn 0.0279958509139548 -3.8721434556231147 4.5297326402416402
v -0.1779473870992661 0.1341634690761566 0.1453605145215988
vn 1.6442792182380757 -0.2752433630530110 6.0064949962818286
v -0.1685077399015427 0.1822655051946640 0.1533942520618439
vn 0.5360304819379609 -0.6989093817879757 6.0987459395791239
v -0.1501305699348450 0.2109861224889755 0.1510845571756363
vn 2.3885395765436930 -2.2034394181965973 4.6998334629159251
v -0.1591685116291046 0.1573609113693237 0.1509841084480286
vn 0.5616788221375076 -1.5631150576554116 5.9860270533471862
v -0.1496284455060959 0.2325768172740936 0.1555030941963196
vn 0.4580547163749523 4.0405553673839645 4.7855635821115294
v -0.1345651745796204 0.3528821170330048 0.1493773609399796
vn -0.5192068117756998 -0.8615348606096953 6.1728785844838834
v -0.1306487470865250 0.2209278941154480 0.1535950899124146
vn -0.4801063001636889 -0.8011400753617737 6.1635222478430176
v -0.1119702905416489 0.2420164644718170 0.1577123850584030
vn -1.4193894506644094 -0.2386538990705135 6.0964970591875538
v -0.1119702905416489 0.2043582946062088 0.1553022414445877
vn -0.7776699995453562 -0.2726567628872625 6.1964895182341024
v -0.1313516944646835 0.1927093714475632 0.1509841084480286
vn -1.1600502522190601 -0.1834504302626033 6.1517425964460486
v -0.1178951710462570 0.1631853580474854 0.1524904519319534
vn -1.3333516832834178 -0.6231799138782731 6.1011347134044662
v -0.1036352738738060 0.1425988972187042 0.1546997427940369
vn -1.4993890904033087 -2.1286906401248693 5.5146585500227268
v -0.1090580523014069 0.1167905032634735 0.1503815948963165
vn -1.4447211365267019 -1.3821330284864359 5.9434568965400274
v -0.0849568247795105 0.1208073720335960 0.1561056375503540
vn 0.3400839567160188 3.6140864151910512 5.0845133926626724
v -0.0837517678737640 0.3446474969387054 0.1526912897825241
vn -1.9736550073367238 -3.1793317386194966 4.8111137730277838
v -0.0944968909025192 0.0984133183956146 0.1461638808250427
vn -1.6873997587413569 -2.1149605332017858 5.6087230570584925
v -0.0682868137955666 0.1004217565059662 0.1549005806446075
vn 0.4477703685384358 3.7123885515433361 4.9857755259781360
v -0.0649728924036026 0.3464550971984863 0.1501807570457458
vn 0.5160668354684440 3.6665224111535646 5.0259155914913434
v -0.0419763103127480 0.3438441455364227 0.1496786475181580
vn -2.2876592692571522 -3.0515121728711634 4.8449785532698204
v -0.0653745830059052 0.0794336050748825 0.1463647186756134
vn -2.0437716310118987 -2.5433880996296709 5.3350987130081595
v -0.0445872731506824 0.0736091434955597 0.1504820138216019
vn 0.5878418192922301 3.0224542383659472 5.4099095620807018
v -0.0178750790655613 0.3353082835674286 0.1525908559560776
vn -2.3096546864191754 -2.6333663849911426 5.1832652298021502
v -0.0280176773667336 0.0452902019023895 0.1441554427146912
vn 0.5786118310479010 3.3133332118075050 5.2234851732184735
v 0.0056236134842038 0.3354087173938751 0.1503815948963165
vn -0.4976541816285729 -2.7405013464066235 5.5797403317768905
v 0.0197830833494663 0.0354488678276539 0.1518879085779190
vn 0.3948509532306153 3.2546941780623024 5.3355307214449743
v 0.0292227324098349 0.3260694742202759 0.1528921425342560
vn 0.0777162146075488 3.6385384694187914 5.0849301625873107
v 0.0574412494897842 0.3256677985191345 0.1523900479078293
vn 0.1554119436337522 -2.9717279244217760 5.5200122751776028
v 0.0668808966875076 0.0339425429701805 0.1505824476480484
vn 0.0539796565381954 3.8247484751862437 4.9256849862506371
v 0.0857601985335350 0.3257682025432587 0.1522895991802216
vn -0.0460397328343280 4.1856252856750569 4.6419420310369226
v 0.1127736493945122 0.3296846449375153 0.1484735757112503
vn 0.5698283221034458 -2.6758795288401993 5.6343990207963017
v 0.1210082396864891 0.0441855601966381 0.1515866518020630
vn 0.6079642866660147 -2.4837305700674395 5.7221493172008469
v 0.1495280265808105 0.0542277395725250 0.1529925465583801
vn -0.5243090076013069 4.4515931155950277 4.3948283808461577
v 0.1598714590072632 0.3405302166938782 0.1388330906629562
vn -0.0215385535426312 -2.3625302040815388 5.8100860788078013
v 0.1716208010911942 0.0603534691035748 0.1533942520618439
vn -5.3058513373062528 0.5011220515730309 -0.8027718154492475
v 0.1844747960567474 -0.0401687286794186 0.1466659754514694
vn -2.5066502778259494 -1.5965490176847195 5.1929601321069363
v 0.1899980008602142 0.0449889339506626 0.1490761041641235
vn -0.7509803455746676 3.7684554620674406 4.9569079146934731
v 0.2045591473579407 0.3402289450168610 0.1465655714273453
vn -5.0286573773051373 -0.1584421912029766 3.6485245668652260
v 0.1935127526521683 0.0195822268724442 0.1480719000101089
vn -4.9822455567703985 -1.3844361807954810 -3.1371140073035160
v 0.2145009040832520 -0.1257280856370926 0.1439545899629593
vn -4.1788804447436636 -1.1511391721614228 -4.1839016058863816
v 0.2428198456764221 -0.2372966706752777 0.1438541859388351
vn -3.5957822938149446 -0.7785947798975370 -4.8577964793488979
v 0.2576822638511658 -0.3027716577053070 0.1457621753215790
vn -3.9935366291992320 -0.7625362189997404 -4.4056188960831726
v 0.2576822638511658 -0.3229564428329468 0.1481723189353943
vn -0.9865590080354162 2.9863827256015569 5.4260253150680544
v 0.2641092836856842 0.3453504741191864 0.1537959426641464
vn -1.1274431816370478 3.2715906610419716 5.2440467953594636
v 0.2457320839166641 0.3483631312847137 0.1480719000101089
vn -3.1397800717318916 -0.6801148365884502 -5.0422985496213091
v 0.2661176919937134 -0.3418357372283936 0.1450592279434204
vn -4.2532851081449081 0.0452162181738836 -3.7333661659004842
v 0.2600924074649811 -0.3799960315227509 0.1516870856285095
vn -3.3301108687586600 -0.6436842188896882 -5.1672792152546929
v 0.2731472551822662 -0.3968668580055237 0.1446575373411179
vn -0.6749558264827976 3.3484407615624274 5.2058376995459756
v 0.2833902239799500 0.3552922010421753 0.1519883424043655
vn -3.6205155849115043 -2.7468521441694831 -2.9382934967077832
v 0.3030728995800018 -0.5235990881919861 0.1370255053043365
vn -2.2951858459279455 -4.7207674080190651 -2.4692412333398974
v 0.3162281513214111 -0.5368548035621643 0.1431512236595154
vn 4.7722974732972858 -0.5075164407170779 -2.8356490018508715
v 0.3179353177547455 -0.2569793462753296 0.1476702094078064
vn 3.8745982664150245 0.0552647232597015 -4.3515988257814318
v 0.3139184415340424 -0.3087969720363617 0.1448583900928497
vn 0.1693839403101403 4.4450773395608723 4.3076867078804346
v 0.3495682179927826 0.3642297685146332 0.1466659754514694
vn 0.0044372830664746 4.5053212107852572 4.1991554167805987
v 0.3175336420536041 0.3670415580272675 0.1447579711675644
vn 0.8862774391489332 3.4727096129994215 5.0250705592853686
v 0.3728660345077515 0.3537859022617340 0.1534946560859680
vn 2.6199475122745701 -5.1382176371266866 1.9195984678523861
v 0.3780879676342010 -0.0676842927932739 0.1403394043445587
vn -0.4287049157824464 -5.6038066986660633 -2.2978078435002471
v 0.3656356930732727 -0.5453906655311584 0.1419461816549301
vn 1.4428746209576757 2.2295588629132519 5.6830872396148990
v 0.4201647043228149 0.3301867842674255 0.1540971994400024
vn 2.4329248141095059 -4.6381769573287244 3.2391419128016707
v 0.4258887171745300 -0.0422775857150555 0.1446575373411179
vn 2.2287458880893189 -4.3365584275600959 3.7219587109951604
v 0.4429604411125183 -0.0317332968115807 0.1471681147813797
vn 1.8514995708908621 1.5258329629479435 5.8061036390932799
v 0.4628439545631409 0.3102028369903564 0.1473689228296280
vn 2.0028499722248982 1.4994760190625316 5.7603795438639072
v 0.4692709445953369 0.2893151044845581 0.1504820138216019
vn 2.2553639646004453 -3.4193624423775368 4.6909844159121992
v 0.4673629105091095 -0.0118497889488935 0.1520887613296509
vn 2.2290564288589243 1.1296166967820132 5.7604028450603604
v 0.4897569715976715 0.2610965967178345 0.1493773609399796
vn 2.5110012648155049 1.1739818755185385 5.6362500263074873
v 0.4892548620700836 0.2398071736097336 0.1543984562158585
vn 2.5451682765705321 -3.3165094517515619 4.5996369286935659
v 0.4981924295425415 0.0022092603612691 0.1465655714273453
vn 2.4812612849994666 -2.2201315324012367 5.2720864197309032
v 0.5045189857482910 0.0217915065586567 0.1540971994400024
vn 3.4867122651655480 0.8847899987098725 5.1472161230864009
v 0.5272142887115479 0.1748342961072922 0.1464651376008987
vn 3.0063097694847114 -0.8034887734342412 5.4368805156727777
v 0.5283189415931702 0.0607551559805870 0.1528921425342560
vn 3.0767038271853431 -1.6475960633810249 5.1297624950641669
v 0.5304278135299683 0.0381602533161640 0.1472685188055038
vn 3.6160763186336471 0.0432929561015734 5.0857591398025619
v 0.5381602644920349 0.0913837999105453 0.1495782136917114
vn -5.1158578762282669 -0.1095239425178307 3.5865538782973276
v 0.6849769353866577 0.3173328042030334 0.1476702094078064
vn -4.5656914227455854 1.3638944077754647 4.0814258039114737
v 0.6887929439544678 0.3550913929939270 0.1439545899629593
vn -3.0088244841574165 2.6091854320804195 4.7444993749154154
v 0.7129945755004883 0.3958626091480255 0.1474693715572357
vn 1.1458045903664740 -5.2133662435378190 2.6694878902219252
v 0.7247439622879028 0.2746535539627075 0.1404398381710052
vn 0.6732437517464468 2.1903101168125234 4.8096789376943461
v 0.7355895042419434 0.4033942520618439 0.1535950899124146
vn 4.5725901577982304 0.1627129310956082 4.0890680424743060
v 0.7506527900695801 0.3832094967365265 0.1459630280733109
vn 4.4661794071699514 0.6589399792182272 4.1870064206815840
v 0.7551717162132263 0.4009841382503510 0.1392347961664200
vn 4.9524234435780681 0.0923980398824501 3.8108674752540779
v 0.7484434843063354 0.3644306063652039 0.1477706283330917
vn 5.1463238403006937 0.3428747468197055 3.5657871544524995
v 0.7534645795822144 0.3459529876708984 0.1400381475687027
vn 5.1676811112413166 -0.1684705870168370 3.5492281207711596
v 0.7551717162132263 0.3243623077869415 0.1396364569664001
vn 4.7750732416734119 -1.9714624228268658 3.3272615079948977
v 0.7478409409523010 0.3013657033443451 0.1470676660537720
vn -4.5502917045743487 1.2493639745367975 -3.4226448808124035
v -0.7335810661315918 -0.2765615880489349 0.1320044249296188
vn -4.0402144134064937 1.3687689511380448 -4.0730201374016684
v -0.7242418527603149 -0.2491464316844940 0.1322052329778671
vn -4.3762162651963221 -3.1486482042059611 -0.6605917265285337
v -0.7319743037223816 -0.3863225877285004 0.1374271959066391
vn -3.7432465818303413 1.2436605702914010 -4.3209988808803361
v -0.7134966850280762 -0.2080739438533783 0.1337115764617920
vn -3.9952997592499861 1.6146200406562097 -3.7380182834986804
v -0.6987347006797791 -0.1496284604072571 0.1394356042146683
vn -0.8272298804447024 -6.1178760985873506 -1.0768757069253285
v -0.6863828301429749 -0.4034946858882904 0.1383309662342072
vn -3.1875119867635808 3.2097692912531204 -3.6092986641904687
v -0.6499297022819519 -0.0963045060634613 0.1333098858594894
vn 4.7632150648658014 -1.2797865944003064 -2.0867462088557360
v -0.6600723266601562 -0.2334806472063065 0.1396364569664001
vn 4.0125910879775395 -1.6159306830220057 -3.4620954217687259
v -0.6566579937934875 -0.2150030434131622 0.1368246227502823
vn 1.3849222663980798 -2.7895008647844897 -1.8427985159712073
v -0.6302470564842224 -0.4115284681320190 0.1357200443744659
vn -3.8053253984077102 3.7794084702031445 -2.4390226982582335
v -0.6326571702957153 -0.0775256305932999 0.1347157806158066
vn -4.3682683051819247 3.0518157110120607 -1.2315790638677120
v -0.6192006468772888 -0.0583450682461262 0.1374271959066391
vn 2.9619361529714130 -2.3441444404977645 -4.4782483287215609
v -0.6393854618072510 -0.1822655349969864 0.1359208673238754
vn 2.5009461441987213 -3.4571082465441734 -4.4182264159368776
v -0.6087567806243896 -0.1468166559934616 0.1346154063940048
vn 2.1666256620634790 -4.5865795305739585 -3.4932340724314712
v -0.5830488204956055 -0.1340630948543549 0.1368246227502823
vn -5.5168393403694100 -0.7115644721873386 1.3648040189972050
v -0.5701948404312134 0.1299457550048828 0.1348162144422531
vn -5.2436190157919533 -0.2278567711047534 1.8898861973366825
v -0.5683872103691101 0.1101626679301262 0.1375276297330856
vn -5.6054137991275361 0.2439762752421639 1.3241998586224466
v -0.5674834847450256 0.0678851008415222 0.1352179050445557
vn -5.4610442977790896 0.9037895703731570 -0.6549056350443028
v -0.5701948404312134 0.0496083386242390 0.1263807713985443
vn -5.1844528148264235 1.6471071929245691 2.4649787265765326
v -0.5586463212966919 0.2659168541431427 0.1399377435445786
vn -5.1022368366203175 2.3048877505685810 2.5071082000582949
v -0.5440852046012878 0.3098011612892151 0.1319039762020111
vn -4.1418158198781931 3.4769435847235171 3.0430310652530581
v -0.5198835134506226 0.3457521498203278 0.1339124441146851
vn 2.5270779160333081 -5.0680287522709273 -1.9518445190224665
v -0.5080337524414062 -0.1026310697197914 0.1372263133525848
vn -2.5462633114832505 4.4038208356286717 3.5099210821613616
v -0.4628439545631409 0.3913436532020569 0.1389335095882416
vn -1.5924487373224874 4.6386311066486527 3.6178330463608348
v -0.4295039474964142 0.4077123999595642 0.1395360529422760
vn -0.9630581421686391 5.4033672076145525 2.8174178763807372
v -0.4038963913917542 0.4196625947952271 0.1292929947376251
vn 0.4561788702319282 4.9360307066571290 3.8034687884005702
v -0.3567985594272614 0.4163486659526825 0.1375276297330856
vn 0.5335311868981407 4.7572283274514335 4.0117765967388053
v -0.3356095552444458 0.4129343330860138 0.1390339434146881
vn 4.3029248184050646 -3.6145360102365061 -1.8570097722203149
v -0.3272745907306671 0.0332395881414413 0.1345149576663971
vn 0.8684549160253567 4.6108320300795445 4.1069503050058618
v -0.3099015951156616 0.4112271368503571 0.1372263133525848
vn 1.2452420798217667 4.6866941749900022 3.9462841285567731
v -0.2881100773811340 0.4107250273227692 0.1316027194261551
vn 4.2855244012432543 -4.2040579515177763 -1.6753460689895068
v -0.2943362295627594 0.0743120908737183 0.1319039762020111
vn 4.4603095945462448 -4.3621411780419459 -0.4896686890821101
v -0.2748543918132782 0.0941956043243408 0.1355191618204117
vn 1.5590696420222823 4.3957475812868871 4.2082106503953511
v -0.2253464758396149 0.3839124441146851 0.1381301432847977
vn 2.0021166733356606 -5.5498885538628260 1.9462963609493489
v -0.2316730469465256 0.1228158175945282 0.1374271959066391
vn 1.2565420117747346 4.3169595175299822 4.3841758975000307
v -0.2040570527315140 0.3755774199962616 0.1391343474388123
vn 0.8151898232259326 -5.5621381471718649 2.6275621602874177
v -0.2061659097671509 0.1282385736703873 0.1374271959066391
vn 0.7165047675447687 4.3596993473482062 4.4611549149882830
v -0.1755372732877731 0.3724643290042877 0.1359208673238754
vn 0.4885282854111090 4.3395398736922903 4.5029806945591027
v -0.1461136788129807 0.3685478866100311 0.1369250714778900
vn 0.0016446555956406 -0.2209698229322904 6.2410200633077304
v -0.1438039839267731 0.1714199483394623 0.1497790664434433
vn -1.0619741268442549 -1.1712187168229891 5.9436556798669979
v -0.1331592798233032 0.1384816020727158 0.1504820138216019
vn -1.8812908853344725 -3.7646120651872117 4.6122887797706920
v -0.1479212790727615 0.1129744797945023 0.1294938772916794
vn -1.9840940504608084 -2.5189608825147163 4.7906072264043891
v -0.1284394562244415 0.1186985224485397 0.1470676660537720
vn -2.0817820567114342 -3.7700636155953102 4.5331329482285803
v -0.1201044395565987 0.1013255491852760 0.1324061155319214
vn 0.4486776725280964 4.4299959173291352 4.4128335293058374
v -0.0743121206760406 0.3630247116088867 0.1357200443744659
vn -2.5206451612566569 -3.3989989648895280 4.6252643525252264
v -0.0844547227025032 0.0819441452622414 0.1361216753721237
vn 0.6146438860305425 4.3172901018933540 4.4848833251114018
v -0.0244025010615587 0.3553926348686218 0.1377284526824951
vn -1.5641815497402398 -3.0470753616761481 5.1816634831985739
v -0.0087366998195648 0.0255071111023426 0.1415444910526276
vn 0.8545498963217846 4.4548658171006812 4.3074838900064112
v 0.0010042123030871 0.3526812493801117 0.1362221091985703
vn 0.7507934365321236 4.3066070663825462 4.4691997641837906
v 0.0207873024046421 0.3466559350490570 0.1386322528123856
vn -0.2123569035460980 -3.3892269705677087 5.2180928058028631
v 0.0292227324098349 0.0150632467120886 0.1410423815250397
vn 0.4793579547335092 4.3145800280093773 4.5213239942585277
v 0.0482024438679218 0.3406306505203247 0.1400381475687027
vn 0.2706576833252034 -3.7451588118092110 4.9912046855226757
v 0.0574412494897842 0.0093392059206963 0.1360213011503220
vn 0.1558370357290046 4.6457944077479834 4.2142875588268369
v 0.0833500623703003 0.3396264016628265 0.1385318040847778
vn 0.4388764799901064 -3.3990725792210434 5.2293860138554038
v 0.0781281292438507 0.0202851798385382 0.1423478424549103
vn 0.5356476781307646 -3.3393168722370583 5.2808802029382038
v 0.1068487688899040 0.0253062676638365 0.1423478424549103
vn 0.6016932130048341 -3.1358757972999047 5.4049197284716239
v 0.1393854171037674 0.0332395881414413 0.1433520764112473
vn -0.2508881310470395 4.7608891267961679 4.0774286890734164
v 0.1339626461267471 0.3461538255214691 0.1311005949974060
vn -0.0116472182626764 -3.0572102918814998 5.4774734553614284
v 0.1704157441854477 0.0349467583000660 0.1419461816549301
vn -0.8847085831669667 4.3331319714704239 4.4324378176843693
v 0.1803575009107590 0.3459529876708984 0.1377284526824951
vn -4.2453028320771269 -1.8839633202482362 -4.0360906590306600
v 0.2112874090671539 -0.0983129367232323 0.1373267620801926
vn -1.1750618181756074 3.8575702736159454 4.7848196288538229
v 0.2248443365097046 0.3553926348686218 0.1390339434146881
vn -1.0682855485195939 4.2250015185640173 4.3234063718122187
v 0.2464350312948227 0.3648323118686676 0.1378288865089417
vn -3.8758173004264624 -1.0986499258827112 -4.6312596296762099
v 0.2392046600580215 -0.2098815292119980 0.1406406909227371
vn -3.1122739890677495 -1.0944758048662795 -5.1694503867437707
v 0.2552721202373505 -0.2575818598270416 0.1395360529422760
vn -2.6598186593653539 -0.8699032149212724 -5.4269282753171524
v 0.2633059024810791 -0.2758586406707764 0.1381301432847977
vn -0.8974526548058724 4.2650573117753146 4.3327340038439051
v 0.2669210731983185 0.3656356632709503 0.1415444910526276
vn -1.8746728482761856 0.1475546506870891 -5.7449827502066331
v 0.2815826237201691 -0.3688491880893707 0.1394356042146683
vn -2.2003494303907840 -0.0768398247146654 -5.5208258612132735
v 0.2940349578857422 -0.4252862334251404 0.1352179050445557
vn -0.3177280069437737 4.6052331411642582 4.0671008017030070
v 0.2925286293029785 0.3689495921134949 0.1419461816549301
vn -4.9575111949456652 -0.7061456840382456 -3.4503249457138607
v 0.2964450716972351 -0.4947780966758728 0.1375276297330856
vn 1.0086560257692292 -0.0662912411093231 -5.8939780198896417
v 0.2979514002799988 -0.3287809193134308 0.1378288865089417
vn 4.0772566329653737 -1.1808210216913402 -3.9164010457261256
v 0.3134163618087769 -0.1816630065441132 0.1356196105480194
vn 5.2556368158112203 -1.0065148906775057 -2.2318530906530096
v 0.3241614699363708 -0.1628841310739517 0.1438541859388351
vn 4.0517949856689537 -0.4954218893961314 -4.0863223142208636
v 0.3097007572650909 -0.2008435726165771 0.1362221091985703
vn 3.6811120552771750 -0.2227014479881391 -4.5586253023320831
v 0.3089978098869324 -0.2249448001384735 0.1373267620801926
vn 2.1773082634963283 1.1211686834133567 -5.4357904392676177
v 0.3098011612892151 -0.3782888352870941 0.1391343474388123
vn 1.0577062492962139 0.1687401648693494 -5.8380060051074354
v 0.2996585667133331 -0.3558947741985321 0.1381301432847977
vn 2.8408657960490507 1.3990603645259407 -5.0223721209169261
v 0.3206467330455780 -0.3980719149112701 0.1394356042146683
vn 4.8745146141403479 -1.4036954699234994 -3.0033391225688368
v 0.3240610659122467 -0.1339626759290695 0.1361216753721237
vn 2.5341641674501711 2.1645590238833403 -4.8744722700761765
v 0.3285800516605377 -0.4174533486366272 0.1374271959066391
vn -1.1182130351420430 -4.9954603430008815 -3.0549112066702371
v 0.3387226462364197 -0.5380598306655884 0.1331090629100800
vn 2.8295011413676523 3.0086160761774523 -4.2171916224474266
v 0.3569993972778320 -0.4587266743183136 0.1301968246698380
vn 0.2916278493200573 4.8559365628247910 3.8749170361399061
v 0.3775858581066132 0.3724643290042877 0.1348162144422531
vn 3.9365344357387650 3.1971095888041359 -3.0621754890419250
v 0.3734685778617859 -0.4683671891689301 0.1363225579261780
vn 2.4232265865983553 -3.8592691297106310 -3.5472080457170079
v 0.3965655863285065 -0.5399679541587830 0.1397368907928467
vn 0.3353842699691548 4.4038282640404374 4.4223051878283339
v 0.3981723189353943 0.3739706873893738 0.1304980814456940
vn 2.5039419297078385 -5.2183773827113313 2.2886242048648708
v 0.4089174866676331 -0.0541273541748524 0.1383309662342072
vn 4.2714596694238134 2.0905265892575184 -3.5771318468561608
v 0.4033942520618439 -0.5027113556861877 0.1376280188560486
vn 0.7806017689335826 3.3394372282167479 5.1942320772080359
v 0.4207672476768494 0.3609158396720886 0.1395360529422760
vn 4.6779110042404231 -1.1377172754279414 -3.8782340774816966
v 0.4050010144710541 -0.5228961706161499 0.1392347961664200
vn 1.2946101686244986 2.5166036226633985 5.5889132271418731
v 0.4335207939147949 0.3457521498203278 0.1445571333169937
vn 1.6408749888611307 1.9063888796689481 5.7506170922477349
v 0.4434625506401062 0.3290821313858032 0.1481723189353943
vn 1.2388581276104080 2.4687050340826944 5.6305556209360148
v 0.4519984126091003 0.3505724072456360 0.1376280188560486
vn 1.4314054890236565 1.7003149967731817 5.8675967703797287
v 0.4670616686344147 0.3321951925754547 0.1406406909227371
vn 2.3757887473858501 -4.6994782828661910 3.0840516448147044
v 0.4630447924137115 -0.0271138977259398 0.1404398381710052
vn 2.7124162271879797 -4.5805306132071664 3.1173963541201424
v 0.4928700625896454 -0.0133561147376895 0.1348162144422531
vn 1.3431411590988969 1.0777140697524326 6.0134526415354124
v 0.4903595149517059 0.3037758469581604 0.1403394043445587
vn 1.6786523062187537 0.8841756515659787 5.9767059656671622
v 0.5012050867080688 0.2814822196960449 0.1419461816549301
vn 2.0008075973320993 0.7545592742988658 5.8942586448301579
v 0.5103434324264526 0.2607953250408173 0.1415444910526276
vn 2.1133071097215566 0.6784630852869202 5.8449362892746848
v 0.5170716643333435 0.2410122454166412 0.1413436383008957
vn 2.5192271111167956 0.6635820207135054 5.6860721572431672
v 0.5257079601287842 0.2150030136108398 0.1408415287733078
vn 3.1310329806606090 -2.8908449857216225 4.5159689657233093
v 0.5325366854667664 0.0193813852965832 0.1372263133525848
vn 3.0875017914238958 0.6789637225315373 5.4086397435071945
v 0.5282185673713684 0.1949186474084854 0.1421469897031784
vn 3.6793737694016286 0.6075311869610881 5.0343488948561719
v 0.5403695702552795 0.1560554206371307 0.1391343474388123
vn 3.9350514515116410 0.5287982591483171 4.8662203039922955
v 0.5474994778633118 0.1286402642726898 0.1378288865089417
vn 4.1753144373508686 0.4820246321678738 4.6585748768313939
v 0.5557340979576111 0.1113677322864532 0.1330086290836334
vn 3.6545923692310884 -0.7689432729541575 4.9842467597206150
v 0.5448885560035706 0.0631652697920799 0.1431512236595154
vn 4.1602804626332306 0.0353464330207356 4.6739811461303891
v 0.5550311207771301 0.0831492096185684 0.1360213011503220
vn -4.8853750436984829 0.6273460354457651 3.8874258014663612
v 0.6794537305831909 0.3364129364490509 0.1367242485284805
vn -4.0901907667764217 -2.4275392605909549 3.8064867718563260
v 0.6821651458740234 0.2934323847293854 0.1375276297330856
vn -4.0231189327254251 1.9906486856904659 4.3915921055339515
v 0.6889938116073608 0.3752761781215668 0.1362221091985703
vn -1.4843255425792823 3.4477990384698618 4.8184446026289018
v 0.7263506650924683 0.4219722747802734 0.1379292756319046
vn 2.5631265037508815 2.2820965724816871 4.6700971742271733
v 0.7516569495201111 0.4222735464572906 0.1365233659744263
vn 3.6745266656118387 -4.1105883078280687 2.7136643238233962
v 0.7426189780235291 0.2822855710983276 0.1350170373916626
vn -4.5148568604673738 0.3239491554909278 -3.2061207308020903
v -0.7370958328247070 -0.3064872622489929 0.1273850351572037
vn -5.3648858081248072 -0.4011490046868059 -2.1697789181482920
v -0.7364932894706726 -0.3610163033008575 0.1277867257595062
vn -3.0640475058487442 0.9196033530271585 -4.9431091234968250
v -0.7147017717361450 -0.2292629331350327 0.1293934434652328
vn -1.8536885289050340 -4.8173710016367073 -2.5081864354885512
v -0.7077726721763611 -0.3979715108871460 0.1261799484491348
vn -2.0880022910287241 0.9762764581890195 -5.4577504031611568
v -0.6949186921119690 -0.1835710257291794 0.1289917528629303
vn -2.5885831876491441 1.0884580515312727 -5.2817916353887497
v -0.6817634105682373 -0.1419964134693146 0.1312010288238525
vn -1.5450332622311027 0.9898093772553693 -5.8633482651835749
v -0.6627837419509888 -0.1310504376888275 0.1275858432054520
vn 3.5434769076914119 -0.9095454387778197 -4.8016257855136857
v -0.6783490777015686 -0.2571801841259003 0.1303976476192474
vn 2.3159750945857880 -0.3043153394829528 -5.7092351161200323
v -0.6764410734176636 -0.2287608087062836 0.1281883567571640
vn 2.9259801029948136 3.6139889507112137 -3.6479495286358565
v -0.6619803309440613 -0.3418357372283936 0.1196525245904922
vn 1.9081191341854504 -0.9597349557364653 -5.5528350163491424
v -0.6604740023612976 -0.1912030726671219 0.1289917528629303
vn 5.1821307148954245 2.0091128322265215 -2.8073317429878539
v -0.6406909227371216 -0.3648323416709900 0.1297951340675354
vn 2.1784597337925029 -2.4117631559828951 -5.1752297838123624
v -0.6322554945945740 -0.1629845649003983 0.1321048587560654
vn 3.3568359943645270 -1.0968868847808004 -4.1823725136760261
v -0.6350672841072083 -0.3926491737365723 0.1275858432054520
vn -5.2069370412971461 1.9129905019220876 -1.1536159011900189
v -0.5853585004806519 -0.0002008623850998 0.1279875338077545
vn -5.4895364179315926 1.5369192133193765 -0.6906179855518106
v -0.5752158761024475 0.0275155473500490 0.1270837187767029
vn -5.9591972807675262 0.7658330850523863 0.4021704223930410
v -0.5737096071243286 0.2113878279924393 0.1279875338077545
vn -5.7905403651625260 0.2828635871773554 -1.1572125414908987
v -0.5755172371864319 0.1843743622303009 0.1196525245904922
vn -5.4341411432047284 -0.5434760043776872 0.4359162384520020
v -0.5777264237403870 0.1673026531934738 0.1281883567571640
vn -5.4718536473390262 -1.0166683659939570 -1.4252597489759600
v -0.5728058218955994 0.1490258872509003 0.1195520907640457
vn -5.9888083779394448 1.3169005664211759 -0.1967582407517200
v -0.5638682842254639 0.2583852112293243 0.1197529658675194
vn -5.6851159277469225 -0.3136844641146244 -0.0706300955489746
v -0.5689898133277893 0.0934926569461823 0.1273850351572037
vn -5.8653461370222075 1.5938805444431927 0.0296362012577328
v -0.5565374493598938 0.2861016094684601 0.1144306287169456
vn 1.9270745251679884 -4.8242637024714305 -3.3125615259352612
v -0.5309299230575562 -0.1065475195646286 0.1278870999813080
vn 2.5555257027295664 -4.6204084089824775 -2.8893250424643888
v -0.4875476956367493 -0.0867644324898720 0.1279875338077545
vn -3.3142588462202460 4.2257296909098230 2.9753165514856517
v -0.4879494011402130 0.3840128481388092 0.1267824620008469
vn 2.5615816081806289 -4.7044209644506498 -2.6926541959979584
v -0.4693713784217834 -0.0767222568392754 0.1279875338077545
vn -2.1797871771321180 5.3325420982793004 2.2455992305289429
v -0.4401486515998840 0.4126330316066742 0.1228660196065903
vn 2.7862179577073887 -4.1234421988299106 -3.5087558949735236
v -0.4458726942539215 -0.0591484420001507 0.1236694082617760
vn 3.2390273228057458 -4.1538589570646298 -2.6250097312032206
v -0.4247841238975525 -0.0500100627541542 0.1296947002410889
vn 3.2954535608733959 -4.0711780388480019 -2.7654363957151298
v -0.4066077768802643 -0.0340429991483688 0.1277867257595062
vn -0.1876395537005461 5.5304058883113454 2.7924304083059943
v -0.3688491880893707 0.4260895848274231 0.1236694082617760
vn 3.4207492029476234 -3.7938910188373072 -3.4303497033118053
v -0.3610162734985352 0.0075316140428185 0.1272845864295959
vn 3.5117032117370757 -4.1079837813809235 -2.2078847169878744
v -0.3418357372283936 0.0189796965569258 0.1322052329778671
vn 3.8735940747116731 -4.0420890540724752 -2.7747525464499581
v -0.3082948625087738 0.0676842555403709 0.1190500184893608
vn 1.4840611568742832 4.6384326881844942 3.9637974249544801
v -0.2576822638511658 0.4019883573055267 0.1303976476192474
vn 2.5092358027495059 -5.3555238809579571 1.0893336281679444
v -0.2568789124488831 0.1108656227588654 0.1173427999019623
vn 1.4842083034198703 4.6262704539349517 3.9797289041759232
v -0.2391042411327362 0.4004820287227631 0.1251757442951202
vn 1.3628116892199162 4.6101163012018560 4.0412762905976649
v -0.2108857333660126 0.3935528993606567 0.1223639473319054
vn 0.4436232821497130 4.5228097408855401 4.3233536691286227
v -0.1261297613382339 0.3744727671146393 0.1286904960870743
vn 0.3850247755822370 4.5688666708390953 4.2763305338409587
v -0.1038361191749573 0.3758786618709564 0.1252761185169220
vn -2.3522479206219002 -3.3544159005925467 4.5991764742865673
v -0.1024302095174789 0.0849568024277687 0.1266820877790451
vn -2.5100243005825011 -3.0014647994211212 4.8690412804399950
v -0.0743121206760406 0.0631652697920799 0.1277867257595062
vn -2.7469475538881394 -2.6838962817200729 4.9722412140562628
v -0.0580437891185284 0.0510142408311367 0.1304980814456940
vn 0.5101061208870281 4.6331585294042732 4.1878117684134804
v -0.0460935980081558 0.3658365011215210 0.1294938772916794
vn -2.6832908729217357 -2.9279465950598862 4.8561633369022079
v -0.0450893826782703 0.0277163907885551 0.1251757442951202
vn -2.3375753354152335 -3.1908779289263207 4.8184740055187083
v -0.0272143054753542 0.0160674639046192 0.1278870999813080
vn -1.1653121322205888 -3.8968287447120371 4.6831621854626055
v -0.0012050666846335 0.0026109474711120 0.1278870999813080
vn -0.2029532803870158 -4.1837484126788089 4.6201637428225890
v 0.0280176699161530 -0.0023097193334252 0.1274854093790054
vn 0.7546130680516439 4.9283277758881860 3.7910038963702424
v 0.0539264865219593 0.3546896874904633 0.1235689669847488
vn 0.4515932144889651 -4.0394595154610835 4.7811010436203496
v 0.0786302462220192 0.0051214913837612 0.1304980814456940
vn 0.0389236580553064 4.9615316494055977 3.8462058224527409
v 0.1039365306496620 0.3487648069858551 0.1266820877790451
vn 0.5074849152030307 -3.9007220608228916 4.8899323066157390
v 0.1043382138013840 0.0059248660691082 0.1285900473594666
vn 0.5913898627219591 -3.6351744500538512 5.0829724213827596
v 0.1339626461267471 0.0158666204661131 0.1328078061342239
vn 0.1566316187317350 -3.4415108066953857 5.2418787337038069
v 0.1606748402118683 0.0204860232770443 0.1329081803560257
vn -1.9943779844398188 -2.7278715011259518 4.8190464621033575
v 0.1799558103084564 0.0203856024891138 0.1331090629100800
vn -1.1263208692069950 4.5561303379405702 4.1468152379734642
v 0.1963245719671249 0.3559951782226562 0.1307993382215500
vn -3.0728782496881601 -3.1117479143164251 3.3041643758527064
v 0.1826671957969666 0.0036151651293039 0.1239706650376320
vn -5.9468864105446642 -1.6593474629316460 -0.8334999645966028
v 0.1949186623096466 -0.0215907003730536 0.1275858432054520
vn -4.7737601313381965 -1.2195356376434152 -3.5294547879952334
v 0.1975296288728714 -0.0404699929058552 0.1268828958272934
vn -3.7453671308784857 -1.7270598369372792 -4.4338790954354286
v 0.1967262476682663 -0.0593492873013020 0.1320044249296188
vn -3.3270121366810019 -1.8657883674000990 -4.9817098369220050
v 0.2127937376499176 -0.0685880854725838 0.1256778091192245
vn -3.6421903024267923 -1.2797334208740097 -4.9330965068307284
v 0.2288612276315689 -0.1252259761095047 0.1312010288238525
vn -3.3556435750562672 -1.0741480703325477 -5.1296634524662332
v 0.2373970746994019 -0.1446073800325394 0.1294938772916794
vn -3.6458856916829729 -0.9364811223458385 -4.9370681436312083
v 0.2366941124200821 -0.1638883501291275 0.1334103196859360
vn -1.3222690786806388 4.8403052503219879 3.7170472337773175
v 0.2242418229579926 0.3694517016410828 0.1247740462422371
vn -3.0262529715908491 -0.9816054632152225 -5.3489518425144711
v 0.2461337596178055 -0.1921068727970123 0.1331090629100800
vn -1.8199556482173265 -0.9195021505281060 -5.8525927627292571
v 0.2603936493396759 -0.2110865861177444 0.1299959570169449
vn -1.9477723422623792 -0.8498279879038603 -5.8353344118187973
v 0.2628037631511688 -0.2357903569936752 0.1330086290836334
vn -0.3192571386829934 -0.5528805623278383 -6.1181430131285515
v 0.2787708342075348 -0.2498493790626526 0.1315022855997086
vn -0.4690076497910485 -0.6278561142370670 -6.0965301727987269
v 0.2831894159317017 -0.2829885780811310 0.1340128332376480
vn -0.7156545969794043 -0.5453593177513885 -5.9474102629091030
v 0.2819843292236328 -0.3147218823432922 0.1367242485284805
vn -0.4798725707941296 5.5487784024023137 2.7635696799208054
v 0.2741514444351196 0.3811005949974060 0.1200542226433754
vn -0.6523935349163514 0.3226009356687108 -6.0126039534827473
v 0.2952400147914886 -0.3957622349262238 0.1355191618204117
vn -0.0654637728002701 5.6570072743229094 2.5992301531182278
v 0.3069893717765808 0.3823056817054749 0.1204559132456779
vn 2.1350712249276791 -0.2946201660856800 -5.6287589868826178
v 0.2994576990604401 -0.2540671229362488 0.1341132670640945
vn 2.6726244491350228 -0.2186975897731264 -5.1975482808500653
v 0.3022695481777191 -0.2852982878684998 0.1365233659744263
vn -2.5332289863883708 -0.0974802795257160 -5.3975906259287525
v 0.3023699522018433 -0.4455714225769043 0.1311005949974060
vn -3.8141329316939658 0.3180591657732039 -4.7556918705888540
v 0.3005623519420624 -0.4676642417907715 0.1321048587560654
vn 0.0460222886822717 5.6233013474419558 2.6826869683272556
v 0.3304880559444427 0.3821048438549042 0.1204559132456779
vn 3.0775201421495839 -0.7836344158666450 -5.2645441064645846
v 0.3097007572650909 -0.1629845649003983 0.1300963908433914
vn 4.7531589702159032 -3.0893592683122084 -2.4150929533464804
v 0.3293834328651428 -0.1054428815841675 0.1267824620008469
vn 0.0934601232175657 5.5550811452958282 2.7939650261324527
v 0.3563968837261200 0.3828077912330627 0.1193512752652168
vn 3.9628652682562722 -4.5274560434001820 -1.0496776635077387
v 0.3423378467559814 -0.0912834107875824 0.1277867257595062
vn 2.3386584942146471 2.6262574121036160 -4.9596671112484296
v 0.3397268652915955 -0.4446676373481750 0.1295942515134811
vn 0.6440918027151274 -3.9888854281966948 -3.7455136868941512
v 0.3775858581066132 -0.5380598306655884 0.1267824620008469
vn 2.0408829995682187 -5.8269096218155108 0.7775009806021319
v 0.4021891951560974 -0.0616589896380901 0.1216609403491020
vn 2.4477517509437008 -5.6198769358628837 1.2245409168520198
v 0.4251857697963715 -0.0528218708932400 0.1175436824560165
vn 2.5414926450717923 -5.3908828186751894 1.7719522462115924
v 0.4427596032619476 -0.0436834879219532 0.1236694082617760
vn 2.5214993505244325 -5.4838687931697390 1.6485006236707078
v 0.4619401693344116 -0.0357501693069935 0.1190500184893608
vn 0.9056907332086263 2.0249076639419017 5.8628545023540237
v 0.4717814922332764 0.3556939065456390 0.1315022855997086
vn 0.7974402878493489 1.2824753564599112 6.0888150864841730
v 0.4858405292034149 0.3338019847869873 0.1366238147020340
vn 0.4577600459138947 1.7098744449255894 5.9827534078627345
v 0.5034143328666687 0.3532837927341461 0.1311005949974060
vn 0.5703990243543716 0.9027635414263004 6.1873960800487389
v 0.5161679387092590 0.3263707458972931 0.1344145238399506
vn 0.8438572103010967 0.4057483944948294 6.2050375634683075
v 0.5187789201736450 0.2938340902328491 0.1372263133525848
vn 2.8792787740813570 -4.3973718637897834 3.1237138680991876
v 0.5185779929161072 -0.0021088761277497 0.1288913041353226
vn 1.2355270747696743 0.2682042540200442 6.1331072900689065
v 0.5282185673713684 0.2655151486396790 0.1362221091985703
vn 0.4807493735427273 0.1383468661156078 6.2485617629805912
v 0.5376582145690918 0.2985539138317108 0.1357200443744659
vn 0.5655248866929178 -0.1756733255472459 6.2528586948209783
v 0.5458927154541016 0.2796746194362640 0.1342137008905411
vn 0.4507293318888635 0.3771575309965369 6.2412839255346029
v 0.5553323626518250 0.3064872324466705 0.1341132670640945
vn 0.3381985416074222 1.0536956311310346 6.1719285826915247
v 0.5375577807426453 0.3336011171340942 0.1322052329778671
vn 1.2704106752264228 -0.1833260772112365 6.1311620938001736
v 0.5466961264610291 0.2511548399925232 0.1332094371318817
vn 2.0140122966066989 -0.3457205058512736 5.9044364568436771
v 0.5544286370277405 0.2220325320959091 0.1290921866893768
vn 3.0291878074753655 0.2583584390795003 5.4813342519213943
v 0.5481020212173462 0.1854790002107620 0.1318035423755646
vn 0.4078709955414198 1.2440071574474019 6.1293047122102049
v 0.5548303127288818 0.3438441455364227 0.1292929947376251
vn 4.2121908316679244 -0.8179542715884056 4.5228065112942630
v 0.5640690922737122 0.0572403930127621 0.1260795146226883
vn 3.8435918302440806 -2.2552669456154533 4.1977317290220677
v 0.5544286370277405 0.0303273573517799 0.1269833296537399
vn 0.5447286558074957 -0.6492221801307030 6.2186861240261448
v 0.5658766627311707 0.2632054388523102 0.1320044249296188
vn 0.4913990730958609 -0.1781428998375079 6.2496940603937654
v 0.5795340538024902 0.2831893861293793 0.1326069235801697
vn 0.5877243968282255 0.4774766448523649 6.2242325124119970
v 0.5748142004013062 0.3077927231788635 0.1325064897537231
vn -3.3995970586519357 0.0552328554645352 4.9941075923535134
v 0.6702149510383606 0.3161277472972870 0.1274854093790054
vn -0.1793054141655998 -5.1120133664734411 3.3328996804514763
v 0.7065675854682922 0.2662180960178375 0.1216609403491020
vn -3.0407432910463132 2.6784884644743618 4.7730026073187641
v 0.7037557959556580 0.4170516133308411 0.1274854093790054
vn -3.7170406705735486 2.0883242948959153 4.6095539028715580
v 0.6888933777809143 0.3935528993606567 0.1274854093790054
vn -0.1173663238651987 1.8048492237888352 5.7425112430733893
v 0.7443261742591858 0.4388431310653687 0.1272845864295959
vn 4.8661516231836197 -0.0946339880817986 3.8693254945309983
v 0.7601928114891052 0.3714601397514343 0.1289917528629303
vn 4.5438056917777727 -2.1764331007371633 3.4874707371455784
v 0.7638080120086670 0.3009640574455261 0.1240710988640785
vn 1.1727377727877402 -1.6646444627405383 4.8091095075963901
v 0.7635067105293274 0.4574211537837982 0.1317031681537628
vn 1.9610399802473537 -1.7070753965900152 3.7728603471991562
v 0.7781683206558228 0.4726852774620056 0.1346154063940048
vn -2.5909224025389479 1.2521618260534413 5.1663560108549085
v 0.7549709081649780 0.4867443442344666 0.1298955678939819
vn 1.4482526148648356 -0.7439908874599424 3.9555933700116008
v 0.7874071002006531 0.4937738478183746 0.1378288865089417
vn -2.6206578857159433 2.6455378080147636 4.5089200916365835
v 0.7671219110488892 0.5136573910713196 0.1263807713985443
vn -2.0489784629359797 3.5922399653024613 3.8942418688501337
v 0.7832897901535034 0.5326371192932129 0.1219622492790222
vn 1.8116798957722811 -0.5786133490780613 3.3515446373680824
v 0.8057842850685120 0.5140590071678162 0.1338120102882385
vn -3.1935562392770871 -2.1754656142352329 -3.5026497173556930
v -0.7268528342247009 -0.3799960315227509 0.1177444979548454
vn -1.6288232722532976 0.9123187556773168 -5.6906702737146491
v -0.7157059907913208 -0.2746535837650299 0.1211588606238365
vn 0.0264876213133535 0.3163138115685500 -6.0459932613744609
v -0.6874874830245972 -0.2081743627786636 0.1256778091192245
vn 0.0270129030527394 0.3045193514168062 -6.0270200063632284
v -0.6959229111671448 -0.2383008897304535 0.1237698420882225
vn -0.3717812164438667 -0.1165663779037780 -6.0825326992662090
v -0.6675035953521729 -0.1628841310739517 0.1263807713985443
vn 2.0332772449428065 0.0654152912175517 -5.7194188967263830
v -0.6965254545211792 -0.2734484970569611 0.1224643215537071
vn 2.7831951880883854 0.4203812093538526 -5.3088864360852934
v -0.6955212354660034 -0.2948383390903473 0.1214601173996925
vn 1.8787902868641058 2.0044295840326072 -5.3273523566484622
v -0.6978309154510498 -0.3165294528007507 0.1167402938008308
vn -0.3184674258437347 -4.3575937994456773 -3.4644805917131638
v -0.6758385300636292 -0.3985740542411804 0.1143301874399185
vn -1.7051780682287712 0.6250851318043344 -5.8695766300113421
v -0.6462141275405884 -0.1179956048727036 0.1247740462422371
vn 0.5625932690480976 -1.3678221750834667 -5.9458876036000952
v -0.6345652341842651 -0.1452099084854126 0.1254770010709763
vn -3.0363471239517477 1.7551484046215049 -5.0671413466738402
v -0.6177947521209717 -0.0803374424576759 0.1222635060548782
vn -0.1417782010918321 -1.6178096498920134 -5.8654936533472313
v -0.6204057335853577 -0.1263305991888046 0.1208576112985611
vn -3.8076139196796119 1.7830693683021870 -4.6042048594455380
v -0.6022294163703918 -0.0663788095116615 0.1166398525238037
vn 0.0375372582813620 -2.0467134898460104 -5.5744121886134668
v -0.6026310324668884 -0.1169913858175278 0.1172424256801605
vn -4.3690538645667649 1.8988909757467574 -3.8966655375657595
v -0.5931914448738098 -0.0405704155564308 0.1177444979548454
vn -4.3610017777720111 1.3399849567157678 -4.2089617284488368
v -0.5790319442749023 -0.0180759374052286 0.1128238514065742
vn 0.7973117889765905 -3.5654233987010331 -4.8941614695868578
v -0.5757180452346802 -0.1128740906715393 0.1180458143353462
vn -5.9559583127656808 1.1920715449234569 -0.7013734423567493
v -0.5691906213760376 0.2324763983488083 0.1180458143353462
vn -4.7777054040424440 -0.2635480524121449 -3.4980324709509438
v -0.5621611475944519 0.1208073720335960 0.1073006317019463
vn 1.2405778757459900 -3.7249612060893291 -4.7824069682098411
v -0.5501104593276978 -0.1005222126841545 0.1144306287169456
vn -5.4425959416029821 2.4426339652347613 0.6190163966336562
v -0.5426793098449707 0.3296846449375153 0.1079032048583031
vn 1.6341683959400548 -3.7563012710872856 -4.6234141526641164
v -0.5154649615287781 -0.0873669609427452 0.1148322597146034
vn -2.8114213676639914 5.1656965801560188 2.1488565376498974
v -0.4730870127677917 0.3990761339664459 0.1133259832859039
vn 3.1590363831169346 -3.4732654886817196 -3.9487883330870122
v -0.3948584198951721 -0.0167704541236162 0.1212593019008636
vn 2.8907890440421360 -3.3546264171636517 -4.4443370872823218
v -0.3828078210353851 0.0041172741912305 0.1157360896468163
vn 0.3173349268986880 5.4304101659311712 3.1288433789922174
v -0.3368146419525146 0.4265916645526886 0.1183470636606216
vn 3.3221225657982068 -3.4468223245139491 -4.0597689790558711
v -0.3403293788433075 0.0372564569115639 0.1185478866100311
vn 2.8361783845062591 -3.4217408497493311 -4.4337980053935455
v -0.3586061596870422 0.0323357917368412 0.1094094812870026
vn 3.6622255816104698 -3.6820103056806044 -3.4725025435693322
v -0.3261699378490448 0.0525205694139004 0.1174432411789894
vn 0.7089824175193202 5.2210935018735292 3.3672746341313120
v -0.3097007572650909 0.4242819845676422 0.1193512752652168
vn 1.3740995435984822 5.1033892598688730 3.3589958850656321
v -0.2629041969776154 0.4196625947952271 0.1100120544433594
vn 0.9588731678884685 -5.2333234711391352 2.6343941621911102
v -0.2332797944545746 0.1172926127910614 0.1119200214743614
vn -0.1659226056328605 -4.8094541127042429 3.2280084244664655
v -0.2037557661533356 0.1233179196715355 0.1180458143353462
vn 0.9038866398868959 4.7959389982336305 3.9508544202006077
v -0.1855794340372086 0.3944567143917084 0.1142297461628914
vn -1.5716413055194627 -4.0382911306199283 4.0757175266076180
v -0.1761398017406464 0.1197027415037155 0.1209579855203629
vn 0.5616867316956720 4.6708116567855118 4.1632293275960484
v -0.1555533260107040 0.3831090331077576 0.1220626309514046
vn -2.2460935100701476 -2.7944548529559778 5.1508190419236337
v -0.0989154428243637 0.0629644319415092 0.1165394708514214
vn 0.7112047536815187 4.9107648716654424 3.7986629762046098
v -0.0755171775817871 0.3817031383514404 0.1152339503169060
vn 0.7235071467910449 5.0866102223853886 3.5628205281580065
v -0.0284193642437458 0.3746736347675323 0.1160373389720917
vn 0.9280845022250620 5.0489702583831093 3.5142836575814953
v -0.0086362762376666 0.3722634911537170 0.1157360896468163
vn -1.7475146456760480 -4.0588950190715991 4.3903573598370613
v -0.0181763488799334 -0.0020084539428353 0.1178449317812920
vn 1.0028018275272821 5.2589237443071379 3.2429002700484233
v 0.0099417520686984 0.3731672763824463 0.1078027635812759
vn 0.8975713780100605 5.0529888134959959 3.5360252665276066
v 0.0353484563529491 0.3630247116088867 0.1173427999019623
vn 0.2704951445938675 -4.5006482972610504 4.3636517305161311
v 0.0481020249426365 -0.0112472567707300 0.1175436824560165
vn 0.3188663141756782 -4.4745750731202403 4.3911612086567109
v 0.0716007202863693 -0.0108455708250403 0.1161377802491188
vn 0.3208606102618928 5.1473818106289722 3.5694653139227999
v 0.0761196985840797 0.3554930388927460 0.1191503927111626
vn 0.5241299322105746 -3.9722505958857597 4.8387328111447427
v 0.1235187798738480 0.0021088384091854 0.1231672763824463
vn 0.2491175562748352 -3.9913696022530942 4.8350381449963766
v 0.1503313779830933 -0.0007029713597149 0.1180458143353462
vn -1.0104137510680342 5.0773438344817823 3.5284561704047102
v 0.1792528629302979 0.3641293346881866 0.1158365234732628
vn -0.6953411149925359 5.1258225485349938 3.5203081345357594
v 0.1588672399520874 0.3605141341686249 0.1160373389720917
vn -3.1815862176987943 -1.5963242137025162 -5.1753577096775381
v 0.2271540462970734 -0.0808395519852638 0.1211588606238365
vn -3.1356712477104627 -1.3109273321181671 -5.2717764478542408
v 0.2350873798131943 -0.1015264317393303 0.1215605586767197
vn -0.8763220651986869 5.4933762556345300 2.7781517064965140
v 0.2386021316051483 0.3803976476192474 0.1128238514065742
vn -2.6361312324495949 -1.2700327382455485 -5.5332726942406030
v 0.2459329068660736 -0.1256276518106461 0.1209579855203629
vn -1.7203543248553177 -0.9439775239625536 -5.8536901853381567
v 0.2551717162132263 -0.1642900407314301 0.1239706650376320
vn -1.1782869624767980 -0.8682461987170241 -6.0481931966819271
v 0.2646113634109497 -0.1911026537418365 0.1260795146226883
vn 0.8420099480211420 -0.8281763459895441 -6.0380884938425980
v 0.2838923633098602 -0.1767423301935196 0.1232677102088928
vn 0.8267467653482637 -0.7149712303262630 -6.0160807498717768
v 0.2833902239799500 -0.2005423009395599 0.1258786916732788
vn 0.6639322321214371 -0.7203731033889330 -6.0006699616962642
v 0.2833902239799500 -0.2217312902212143 0.1280879825353622
vn -2.7654609308321318 0.3094866806484315 -5.3709733986079637
v 0.3117091953754425 -0.4829283356666565 0.1232677102088928
vn -2.5854976236779934 -1.3012616360397713 -4.9062393289478043
v 0.3162281513214111 -0.5101426243782043 0.1207571700215340
vn 1.1339576352266574 -1.2673717616155964 -5.9063912212898551
v 0.2875075340270996 -0.1498293131589890 0.1194517090916634
vn 2.6416916822964791 -2.4116441596863365 -5.0562428173991636
v 0.3103032708168030 -0.1210082620382309 0.1192508339881897
vn -0.1704960206941302 1.6288579625108677 -5.8358037090740273
v 0.3211488127708435 -0.4382406473159790 0.1279875338077545
vn -1.4287327890203700 1.1220107648481323 -5.8933555496358982
v 0.3208475708961487 -0.4645511507987976 0.1231672763824463
vn 1.2817370976083349 1.1900423310400203 -5.8461171682081687
v 0.3399277031421661 -0.4648523926734924 0.1225647628307343
vn 2.7089162357525058 -5.4690758808443247 -0.9038826576680217
v 0.3565977215766907 -0.0803374424576759 0.1184474453330040
vn 0.1216482076582371 -2.3041719728680898 -5.2605914885607410
v 0.3591082692146301 -0.5246033668518066 0.1175436824560165
vn 1.8078465571283342 1.8777471202276701 -5.1672999005441049
v 0.3670415878295898 -0.4874473214149475 0.1191503927111626
vn 2.4185542626259076 -0.0562673142995028 -4.2455095235074900
v 0.3911428153514862 -0.5141594409942627 0.1185478866100311
vn -0.0646660690009527 4.4576693981453674 4.3129925805278120
v 0.4222735464572906 0.3848162293434143 0.1202550381422043
vn 0.5920598369055141 3.3968652081497890 5.2411540834361681
v 0.4481823742389679 0.3751757144927979 0.1249748691916466
vn 0.1833090249232886 2.6814175275092405 5.6708945227357486
v 0.4811207056045532 0.3738702237606049 0.1232677102088928
vn 2.7315808804149300 -5.3679804971346039 1.7182791184826245
v 0.4826270341873169 -0.0264109447598457 0.1166398525238037
vn 0.0400735633549594 2.9137444575360649 5.5236860123022549
v 0.5094397068023682 0.3834103345870972 0.1187487617135048
vn 0.3504672366702654 1.8622423870286191 5.9742678325414396
v 0.5300260782241821 0.3657360970973969 0.1250753104686737
vn 3.2994455000284386 -4.1689807941851154 2.9769367037440562
v 0.5405704379081726 0.0072303488850594 0.1203554794192314
vn 0.0713507110220137 2.3904865033815867 5.7808344962950411
v 0.5470978021621704 0.3829081952571869 0.1182466298341751
vn 0.3648529563963073 1.7135585902889727 6.0132258714873998
v 0.5694918632507324 0.3688491582870483 0.1222635060548782
vn 0.9204772395417450 -0.9284800286077326 6.1253356224958697
v 0.5682867765426636 0.2420164644718170 0.1279875338077545
vn 2.0420229611234788 -0.4864487730956106 5.8538243780882890
v 0.5658766627311707 0.2043582946062088 0.1232677102088928
vn 2.8930918281645104 -0.2239799124003421 5.5546257148957245
v 0.5667805075645447 0.1761397719383240 0.1221630722284317
vn 3.3362557115611704 -0.2147825140476325 5.3020690298378970
v 0.5750150680541992 0.1473187208175659 0.1160373389720917
vn 3.8988036732743936 -0.0349445348489780 4.8845901864609109
v 0.5683872103691101 0.1243221387267113 0.1197529658675194
vn 0.6852588258457363 1.2316599614506476 6.1163146414164498
v 0.5753163695335388 0.3455512821674347 0.1270837187767029
vn 0.7573061974181308 0.8790059733444792 6.1635181490296720
v 0.5847560167312622 0.3267724514007568 0.1292929947376251
vn 0.9973853423024461 -1.3133044280018322 6.0508768550768250
v 0.5848564505577087 0.2244426459074020 0.1225647628307343
vn 4.1199595321651428 0.1539624784616404 4.7191536755062149
v 0.5731070637702942 0.1008234396576881 0.1166398525238037
vn 4.4177560882961391 0.0856963479545539 4.4582178977616342
v 0.5691906213760376 0.0819441452622414 0.1220626309514046
vn 0.5053124187962355 -1.0115123321007014 6.1681529345341213
v 0.5905804634094238 0.2561759352684021 0.1292929947376251
vn 0.8564251832374447 1.3131820261234799 6.0823333461936908
v 0.5963044762611389 0.3557943403720856 0.1220626309514046
vn 0.8053679044649132 0.3516010770565601 6.2121335913101516
v 0.5965053439140320 0.2973488569259644 0.1305985152721405
vn 0.7309632748159564 -0.4675542215488155 6.1884752189719689
v 0.6035348773002625 0.2702349722385406 0.1300963908433914
vn 0.9189717101497108 1.1899090597170170 6.0992745756466924
v 0.6202049255371094 0.3456517457962036 0.1205563545227051
vn 0.9602690759965389 0.8515418772178246 6.1475103926956063
v 0.6152842044830322 0.3254669606685638 0.1247740462422371
vn 1.2626661517318745 -0.8185237058436623 6.0582056379553642
v 0.6241213679313660 0.2586864829063416 0.1256778091192245
vn 0.8201484001959550 -1.4996330691413780 6.0208969821269172
v 0.6105643510818481 0.2382004261016846 0.1237698420882225
vn 1.0276366819180318 0.5624224326112276 6.1704235985055167
v 0.6224141120910645 0.3055834472179413 0.1258786916732788
vn 1.1473992348824926 0.0894289542652454 6.1555640355872114
v 0.6200039982795715 0.2855994999408722 0.1277867257595062
vn -0.0374472889184410 0.4391718531484194 6.1814596246081734
v 0.6437035202980042 0.3185378313064575 0.1209579855203629
vn 0.8411037593808482 -0.5374213276863384 6.1694270622091700
v 0.6457120180130005 0.2762602865695953 0.1217613741755486
vn -2.9658297717767912 0.8764804716008121 5.1789305279952780
v 0.6675034761428833 0.3479614257812500 0.1221630722284317
vn -3.0352206205499761 1.5014311074427364 5.1822546246293175
v 0.6721229553222656 0.3798955678939819 0.1196525245904922
vn -1.6800294213376692 -0.5281409739166519 5.8316586254001965
v 0.6613777875900269 0.2985539138317108 0.1224643215537071
vn -1.0390378167635430 -2.7942368649264293 5.3592828660938840
v 0.6776461005210876 0.2773649096488953 0.1220626309514046
vn -2.4615652515426456 2.3777218227158317 5.1435487728897673
v 0.7245430946350098 0.4469772875308990 0.1183470636606216
vn 2.1897165847152165 -5.3159913620137758 2.2807149159105764
v 0.7353886365890503 0.2690299153327942 0.1162382215261459
vn -2.2946636223283368 0.3494280208256891 5.8018526953275193
v 0.7443261742591858 0.4588270485401154 0.1264812052249908
vn -3.6394208055662562 1.6661256012094308 4.6368290799364251
v 0.7348865866661072 0.4755975008010864 0.1193512752652168
vn 3.9923692612068953 -0.6976320243865782 4.5482974215649099
v 0.7641093134880066 0.4400481879711151 0.1197529658675194
vn 4.7231218883008621 0.7356814269523227 4.0652743959730664
v 0.7698333263397217 0.4138381183147430 0.1175436824560165
vn 4.4902345846242051 0.1702835405931132 4.3525768336961574
v 0.7715404629707336 0.3856195807456970 0.1170415431261063
vn 4.3756107751519586 0.1439926815523355 4.3908759022283297
v 0.7712392210960388 0.3455512821674347 0.1168407276272774
vn 4.6114742330487992 -0.0820402886502335 4.2450854299067746
v 0.7725446820259094 0.3262703120708466 0.1180458143353462
vn 5.3443247406478678 -1.8149581391677183 2.4814142273342870
v 0.7799759507179260 0.4589274823665619 0.1092086657881737
vn -0.9735769812977200 4.3625678175404339 2.9294011735725638
v 0.8036754727363586 0.5451897978782654 0.1176441162824631
vn 5.4767163441126314 -2.8577447246146344 1.0344204870217919
v 0.7907210588455200 0.4843342006206512 0.1119200214743614
vn 2.5250400762768193 -1.1832011970323193 2.7295427285479703
v 0.8217514157295227 0.5259088277816772 0.1257782578468323
vn 1.2475085142107081 1.5214492469224283 2.0317016785750761
v 0.8282787799835205 0.5463948249816895 0.1236694082617760
vn -2.5328856529390880 0.7278900639385095 -5.1294724289018445
v -0.7228358983993530 -0.3204458951950073 0.1157360896468163
vn -2.9682068921300191 0.1577424069139139 -4.8974024096510176
v -0.7223338484764099 -0.3512753844261169 0.1110162585973740
vn -0.8102702944056670 0.7110171276937225 -5.8196333322384159
v -0.7146013379096985 -0.2946375012397766 0.1179453730583191
vn -1.3239598005333539 -2.0059912676347738 -5.4792011111434000
v -0.6960232853889465 -0.3801968693733215 0.1078027635812759
vn 2.0430657145013260 2.4179272403536225 -4.7939771456025193
v -0.6866840720176697 -0.3321952521800995 0.1118196472525597
vn 2.2822449104939677 -1.8209436969946555 -3.3955671396987981
v -0.6484233736991882 -0.3889335393905640 0.1084052771329880
vn 3.0513100216885491 1.6929484116924394 -3.4583805050446537
v -0.6494276523590088 -0.3622213602066040 0.1092086657881737
vn -1.4139314789339728 0.7260278257652765 -5.8614736451312366
v -0.6251255273818970 -0.1016268581151962 0.1197529658675194
vn -2.2865384519556931 -0.6755279757229865 -5.3389128507351193
v -0.6007230877876282 -0.0897770822048187 0.1103133112192154
vn -5.6528413034753395 0.4250023184556271 -2.4382674165340799
v -0.5691906213760376 0.2124924510717392 0.1085057184100151
vn -4.3278780932547392 1.1100740242647769 -4.2943615417005878
v -0.5653746128082275 0.0167704168707132 0.1080035865306854
vn -4.8825421290160707 -0.3892289648687512 -3.6886658637356264
v -0.5609560608863831 0.0936935022473335 0.1096103563904762
vn -4.8259436972861440 -0.1425351403402166 -3.7100877826811631
v -0.5589476227760315 0.0737095624208450 0.1085057184100151
vn -5.6915507688882165 1.8179963284171832 -0.0351917528458646
v -0.5514159202575684 0.3077927231788635 0.1094094812870026
vn -4.0222327140350531 3.6393283998981811 2.1228086703462790
v -0.5264109373092651 0.3567985296249390 0.1125225946307182
vn -4.5481646972656602 3.9040016996247999 1.5050786433506165
v -0.5178750753402710 0.3712592720985413 0.0975597202777863
vn -3.8494720380117209 4.2202803056713405 2.2857927914434604
v -0.5003013014793396 0.3837115764617920 0.1098111793398857
vn 1.8223830242369332 -3.3398903414316181 -4.9429703203497599
v -0.4871460497379303 -0.0664792358875275 0.1105141267180443
vn 2.0147475844497587 -3.4366574635326876 -4.7642094158026627
v -0.4648523628711700 -0.0588471777737141 0.1132255420088768
vn 2.1262722534812957 -2.9006871522815376 -5.0947455175219929
v -0.4464752376079559 -0.0369552336633205 0.1078027635812759
vn -1.5454573096569471 5.8639320688504792 1.5383599139173376
v -0.4219723045825958 0.4238802790641785 0.1040871441364288
vn 2.3782801871664994 -3.0742761752239582 -4.9030145772128897
v -0.4180558323860168 -0.0192809998989105 0.1102128699421883
vn -1.1186905460818364 5.9198003631831595 1.7303779761323965
v -0.4019883573055267 0.4269933700561523 0.1085057184100151
vn -0.9779946833456858 5.9475062121000519 1.7308393109557145
v -0.3853183686733246 0.4320144653320312 0.1007732152938843
vn 0.9301967886646261 5.4169476962274965 2.9449740957230142
v -0.2955413162708282 0.4306085407733917 0.1053926646709442
vn 3.1636842903852029 -4.6938718607630854 -2.5789258602118212
v -0.2997590005397797 0.0871660783886909 0.1044888347387314
vn 2.0986645270279385 -5.5328887256018398 -0.2046781644874364
v -0.2753565013408661 0.1018276587128639 0.1043884009122849
vn 1.4516523821873515 4.9832551755152856 3.4952098736964898
v -0.2279574275016785 0.4125326275825500 0.1064973026514053
vn -1.6052830542703451 -3.0894369671393900 5.2173584607193764
v -0.1785499155521393 0.1025306135416031 0.1104137450456619
vn -1.8589714137053313 -3.1559128085529404 5.0811475210971961
v -0.1489254981279373 0.0913837999105453 0.1135267987847328
vn 0.6510472951959194 5.0826608871164716 3.6095430882404602
v -0.1378790885210037 0.3959630429744720 0.1041875779628754
vn 0.4787412198118494 5.1038929449917960 3.5892294696699620
v -0.1137778833508492 0.3904398679733276 0.1087065339088440
vn -1.8955800808355798 -2.9368967500628602 5.2148650413296664
v -0.1297449469566345 0.0713998600840569 0.1092086657881737
vn -2.3751370483341634 -2.7718726629535828 5.1115018940910701
v -0.0848563984036446 0.0442859865725040 0.1131251081824303
vn 0.7635772151822571 5.1910813108995768 3.4112024446738842
v -0.0555332452058792 0.3840128481388092 0.1077023297548294
vn -2.5611879168406393 -3.0999869865373304 4.8216784542768538
v -0.0645712092518806 0.0208877101540565 0.1100120544433594
vn -2.4657878592293074 -3.5260201774235984 4.5734013165224452
v -0.0394657589495182 0.0041172741912305 0.1117192059755325
vn -0.7962344838851004 -4.8637616025873349 3.7659854265676289
v 0.0103434380143881 -0.0208877474069595 0.1061959937214851
vn -0.0901363309494894 -4.6813797670556845 4.1736003526862184
v 0.0292227324098349 -0.0160675030201674 0.1129242852330208
vn 0.1617983104107693 5.3853144330672054 3.2238821668677398
v 0.0903795957565308 0.3621209263801575 0.1076018884778023
vn 0.3346523238856876 -4.4360032552993101 4.4139652614299205
v 0.1010242924094200 -0.0117493662983179 0.1134263649582863
vn -0.2358332226939563 5.3808225463374484 3.2088387495384660
v 0.1222132965922356 0.3616187870502472 0.1088069677352905
vn 0.3489704027729680 -4.2887960890871453 4.5597356719841766
v 0.1234183534979820 -0.0133561147376895 0.1102128699421883
vn -1.2411175941135890 5.3444149021351928 3.0216734778399896
v 0.2018477618694305 0.3756778240203857 0.1055934801697731
vn -2.3834326837530448 -3.9297447822048772 1.4638813533467907
v 0.1998393386602402 -0.0182767827063799 0.1019782945513725
vn -3.1685888700257889 -2.8455484956727322 -4.5233055090086118
v 0.2166097611188889 -0.0429805405437946 0.1136272400617599
vn -3.0323162794003116 -2.4376369298717133 -4.8326040148276999
v 0.2432215362787247 -0.0672826021909714 0.1074010729789734
vn -2.5369061440549512 -1.5719638835959064 -5.5034347765078744
v 0.2483430504798889 -0.0879694893956184 0.1107150018215179
vn -1.8734194477084407 -1.4404783798748260 -5.7830313264691036
v 0.2578831017017365 -0.1074513122439384 0.1120204627513885
vn -1.2963807161722656 -1.3577817079344519 -5.9258909370409567
v 0.2623016834259033 -0.1357702612876892 0.1171419844031334
vn 0.3109262041352048 -1.6965056385709480 -5.9374845065618782
v 0.2829885482788086 -0.1188993975520134 0.1108154430985451
vn 2.3456721124581525 -4.5406360837668798 -3.4614631348493319
v 0.3338019847869873 -0.0861619040369987 0.1113175153732300
vn -0.4167250949228692 0.9975741710143449 -6.0540394781354347
v 0.3328981697559357 -0.4829283356666565 0.1182466298341751
vn -0.2872491858839107 0.0922187240520589 -6.1033743895596366
v 0.3411327600479126 -0.5041173100471497 0.1151335760951042
vn -1.4773668284484431 -2.7339290644799314 -4.2348720430500038
v 0.3352078795433044 -0.5253063440322876 0.1181461885571480
vn -0.5745345098724436 5.7866541049618743 2.3502597758048234
v 0.3705563247203827 0.3914440572261810 0.0983631089329720
vn 1.7890940738062839 -5.9599437404921174 0.2574440966791920
v 0.3771841526031494 -0.0682868286967278 0.0996685698628426
vn -0.7018481791427362 5.3600890037969684 3.1147309157874474
v 0.3966659903526306 0.3904398679733276 0.1092086657881737
vn -0.3251185327368605 4.3364611533347848 4.3908401456897472
v 0.4516971111297607 0.3947579860687256 0.1109158173203468
vn 0.0303554470174457 3.5030355296047642 5.0720013798374577
v 0.4811207056045532 0.3918457627296448 0.1147318780422211
vn 2.7945661185344353 -5.3408244318337044 1.7486690522466541
v 0.5095401406288147 -0.0146615970879793 0.1087065339088440
vn 2.7661424161350974 -5.1968849367119416 2.1684678456357669
v 0.5307290554046631 -0.0063265911303461 0.1005723997950554
vn 3.6902103413497214 -3.6479775292538297 3.3763325464112928
v 0.5688893795013428 0.0180759001523256 0.1000702604651451
vn 0.1438422938324073 2.3174088813423652 5.8313328823399972
v 0.5753163695335388 0.3937537670135498 0.1131251081824303
vn 4.3138747016351600 -1.5120408602419917 4.2276948932487874
v 0.5794336795806885 0.0470977947115898 0.1079032048583031
vn 0.5631665024810319 1.6814518076113085 6.0111220736723405
v 0.5870656371116638 0.3761799633502960 0.1186483204364777
vn 1.5617443655598047 -1.2148277945452386 5.9415093502828746
v 0.5868648290634155 0.2044587135314941 0.1176441162824631
vn 2.4185669544249651 -0.8882985743641845 5.6820228608760130
v 0.5849568247795105 0.1775456815958023 0.1130246669054031
vn 4.1121027430968971 -0.3048610224840013 4.7274954955823567
v 0.5834504961967468 0.0807390883564949 0.1079032048583031
vn 0.0956747384928861 2.2520156122720190 5.8556578586470129
v 0.5929905772209167 0.4022896289825439 0.1094094812870026
vn 0.4797498754804317 1.4824141729192046 6.0780877138854885
v 0.6151837706565857 0.3902390003204346 0.1121209040284157
vn 0.6984651520268744 1.2073386770508567 6.1203349268046825
v 0.6221128702163696 0.3645310103893280 0.1161377802491188
vn 0.9723947539598091 -1.8830374048223226 5.9127839664224293
v 0.6127736568450928 0.2112873941659927 0.1148322597146034
vn 1.2986806406163156 -1.3292484821063850 5.9816887031652826
v 0.6359711289405823 0.2360915839672089 0.1185478866100311
vn 1.0570347215950249 -1.9236436032547120 5.8563237753408455
v 0.6342639327049255 0.2143000364303589 0.1130246669054031
vn -0.0300212259883026 1.0130540677480568 6.1344370816718454
v 0.6411930322647095 0.3455512821674347 0.1174432411789894
vn -1.0380533155763161 0.9190744413640418 5.9835431553362639
v 0.6528419256210327 0.3648323118686676 0.1144306287169456
vn 1.8172422996680557 -1.3528292071356842 5.8040657119678452
v 0.6592689156532288 0.2320746928453445 0.1122213378548622
vn 1.3585814709422408 -1.3587016314187563 5.9459603126956315
v 0.6594697833061218 0.2536653876304626 0.1150331348180771
vn 1.3465374797649283 -2.6756369691111179 5.2986000197301282
v 0.6830688714981079 0.2522594630718231 0.1073006317019463
vn -2.8064483670026124 1.7932401186433236 5.2851310974998302
v 0.6789516210556030 0.4107250273227692 0.1134263649582863
vn -2.1577862606384879 2.6359255178084662 5.2264788924281289
v 0.6938139796257019 0.4413536787033081 0.1104137450456619
vn -3.7168120828304807 3.9112795638206403 2.2602535744243197
v 0.7452299594879150 0.5210886001586914 0.0976601615548134
vn -4.3451099694911646 2.8810305767427002 3.2637810872330015
v 0.7295641899108887 0.4942759573459625 0.1023799851536751
vn 3.4583128184012284 -4.3494860882553725 2.8648627804063667
v 0.7590881586074829 0.2785699963569641 0.1029824987053871
vn 3.4813654733299213 0.0705028693601588 5.1875113476586439
v 0.7838923931121826 0.3634263873100281 0.1080035865306854
vn 5.0265460484061597 -3.4927109205701488 0.5733601806784698
v 0.8017674088478088 0.5062261223793030 0.1093091070652008
vn 2.1159260012499037 1.2209360202401984 -0.0549643379625868
v 0.8365134000778198 0.5481020212173462 0.1057942956686020
vn -0.4708492239079879 1.5065940658386980 -5.9273336959213481
v -0.7075718045234680 -0.3322956562042236 0.1101124882698059
vn -0.1627028538243684 0.6533344978173450 -6.0218719253257369
v -0.6957220435142517 -0.3534846603870392 0.1057942956686020
vn 0.2960557864942521 1.4631227877946236 -5.7051595509168660
v -0.6769431829452515 -0.3613175451755524 0.1041875779628754
vn 0.2279604513439359 -1.0109381267303856 -5.7194467931863242
v -0.6675035953521729 -0.3793934881687164 0.1033841967582703
vn -2.7611421838955339 0.5485296677679286 -5.4239894026216344
v -0.5832496881484985 -0.0602530837059021 0.1041875779628754
vn -2.7498002862259061 0.6666469796195212 -5.4823550187213534
v -0.5690901875495911 -0.0403695702552795 0.0998694449663162
vn -0.4748971076216252 -2.0486560229948072 -5.6624453864989563
v -0.5709981918334961 -0.0864631682634354 0.1034846305847168
vn -4.6428624334578501 -1.0600346678748942 -3.6878348194842356
v -0.5642699599266052 0.1668005436658859 0.0993673130869865
vn -5.7558932229893127 1.2324538750687484 -1.9797446741561064
v -0.5577425360679626 0.2655151486396790 0.0988652408123016
vn -5.7099488048266274 0.7291374218144215 -2.4313722824185962
v -0.5614581704139709 0.2398071736097336 0.0995681881904602
vn -3.8475164861487570 0.4539485117057651 -4.8697812696974037
v -0.5479012131690979 0.0454910434782505 0.0982626676559448
vn 1.0929064212454664 -2.6402370921851217 -5.4691081362457235
v -0.5455915331840515 -0.0782285854220390 0.1021791696548462
vn 0.6862049506264031 -2.2019992527846877 -5.7850479580317655
v -0.5309299230575562 -0.0622615218162537 0.0979614183306694
vn 1.2841769122338458 -2.9110783864129584 -5.3604989214342140
v -0.5083350539207458 -0.0685880854725838 0.1047900915145874
vn 1.5989662501170745 -2.6373018565461739 -5.4622269368585110
v -0.4722836315631866 -0.0443864427506924 0.1030829399824142
vn -2.5858228128316365 5.4535635744335762 1.7428151408789967
v -0.4612371921539307 0.4101224839687347 0.0964550822973251
vn -2.0348571933667086 5.7137859995764613 1.5786557122781546
v -0.4410524368286133 0.4212693274021149 0.0903293490409851
vn 1.8455434573485630 -2.7639990142843058 -5.3308843530127810
v -0.4311106801033020 -0.0060253250412643 0.0983631089329720
vn 2.2441322331489633 -3.0085815826586586 -5.0226833084211719
v -0.4080136716365814 0.0063265529461205 0.1000702604651451
vn 2.4752139421461123 -3.1992917035181723 -4.7934235524040929
v -0.3846154212951660 0.0253062676638365 0.0991664975881577
vn -0.2969186776636550 5.8741270769253253 2.0549196082965815
v -0.3556939363479614 0.4370355308055878 0.0981622934341431
vn 2.7825413390617975 -3.4871186830370968 -4.3920000084840520
v -0.3470576703548431 0.0541273169219494 0.0991664975881577
vn 0.2219937298745729 5.7411042639443428 2.4088375545501530
v -0.3261699378490448 0.4366338551044464 0.0992669388651848
vn 3.0201272332596920 -4.2058002259218794 -3.5205330923465512
v -0.3196425139904022 0.0727053433656693 0.1011749058961868
vn 1.1113907485137557 5.0657255170535516 3.5363355452790870
v -0.1957220435142517 0.4079132378101349 0.0991664975881577
vn -0.9255422181866667 -3.7786852792345065 4.8247883936609899
v -0.2147017717361450 0.1097609773278236 0.1046897172927856
vn -1.6919389386125736 -2.9254287338353961 5.2960443375226989
v -0.1758385300636292 0.0772243291139603 0.0976601615548134
vn -1.6843245605552319 -2.8525254245995249 5.3388227248480078
v -0.1516368836164474 0.0693914294242859 0.1009740903973579
vn -2.0652293619239841 -2.8509497124875631 5.2035853975599924
v -0.1167905256152153 0.0442859865725040 0.0997690111398697
vn -2.2298745004094700 -3.1029350568142386 4.9824323578877188
v -0.0890741273760796 0.0278168115764856 0.1015766039490700
vn -2.0367193792439928 -4.3230593676011368 3.9762894855396529
v -0.0368547923862934 -0.0120506314560771 0.0997690111398697
vn -1.3280475769966584 -4.9789630741477477 3.4930719101061580
v -0.0154649605974555 -0.0214902795851231 0.0971580296754837
vn -0.2037063497863017 -5.2157629058853852 3.3887118599731432
v 0.0327374897897243 -0.0292227566242218 0.0970576480031013
vn 0.2174591082048403 -5.0388529028083777 3.6869887834235637
v 0.0586463101208210 -0.0273147411644459 0.0988652408123016
vn 0.8797236342547579 5.5827068116290341 2.7109770747276052
v 0.0420767180621624 0.3740710914134979 0.0950491800904274
vn 0.5225132970996557 5.5842627849617736 2.8065003990547672
v 0.0739104226231575 0.3703554868698120 0.0942457914352417
vn 0.1587452938452625 -4.9056141598726661 3.9122753560582559
v 0.0963044837117195 -0.0245029311627150 0.0989656224846840
vn 0.3463121824740684 -4.3829518639524974 4.4706757717011891
v 0.1474191546440125 -0.0193814225494862 0.1021791696548462
vn -0.6348971704267459 5.5872031338410224 2.7870057408248043
v 0.1492267549037933 0.3675436675548553 0.1002711430191994
vn 0.0287357366137021 -4.3568016292805520 4.5155943205279199
v 0.1716208010911942 -0.0187788903713226 0.1004719585180283
vn -2.4897657752171813 -3.7346496502868383 -0.6183263311222190
v 0.2295641750097275 -0.0350472182035446 0.0989656224846840
vn -0.3203309838002795 6.0138364315394321 1.6751800554465197
v 0.2646113634109497 0.3879292905330658 0.0993673130869865
vn -0.9568977930491365 -1.8447704742705644 -5.8814468439445884
v 0.2741514444351196 -0.0918859466910362 0.1034846305847168
vn -0.1166749914412608 6.0824275361521742 1.4712632237970560
v 0.2990560531616211 0.3888330757617950 0.0996685698628426
vn 0.5198570539319975 -2.2551737804202214 -5.8241164677515291
v 0.2928298711776733 -0.0977104008197784 0.1053926646709442
vn 0.9105263565630231 -3.8336406605608087 -4.7306974676752667
v 0.3119100034236908 -0.0871661156415939 0.1026812419295311
vn -0.0236892581348680 6.0840299892841667 1.5133873844867070
v 0.3211488127708435 0.3889335095882416 0.0993673130869865
vn -0.3072215972274860 6.0239868688864942 1.7345427906271491
v 0.3420365452766418 0.3889335095882416 0.0993673130869865
vn 1.1270967787627140 -5.9606142908178752 -1.0161172947569372
v 0.3542880117893219 -0.0742117166519165 0.0984635502099991
vn 1.5198998323924524 -6.0389671962356983 0.6003337522660703
v 0.3968668282032013 -0.0633661597967148 0.0968567728996277
vn -0.7653338769913588 5.3655996909038048 3.1041594920944524
v 0.4174533188343048 0.3977706432342529 0.1015766039490700
vn 2.3690122002693155 -5.6960082651266077 1.1548090788019343
v 0.4458726942539215 -0.0461940355598927 0.0994677543640137
vn -0.7243819060378816 4.6225430434092054 4.0803589449743392
v 0.4788110256195068 0.4116288423538208 0.0964550822973251
vn -0.6049916389804739 3.9197654844127365 4.8344746945043671
v 0.5059249401092529 0.4114279747009277 0.0996685698628426
vn -0.6827484531335555 3.8927868360649738 4.8081032876134682
v 0.5317332744598389 0.4191604554653168 0.0970576480031013
vn -0.4664710463688542 2.9839207949089142 5.4650877327167784
v 0.5565374493598938 0.4107250273227692 0.1054930388927460
vn 2.5272436973942116 -0.7636112950206008 5.6779234508771523
v 0.5940952301025391 0.1567583680152893 0.1064973026514053
vn 3.1478560181949700 -0.6607074756000132 5.3869140417722807
v 0.5943964719772339 0.1313516646623611 0.1033841967582703
vn 3.5802595602191918 -0.3041925096206493 5.1495748061147699
v 0.5895761847496033 0.1108656227588654 0.1045892760157585
vn 1.5615468966719941 -1.6125546197424656 5.8521346474744131
v 0.6103635430335999 0.1847760528326035 0.1065976843237877
vn 0.0482255001187239 2.0220110039312855 5.9361814858844131
v 0.6200039982795715 0.4112271368503571 0.1059951707720757
vn 1.3987472459293782 -2.2215460073823192 5.7026035537438169
v 0.6319542527198792 0.1879895478487015 0.1028821244835854
vn 0.2879205387158201 1.5715467531665215 6.0684188735743732
v 0.6411930322647095 0.4109258949756622 0.1052922233939171
vn -0.1587290439147963 1.3452687175870504 6.0857730719210190
v 0.6423980593681335 0.3856195807456970 0.1105141267180443
vn 1.6633785297597894 -2.1146163700303156 5.6444252404460835
v 0.6585659980773926 0.2055633515119553 0.1040871441364288
vn -0.9040605511917059 1.7675532382099863 5.9126970577455333
v 0.6552520394325256 0.4234786033630371 0.1016770377755165
vn -1.4583095533735044 1.7616273847921400 5.6957140477238131
v 0.6600723266601562 0.3973689377307892 0.1086061522364616
vn -1.8429605798261071 1.9338513177361403 5.6563460567343835
v 0.6699136495590210 0.4409519731998444 0.0996685698628426
vn 2.5355851703478822 -1.4530986638077223 5.5517268402910176
v 0.6784495115280151 0.2304679602384567 0.1037858873605728
vn 2.0206228846009981 -4.0735946920781725 4.2211463921925443
v 0.7110866308212280 0.2539666295051575 0.1013757809996605
vn -2.8459505332401260 3.1432934666773069 4.3788393670704959
v 0.7125928997993469 0.4645511209964752 0.1013757809996605
vn 2.6831337004659352 -4.5480818858970951 3.3309786979969429
v 0.7387025952339172 0.2570797204971313 0.0872162953019142
vn -2.3191410442431595 5.1229482222344727 0.8334555929543903
v 0.7725446820259094 0.5391644239425659 0.0982626676559448
vn 4.5689856898602219 0.6530369284975464 4.0902518646056381
v 0.7798755168914795 0.4278971552848816 0.1014761626720428
vn 3.6827929108189990 -1.8876712485181404 4.5804683027144906
v 0.7879092693328857 0.3056838512420654 0.1004719585180283
vn -1.6115104510801277 5.4054333124433533 -0.4916060633988502
v 0.7916248440742493 0.5461940169334412 0.0974593460559845
vn 3.5780281495361428 1.1203188802390498 4.9929850118247767
v 0.7930307388305664 0.4024904668331146 0.0966559574007988
vn 3.6034086942540045 -0.4322722331276188 5.0766323949880459
v 0.7870054244995117 0.3354087173938751 0.1042880192399025
vn 4.8476308399415746 -3.9712084027947752 0.3121569258179492
v 0.8204458951950073 0.5249045491218567 0.1022795513272285
vn -0.9215924522519950 -0.9896149800301350 -5.9027251713554856
v -0.5627636313438416 -0.0665796548128128 0.0973589047789574
vn -5.2491151697771992 -0.0419592486348460 -3.4305633779485962
v -0.5547298789024353 0.2155051082372665 0.0854087024927139
vn -4.7892422608018048 -0.4389012032104632 -3.8836747158230605
v -0.5577425360679626 0.1878891140222549 0.0894255861639977
vn -3.9621477470564015 -1.4419154570541175 -4.6297006354614592
v -0.5484033226966858 0.1548503637313843 0.0900280922651291
vn -2.7188383113143444 0.2381853848515290 -5.5298948795492935
v -0.5543282032012939 -0.0202852170914412 0.0941454172134399
vn -5.8259519917973837 1.1214326704036179 -1.8920753057287854
v -0.5466961264610291 0.2986543178558350 0.0824964717030525
vn -3.6925413709098098 -0.7008091676771704 -5.0008864652670484
v -0.5441855788230896 0.1282385736703873 0.0931412056088448
vn -3.6317441645566144 -0.3931795825565792 -5.1056681194809208
v -0.5457923412322998 0.1008234396576881 0.0968567728996277
vn -3.0884471955157649 0.4701428270275674 -5.4162550902342863
v -0.5454910993576050 0.0170716829597950 0.0937437191605568
vn -3.2098393677939900 -0.0265301734824321 -5.3779782923306980
v -0.5376582145690918 0.0701948031783104 0.0925386399030685
vn -5.5949023001189886 2.5519896129663153 -0.0604568288918746
v -0.5294235944747925 0.3576019406318665 0.0820947736501694
vn 1.1412223906741326 -2.3647638753026734 -5.6847324177370044
v -0.4971882402896881 -0.0435830689966679 0.0962542593479156
vn -3.2359368652211353 5.0966776733480783 1.4776593363597139
v -0.4882507026195526 0.4000803232192993 0.0884213820099831
vn 1.3677030301335640 -2.4129962203613169 -5.6340223201462942
v -0.4769030213356018 -0.0215907003730536 0.0920365676283836
vn 1.6514409679227531 -2.5836527196210297 -5.4808073494265255
v -0.4560152888298035 -0.0192809998989105 0.0971580296754837
vn -1.2780219739447634 5.9570990808390425 1.5276896639904529
v -0.4008837044239044 0.4335207939147949 0.0807893127202988
vn 1.8831795547122439 -2.8804052044545694 -5.2431676176720439
v -0.4075115621089935 0.0269130151718855 0.0882205069065094
vn 2.4281267930465509 -3.2690728612490054 -4.7829643632375261
v -0.3715605735778809 0.0440851412713528 0.0938441604375839
vn 2.2603700711972756 -4.0699455373125915 -4.1915791614629860
v -0.3379192948341370 0.0728057697415352 0.0897268429398537
vn 1.0419244721804044 -5.5851787399545518 0.7106248343789054
v -0.2955413162708282 0.0969069898128510 0.0811910107731819
vn 1.0810777323112213 5.6589266266686797 2.3986707359618453
v -0.2757581770420074 0.4375376403331757 0.0832998603582382
vn -0.5458805549681314 -4.4509782168274485 4.0208742277123219
v -0.2447278648614883 0.0993171185255051 0.0902289748191833
vn 1.3388706940107600 5.4006455808711182 2.9118247063156537
v -0.2347861081361771 0.4234786033630371 0.0906306654214859
vn 1.3084075743691028 5.5099297758399333 2.6922443375522800
v -0.2135971188545227 0.4249849319458008 0.0780778974294662
vn -1.4641846736425552 -2.9833953511368585 5.3309495758568923
v -0.2179152518510818 0.0904799997806549 0.0925386399030685
vn -1.5145701460560841 -3.0005362415706132 5.3080407968117402
v -0.1991363763809204 0.0904799997806549 0.0978609770536423
vn 0.7961026011891656 5.3457476811148457 3.1676736627723669
v -0.1577626168727875 0.4080136418342590 0.0902289748191833
vn -1.7874107402722019 -2.9331962251341408 5.2595488174008302
v -0.1402892321348190 0.0508133992552757 0.0945471078157425
vn -2.1276615999219239 -3.2906010428880750 4.8892569077383605
v -0.1139787137508392 0.0228961464017630 0.0888230726122856
vn 0.7264260070729495 5.5194265502120405 2.8634460176079792
v -0.0824462771415710 0.3987748324871063 0.0892247110605240
vn -2.1952573029408651 -4.0036134234885523 4.2309166508550096
v -0.0824462771415710 -0.0021088761277497 0.0848061963915825
vn -2.3186188492891864 -3.8694570700921900 4.3281899308570075
v -0.0604539141058922 -0.0024101415183395 0.0956517532467842
vn 0.9605852578623443 5.5166171926932623 2.8408384880269608
v -0.0291223209351301 0.3882305622100830 0.0920365676283836
vn 0.9741989080529625 5.5848826281138573 2.6899430219863207
v -0.0078329034149647 0.3856195807456970 0.0902289748191833
vn 1.1726655542461351 5.7359249100660250 2.2202207803182068
v 0.0152641022577882 0.3843141198158264 0.0832998603582382
vn -0.1321353571820522 5.7516188432913085 2.5129256696126667
v 0.1138782873749733 0.3706567585468292 0.0899276584386826
vn 0.2620280751341968 -4.8378689062507299 3.9449786144548984
v 0.1234183534979820 -0.0271138977259398 0.0959530025720596
vn -1.0962626768412418 5.6048119500634606 2.5901380826372837
v 0.1708174347877502 0.3765816092491150 0.0906306654214859
vn -0.9099895100748212 5.8334118310568783 2.0613260820478465
v 0.2180156707763672 0.3860212862491608 0.0905302315950394
vn -0.4315282577372916 6.0608543110835198 1.4739743689579574
v 0.2411126792430878 0.3897368609905243 0.0866137892007828
vn -2.0961685811464208 -4.2327613932823169 0.8342278452659884
v 0.2473388314247131 -0.0473990961909294 0.0838019326329231
vn -1.9965105310613498 -3.4244699586934964 -4.6116982383586373
v 0.2645109295845032 -0.0686885118484497 0.0983631089329720
vn -0.9532808802317402 -3.8956882491011817 -4.3178647098329686
v 0.2905201911926270 -0.0778268873691559 0.0973589047789574
vn -0.2783563139656797 -5.7433550454435816 -0.6596096078830485
v 0.3117091953754425 -0.0719020068645477 0.0813918262720108
vn 0.3473275733267046 -5.6201513787592949 -1.4362759064951174
v 0.3305884897708893 -0.0731070712208748 0.0903293490409851
vn -1.1185048428333846 5.7531275903668018 2.2553450743180314
v 0.3986744284629822 0.3991765379905701 0.0894255861639977
vn 1.8426142911266821 -5.8276797467260062 1.3177236835040365
v 0.4175537526607513 -0.0591484420001507 0.0895260199904442
vn -1.1479944696733841 5.5146094081102603 2.7182260272604379
v 0.4269933700561523 0.4076119661331177 0.0857099592685699
vn -1.2147412391848820 5.2551941132236175 3.1937936254051391
v 0.4530026018619537 0.4115284383296967 0.0878188088536263
vn 2.3604673666525930 -5.4709011845251778 1.9022243827091581
v 0.4684675633907318 -0.0401687286794186 0.0856095254421234
vn 2.4780482220303801 -5.3579986940332871 2.0206599596655250
v 0.4922675192356110 -0.0290219131857157 0.0857099592685699
vn 2.4631735746564098 -5.3870823710922657 1.9960170430165642
v 0.5113476514816284 -0.0186784695833921 0.0901285335421562
vn -1.0241971451171854 3.9854558814145089 4.7294421040928274
v 0.5639686584472656 0.4311106503009796 0.0921369418501854
vn 2.7136768857378022 -4.9173211123319893 2.7840758458651917
v 0.5563366413116455 -0.0023097193334252 0.0817935243248940
vn -0.4576636506263861 3.3624840068401864 5.1939905881505348
v 0.5842538475990295 0.4301064610481262 0.0968567728996277
vn 4.1150012938864124 -2.3528345023770969 3.9626694112444021
v 0.5941956639289856 0.0371560379862785 0.0891243293881416
vn -0.5304545877386257 2.7935081495053589 5.5825686195140989
v 0.6082547307014465 0.4329182505607605 0.0965555161237717
vn 3.5888318131972432 -0.7786327707868994 5.0905563970013477
v 0.6104639768600464 0.1018276587128639 0.0896264016628265
vn 4.0342655418861639 -0.9343441869148075 4.7168582682531097
v 0.5983129143714905 0.0720023959875107 0.0946474894881248
vn 2.1763317531771400 -1.5272201128301057 5.6678603206547535
v 0.6152842044830322 0.1643904298543930 0.0992669388651848
vn 2.8401190718488065 -1.1964166287247651 5.4585520422210250
v 0.6113677620887756 0.1365735977888107 0.0947479233145714
vn -0.2278274466114252 2.2702465995092243 5.8391996168520395
v 0.6318537592887878 0.4323157072067261 0.0985639840364456
vn 2.2133568144201754 -1.9935435524676777 5.5134349941826795
v 0.6342639327049255 0.1575617492198944 0.0900280922651291
vn -0.8384209872198130 2.4070210983396536 5.7326742863132365
v 0.6460132598876953 0.4527013301849365 0.0910323038697243
vn 1.8888527126607018 -2.6606946232858615 5.3591331036013594
v 0.6547499895095825 0.1673026531934738 0.0872162953019142
vn 2.2220553791294222 -2.5444475018530830 5.2341422742515240
v 0.6764410734176636 0.1824663430452347 0.0881200656294823
vn 2.6002572476584875 -1.8897689090651739 5.2685312414924281
v 0.6816629767417908 0.2067684233188629 0.0967563912272453
vn -1.1504780688847867 2.9545410198280710 5.3727637904293122
v 0.6723237633705139 0.4664591252803802 0.0911327376961708
vn -0.5424104898508015 3.7422693820195390 4.9925829648578173
v 0.6907009482383728 0.4769029915332794 0.0869150459766388
vn 3.1263617270172643 -2.2447880420985364 4.8798362080278910
v 0.7010443806648254 0.2304679602384567 0.0916348695755005
vn 2.7222179999136036 -3.6227972121510690 4.3237269165875238
v 0.7889134883880615 0.2885117530822754 0.0877184271812439
vn 4.5340513596844616 -1.1173458660166253 2.5667939990778224
v 0.7877084016799927 0.4737899005413055 0.0837015509605408
vn 5.0068964416144368 -3.2158461391889008 1.6023803696447207
v 0.8041775226593018 0.5036152005195618 0.0889234542846680
vn 2.8748830882184655 -0.8826698503998525 5.4767212053274470
v 0.8082948327064514 0.3476601839065552 0.0952500551939011
vn 3.3567829885523910 -0.9609831006670916 5.2126945801797069
v 0.8059851527214050 0.3232576847076416 0.0903293490409851
vn 0.6692464205810149 4.5174644914086342 -2.2494500163042983
v 0.8154247999191284 0.5485037565231323 0.0910323038697243
vn 2.8344643062732584 0.7368205709937784 5.4823849313132982
v 0.8107049465179443 0.3716609776020050 0.0949487984180450
vn 3.1830883233593155 -0.1355985774466544 -2.0644679600810072
v 0.8291825652122498 0.5339425802230835 0.0870154798030853
vn -1.3402596860238360 0.5253653109064715 5.9745832556280849
v -0.8284796476364136 0.2566780447959900 0.0863124728202820
vn -1.7968310862735468 1.0104389683502477 5.8268853511580989
v -0.8464550971984863 0.2516569495201111 0.0818939581513405
vn -0.4398557345657811 -0.4497822491052698 6.2249613482680779
v -0.8253665566444397 0.2325768172740936 0.0854087024927139
vn -0.2184471441042891 -0.5768804721440284 6.2435279291372536
v -0.8087970018386841 0.2514561116695404 0.0876179933547974
vn -1.0548541993112230 0.4603428740174154 6.0429659386062715
v -0.8099016547203064 0.2707370817661285 0.0888230726122856
vn -1.9688716211988606 1.7883058728480434 5.6059791873419966
v -0.8056838512420654 0.3053825795650482 0.0826973468065262
vn -2.1419328401435322 1.3496742867041860 5.6929692372523952
v -0.8182366490364075 0.2894155383110046 0.0827977284789085
vn 0.8647962053495306 -1.5282927083333813 5.9364868275421863
v -0.7919261455535889 0.2326772361993790 0.0849065706133842
vn -0.5720011484781701 0.1658130347891079 6.1874831083456971
v -0.7851978540420532 0.2843944728374481 0.0905302315950394
vn 0.3040658775741237 -0.8171131846117302 6.1859817379027637
v -0.7881100773811340 0.2572805583477020 0.0886221975088120
vn -0.7063390557460067 0.4767232284888714 6.0912157214678535
v -0.7705363035202026 0.3055834472179413 0.0917352512478828
vn -2.2259276391088463 1.9954540376590997 5.4394536496029824
v -0.7896164059638977 0.3249648511409760 0.0820947736501694
vn 1.5348801866829320 -1.9641317081706335 5.6848497837285521
v -0.7704358696937561 0.2390037924051285 0.0822956562042236
vn -0.9844805585630203 1.2095046120432849 5.9855145322330632
v -0.7544687390327454 0.3342036306858063 0.0897268429398537
vn 0.3366783060898629 -0.7147225156326275 6.2164864754749596
v -0.7616991400718689 0.2867041528224945 0.0904297903180122
vn 1.3770336657278599 -1.7853107337426584 5.7888773834634701
v -0.7570797204971313 0.2561759352684021 0.0843040645122528
vn 0.2992600858880360 -0.0546644757952794 6.2544503088926753
v -0.7428199052810669 0.3126129508018494 0.0912331789731979
vn 0.9941890075801298 -0.9315548377419136 6.0319477956425551
v -0.7393051385879517 0.2938340902328491 0.0901285335421562
vn 1.4661912620932587 -1.7334562858857314 5.7535115525776392
v -0.7429202795028687 0.2702349722385406 0.0855091437697411
vn -0.3418023148577257 1.3719895081191886 5.9523935905883212
v -0.7239405512809753 0.3553926348686218 0.0888230726122856
vn -1.4921977123348935 2.4560884881302520 5.5467283241474767
v -0.7526611685752869 0.3575015068054199 0.0820947736501694
vn 0.1141615094065131 0.3516664056549972 6.2073068311641553
v -0.7334806919097900 0.3362120687961578 0.0910323038697243
vn 1.4043167146523210 -0.9291750476262575 5.9772508106279592
v -0.7194216251373291 0.3104036748409271 0.0883209407329559
vn 2.3356202482679662 -1.9248309069682148 5.4727065271273148
v -0.7157059907913208 0.2835910618305206 0.0795842334628105
vn 1.1988138328165268 -0.5781029495303189 6.0672068659497205
v -0.7076722383499146 0.3302871882915497 0.0882205069065094
vn 0.8319666275029789 -0.0656202428014712 6.1285744268148177
v -0.6946173906326294 0.3504719734191895 0.0873167365789413
vn -0.6447262361141501 2.0260531344650432 5.7615776697867815
v -0.7123920917510986 0.3739706873893738 0.0843040645122528
vn 0.2206315296991149 1.2135063250127829 6.0653458272687804
v -0.6703153848648071 0.3823056817054749 0.0824964717030525
vn 2.2513894979255089 -1.7568867042983825 5.5326070754712120
v -0.6735288500785828 0.3293834030628204 0.0777766406536102
vn -5.7286246672440697 0.6711140603492324 -2.4417101268725077
v -0.5498092174530029 0.2679252922534943 0.0808897539973259
vn -5.5110946440940021 0.2029770958110140 -2.9693546883363755
v -0.5521188974380493 0.2420164644718170 0.0810905694961548
vn -3.9332738756174921 -1.5086721398118970 -4.6550286493225297
v -0.5448884963989258 0.1763406097888947 0.0811910107731819
vn -0.7951526770306914 -1.0109862905888320 -6.0776736000743536
v -0.5392649173736572 -0.0357501693069935 0.0911327376961708
vn -5.8894199022965790 1.6150351173499309 -1.3850273907521062
v -0.5349467992782593 0.3375175595283508 0.0766719952225685
vn -1.5510147577960434 -0.3094669367989942 -5.9348050661359952
v -0.5358506441116333 -0.0126531636342406 0.0869150459766388
vn -2.9205206295000141 -0.2157434415522226 -5.5197082691890120
v -0.5284193754196167 0.1132757440209389 0.0845049396157265
vn -2.7361417062766673 -0.4897114451484884 -5.6052256856779978
v -0.5255071520805359 0.0913837999105453 0.0847057551145554
vn -2.3666994479518837 0.2634826506170100 -5.7773784081197768
v -0.5188793540000916 0.0525205694139004 0.0822956562042236
vn -2.4122086068331838 -0.0645798693579389 -5.7365180504941264
v -0.5262100696563721 0.0259087998420000 0.0841032490134239
vn -0.2280742565892725 -1.2840460491396526 -6.1406091203552791
v -0.5168708562850952 -0.0113476794213057 0.0851074531674385
vn 0.2183611742366380 -1.7170697032602269 -6.0243078885449819
v -0.5168708562850952 -0.0310303494334221 0.0897268429398537
vn -4.0181439112201307 4.4909760074898175 1.5660164783924027
v -0.5095400810241699 0.3856195807456970 0.0808897539973259
vn 0.4908719889843502 -1.8589140270951954 -5.9293216002753280
v -0.4980919957160950 -0.0190801545977592 0.0867141634225845
vn 0.5913910327390683 -1.8492227008093505 -5.9190527626126324
v -0.4814219772815704 -0.0002008623850998 0.0821952149271965
vn 1.2639444033314946 -2.4660273092795735 -5.6065171320539191
v -0.4524001181125641 0.0060252877883613 0.0852078869938850
vn 1.4631465569249038 -2.5064254606451706 -5.5409287592596730
v -0.4306085705757141 0.0210885535925627 0.0839023664593697
vn 1.9446016698577182 -2.9574966144595751 -5.1752209727705534
v -0.3895360529422760 0.0446876734495163 0.0850070118904114
vn -0.7842721965069688 6.0293903752932065 1.5333750779043713
v -0.3665394783020020 0.4416549503803253 0.0763707458972931
vn 1.8516611849327349 -3.4084154443053691 -4.9223895050324140
v -0.3680458366870880 0.0667804554104805 0.0798854902386665
vn 0.0869637844243885 6.0705803834124472 1.6072808752504066
v -0.3203454613685608 0.4424583017826080 0.0788812860846519
vn 1.3015257117581733 -5.5295204571029153 -1.6152877604706226
v -0.3171319663524628 0.0906808376312256 0.0787808448076248
vn 0.4367013589089405 5.9465891582375834 1.8910686558498970
v -0.2992568910121918 0.4420566260814667 0.0786804705858231
vn -0.3984575904265620 -5.1830256533322352 2.5979274671996309
v -0.2745531499385834 0.0988150089979172 0.0817935243248940
vn 1.3268641203323313 5.5470222319483913 2.6242831670894873
v -0.2536654174327850 0.4328178465366364 0.0810905694961548
vn -1.7115256328048345 -3.3321811324054367 5.0041379733313400
v -0.2069692909717560 0.0724040865898132 0.0857099592685699
vn 0.9826850695997984 5.4967743450861528 2.8423663568280073
v -0.1858807057142258 0.4177545607089996 0.0809901356697083
vn -1.9822696240220048 -3.4931976109036906 4.7964740327768620
v -0.1879895776510239 0.0547298453748226 0.0804880633950233
vn -1.8100227489205953 -3.1339261526453677 5.1180345941983463
v -0.1604740023612976 0.0520184636116028 0.0890238881111145
vn -2.0755727621044779 -3.4886258887906494 4.7650569910124050
v -0.1393854320049286 0.0304277800023556 0.0828981623053551
vn 0.8382596023559213 5.5193585506698550 2.8366760795089379
v -0.1313516944646835 0.4091182947158813 0.0809901356697083
vn 0.7794607070309911 5.7063460497356777 2.4188875989604020
v -0.1119702905416489 0.4103233516216278 0.0733580663800240
vn -2.2051253958110575 -3.8035200893558381 4.4191886559596538
v -0.1021289527416229 0.0056236004456878 0.0817935243248940
vn -1.7891917368819745 -5.0182198487704293 3.2332059164078482
v -0.0473990775644779 -0.0229966044425964 0.0791825428605080
vn 1.0065555339414334 5.6725731520600906 2.4566777483708226
v -0.0438843183219433 0.3966659903526306 0.0804880633950233
vn -1.0187240597330891 -5.6248600820729298 2.4982339354754748
v 0.0009037888376042 -0.0362522788345814 0.0766719952225685
vn -0.5423829276655767 -5.6136717083325740 2.7222846679279895
v 0.0197830833494663 -0.0369552336633205 0.0802871808409691
vn -0.1073248790240591 -5.5744339023065459 2.8771904379444440
v 0.0480016022920609 -0.0379594489932060 0.0807893127202988
vn 0.6083433493056920 5.8168950966961308 2.2486593688112082
v 0.0574412494897842 0.3785900771617889 0.0809901356697083
vn 0.0608519366282397 -5.3582601788090987 3.2720150070345153
v 0.0857601985335350 -0.0376581847667694 0.0803876221179962
vn -0.2052666114836073 -5.2322107803869056 3.4307299462582050
v 0.1234183534979820 -0.0395661965012550 0.0786804705858231
vn -0.6006255218145728 5.8676115458266649 2.1286781508336925
v 0.1455111503601074 0.3777866959571838 0.0775758251547813
vn -0.2041335720487070 -4.6657235369804448 4.1795363170397506
v 0.1600722968578339 -0.0400683060288429 0.0804880633950233
vn -0.1920619124497957 -4.4536066588489351 4.4207389411400362
v 0.1801566630601883 -0.0403695702552795 0.0807893127202988
vn -1.0505723703493066 5.8473401238470828 1.9166875545723359
v 0.1919060051441193 0.3850170671939850 0.0810905694961548
vn -0.8580568833265804 -4.5729144319869821 4.1928176591235484
v 0.2054629474878311 -0.0422775857150555 0.0803876221179962
vn -0.0707565638311971 6.2182850911185437 0.8465208242593476
v 0.2664189338684082 0.3919461667537689 0.0773749500513077
vn -2.0152855504805798 -4.7826429117703171 0.2339989664888573
v 0.2739506065845490 -0.0605543516576290 0.0809901356697083
vn -0.1380120919120412 6.2298986841287753 0.7513369964517072
v 0.3022695481777191 0.3922474384307861 0.0785800293087959
vn -1.1764079352610373 -5.6964831220641710 1.0646884787175968
v 0.2929303348064423 -0.0705965310335159 0.0745631530880928
vn -0.7185151833223959 6.1375707739376582 1.0635767759088026
v 0.3356095552444458 0.3942558467388153 0.0720526054501534
vn -0.0798921259524951 -6.0995197353198432 1.3751850490367659
v 0.3400281071662903 -0.0761197209358215 0.0726551190018654
vn -0.9652746257478362 5.9772619633465007 1.6477818270225759
v 0.3640289008617401 0.3985739946365356 0.0752661004662514
vn 1.2787359615928511 -5.9295404276235013 1.5733577555537486
v 0.3901385962963104 -0.0691906213760376 0.0762703046202660
vn 2.1733146281660023 -5.5026695449019289 2.0639509444819408
v 0.4439646601676941 -0.0520185008645058 0.0805884376168251
vn -1.1019323669123771 4.9748832689971163 3.5635943152302803
v 0.5078328847885132 0.4300060272216797 0.0808897539973259
vn -1.4858299245427653 5.3948776814350579 2.7992299609981690
v 0.4813215434551239 0.4276963174343109 0.0729564353823662
vn 2.4347267823835708 -5.2961575221572170 2.3338654933019463
v 0.5374573469161987 -0.0162683464586735 0.0718517899513245
vn -1.3876575634594395 4.9063451546375152 3.5981241373131008
v 0.5349467992782593 0.4404498636722565 0.0747640281915665
vn 3.4172614910150898 -4.3718194207407564 2.5495303307831994
v 0.5806387066841125 0.0063265529461205 0.0736593827605247
vn -1.1977488851941207 3.8802945998060405 4.7814478326213692
v 0.5782285928726196 0.4435629546642303 0.0847057551145554
vn -1.4003432117960462 3.4804448334951288 5.0168694243050016
v 0.6036352515220642 0.4585258066654205 0.0808897539973259
vn 3.9965527551719031 -1.1524479459865797 4.6786470844460926
v 0.6160875558853149 0.0796344429254532 0.0819943398237228
vn 4.3622601513923023 -1.8373624292748569 4.0658019788350366
v 0.6133761405944824 0.0548302717506886 0.0764711797237396
vn -1.0090785634195709 3.0671335985114521 5.3453874736041564
v 0.6224141120910645 0.4586262106895447 0.0856095254421234
vn 3.2116513303231082 -1.3130716855366891 5.2283262546083948
v 0.6227154731750488 0.1218115910887718 0.0858104005455971
vn 3.9286541910607760 -1.5307999452607999 4.5719515402347648
v 0.7064671516418457 0.2060654610395432 0.0793834179639816
vn -2.2944072236775632 3.1452690190212804 3.4749495165625359
v 0.7132958173751831 0.4780076146125793 0.0849065706133842
vn -3.6577062945710015 4.5115338684634505 2.0682463920593559
v 0.7322756052017212 0.5139585733413696 0.0745631530880928
vn 2.5530125420779028 -4.1498272411828063 3.7654372700942487
v 0.7642096877098083 0.2689294815063477 0.0808897539973259
vn -0.7384910104984377 5.5091979033196692 -1.0907212026385422
v 0.7703354358673096 0.5374573469161987 0.0782787725329399
vn 4.2149069316051717 0.9646563116634805 4.0365994065830115
v 0.7917252779006958 0.4490861594676971 0.0816930830478668
vn 3.0884622645870627 1.8509991628182829 5.1270868554284021
v 0.8035750389099121 0.4331190884113312 0.0806888788938522
vn 2.6933030138100502 1.5172290046939172 5.4615553740085447
v 0.8171319961547852 0.4026913046836853 0.0828981623053551
vn 2.8947319725399252 -1.8250398600712829 5.1315107880703117
v 0.8110062479972839 0.3014661669731140 0.0840028077363968
vn 3.7183585126279008 -1.3631948010677559 4.8496476630649310
v 0.8273749947547913 0.3348061740398407 0.0795842334628105
vn 4.0099038487173813 -0.2328945496877606 -2.2238370451454594
v 0.8185378909111023 0.5201848149299622 0.0766719952225685
vn 3.3726097564524724 -0.6930679401537471 4.8694966653706961
v 0.8300864100456238 0.3569993972778320 0.0863124728202820
vn -1.6258723781399480 0.3686617640162647 5.9420429259262262
v -0.8812010884284973 0.2099819034337997 0.0767724364995956
vn -0.3291528781182700 -1.1357159437364273 6.0990154491765942
v -0.8557943701744080 0.1973287761211395 0.0795842334628105
vn -1.6105025531648729 0.4902533376716883 5.9090034563846956
v -0.8652340173721313 0.2255472987890244 0.0803876221179962
vn -0.2788660118077981 -1.5764799629091049 5.9646198175187131
v -0.8746736645698547 0.1784494817256927 0.0747640281915665
vn 0.7865522855770629 -2.8251642812620807 5.4594210798976404
v -0.8522796034812927 0.1699136346578598 0.0702450126409531
vn -2.7311100865445161 1.8408137004676861 5.2987938816726645
v -0.8726652264595032 0.2480417639017105 0.0717513561248779
vn -0.5624418697542988 -0.4639267784629985 6.2055822922861310
v -0.8428399562835693 0.2208274602890015 0.0831994190812111
vn 0.5042918611370613 -1.9980866164792983 5.8527233515723482
v -0.8363125920295715 0.1932114660739899 0.0782787725329399
vn -2.8373853449474939 2.1402701509801170 5.0777723188303767
v -0.8430408239364624 0.2860012054443359 0.0727555602788925
vn -2.9483315073082377 2.6384748293387696 4.7008868946877556
v -0.8299859762191772 0.3091986179351807 0.0704458355903625
vn 0.4408255320086399 -1.5338808997333520 5.9579038658151644
v -0.8181362152099609 0.2137979418039322 0.0834002941846848
vn 1.6396671787099197 -2.8375436178368494 5.2968501477513588
v -0.8084957003593445 0.1942156851291656 0.0731572508811951
vn 1.4838972180855241 -2.4314398821227590 5.5747271179505002
v -0.7994577884674072 0.2137979418039322 0.0795842334628105
vn 2.1574394065362972 -2.9997325577328158 4.9768280304538965
v -0.7729464173316956 0.2137979418039322 0.0715504735708237
vn -2.3298840169216275 2.5398962090085369 5.0913618313448490
v -0.7759590744972229 0.3488652110099792 0.0787808448076248
vn -1.8742284933477349 3.3463322652677077 4.8348918298203900
v -0.7383008599281311 0.3812010586261749 0.0739606395363808
vn 2.6455949031867165 -3.0821844293041938 4.6748884358876008
v -0.7516569495201111 0.2259489744901657 0.0686382427811623
vn 2.6838980491560793 -2.8491145512799521 4.7996118085183959
v -0.7343844175338745 0.2466358691453934 0.0717513561248779
vn 2.7310687345635856 -2.7930714720036272 4.8035196639072808
v -0.7186182141304016 0.2633058726787567 0.0726551190018654
vn -1.5834102679083890 3.5533120884815483 4.8326953400009192
v -0.7155051231384277 0.3969672322273254 0.0708475261926651
vn -0.5893783160795594 2.7142529435916707 5.5605940556514382
v -0.6957220435142517 0.3898373246192932 0.0791825428605080
vn 2.2874979347120754 -1.8959838001691751 5.4889183251491938
v -0.6958224773406982 0.3057842850685120 0.0789817199110985
vn -1.0413185491375996 3.5039972403689994 4.9921040489715995
v -0.6819642186164856 0.4116288423538208 0.0691403746604919
vn -0.5634004171960786 2.2468861736044934 5.6093234313359179
v -0.6662985086441040 0.4013858139514923 0.0775758251547813
vn 1.4495650684426278 -0.8669770331061122 5.9049324709214179
v -0.6627837419509888 0.3585057258605957 0.0825969055294991
vn 0.8681606265475698 0.1726637619249501 6.1420900649135532
v -0.6415947079658508 0.3832094967365265 0.0794837921857834
vn 2.6414324049621927 -2.4488316452021408 5.1189826838226367
v -0.6486242413520813 0.3478610217571259 0.0729564353823662
vn 0.1914816823436556 1.9288223071707979 5.8261761600748319
v -0.6440048813819885 0.4028921127319336 0.0767724364995956
vn 2.0862062316850256 -1.9514299048262140 5.4927979829001394
v -0.6380799412727356 0.3644306063652039 0.0757682323455811
vn 1.4820531438441757 -0.6260142206446270 5.7620332993597749
v -0.6175939440727234 0.3858204483985901 0.0760694891214371
vn -4.6323061390934868 -1.1678974584109938 -4.0293859394903206
v -0.5421771407127380 0.1982325762510300 0.0709479674696922
vn -3.3234108254145140 -1.8725420440598797 -4.9784612002981952
v -0.5233982801437378 0.1541474014520645 0.0723538622260094
vn -2.4292674935917957 -1.1665959362365019 -5.6491879795482358
v -0.5062261819839478 0.1209077984094620 0.0739606395363808
vn -1.0883754399383332 -0.6906942414869016 -6.0406754347928002
v -0.5142598748207092 0.0078328792005777 0.0810905694961548
vn -2.1991479013352464 -0.5477918941881837 -5.8531819429714584
v -0.5074312090873718 0.0935930758714676 0.0770736932754517
vn -2.1094678104219891 -0.2414865734633884 -5.9065398471444652
v -0.5048202872276306 0.0725044980645180 0.0779775157570839
vn -1.3490818458760117 -0.1924524806659998 -6.0991127588718967
v -0.5050210952758789 0.0348463356494904 0.0776762068271637
vn -1.1203910936619024 -0.4114092615931875 -6.1393640650943899
v -0.4884515106678009 0.0537256300449371 0.0736593827605247
vn -2.5274265413010801 3.3644543661594528 3.2577336989885231
v -0.5005021691322327 0.3944567143917084 0.0666298270225525
vn -0.1282611236861807 -1.1634267055124761 -6.1031034825536503
v -0.4818236529827118 0.0252058468759060 0.0755673572421074
vn -2.7803767577512106 4.8168549043619917 2.6789728888533855
v -0.4795140027999878 0.4090178906917572 0.0736593827605247
vn -1.6780260326075835 4.9856767119400169 3.1309350977924986
v -0.4638481736183167 0.4194617569446564 0.0663285776972771
vn 0.9482924500374426 -1.8697557379594851 -5.8591991977224813
v -0.4513958692550659 0.0252058468759060 0.0775758251547813
vn -1.4652377549555420 5.4877672391006262 2.5678963321631496
v -0.4334203898906708 0.4313115179538727 0.0627133920788765
vn 1.3179744415960579 -2.5089951696628887 -5.5955655652397596
v -0.4079132378101349 0.0479011684656143 0.0778770819306374
vn 0.4943278902211503 -1.9570868135656627 -5.9245244788437690
v -0.4299056231975555 0.0555332228541374 0.0711488425731659
vn -0.1103759906658973 6.0888472150965400 1.5273086718940592
v -0.3403293788433075 0.4444667696952820 0.0714500993490219
vn 1.6366202739099460 -4.1551924759341681 -4.3961196895262535
v -0.3465555608272552 0.0843542739748955 0.0749648436903954
vn -1.8082758699990951 -4.0537053199156494 4.4131842625633544
v -0.2548704743385315 0.0824462547898293 0.0744627118110657
vn 1.3113798572194713 5.6808538103176032 2.2992588107392540
v -0.2323759943246841 0.4340229034423828 0.0681361705064774
vn -2.0600704039469959 -3.8632560874779474 4.4964471147585385
v -0.2251456230878830 0.0695922672748566 0.0756677910685539
vn -2.1916135771061778 -3.9007710981677897 4.4084440490616812
v -0.2069692909717560 0.0543281622231007 0.0708475261926651
vn -2.1259682217214602 -3.8060563670023271 4.5083079943407665
v -0.1682064831256866 0.0344446487724781 0.0730568096041679
vn 0.9691692328788577 5.8057665911181715 2.1530957490323006
v -0.1607752591371536 0.4209680557250977 0.0638180300593376
vn -2.3276829197111084 -4.0555102892784607 4.1725085953155068
v -0.1204057112336159 0.0061257095076144 0.0719521716237068
vn 0.8766386387276779 5.8323989433096592 2.0878229501708323
v -0.0698935613036156 0.4048001468181610 0.0715504735708237
vn 1.2355074514768813 5.8344144089246051 1.8478335108652055
v -0.0106447124853730 0.3941554427146912 0.0715504735708237
vn -1.2012611255712746 -5.5841142819777163 2.5793759149334510
v -0.0200843587517738 -0.0335408896207809 0.0723538622260094
vn 0.9556427440076651 6.0088329814284549 1.5385932977702179
v 0.0322353802621365 0.3895360529422760 0.0552822016179562
vn 0.7157407574855920 5.8821043383779603 2.0273815109055047
v 0.0757180154323578 0.3798955678939819 0.0715504735708237
vn 0.1706841033094895 6.0208098801319432 1.7538892222361384
v 0.0981120765209198 0.3800964057445526 0.0631150826811790
vn -0.2969923204607652 5.9581646527127816 1.9282626872988571
v 0.1234183534979820 0.3789917528629303 0.0705462694168091
vn -0.5697051968687452 -5.2837989538800274 3.3198656880539761
v 0.1506326496601105 -0.0498092211782932 0.0666298270225525
vn -1.0067844911379547 5.9575727587427432 1.7018934539290993
v 0.1693111062049866 0.3832094967365265 0.0714500993490219
vn -0.6017011961246508 6.1227256695201717 1.1843370482839102
v 0.2187186181545258 0.3910423517227173 0.0714500993490219
vn -1.0877497699509284 -4.6222743173593948 4.0613289988325798
v 0.2269532084465027 -0.0491062663495541 0.0775758251547813
vn 0.8024921056231129 -6.0778328865424998 1.2992059286368081
v 0.3680458068847656 -0.0749146640300751 0.0710484012961388
vn -1.0465399492066036 5.9163876470062400 1.8301282060679078
v 0.3823056817054749 0.4025908708572388 0.0714500993490219
vn -1.5074165155241679 5.8005571266235707 1.8759927560175802
v 0.3944567441940308 0.4095199704170227 0.0575918667018414
vn 1.7446942340577460 -5.6327599411954914 2.1025770782412332
v 0.4257883131504059 -0.0634665787220001 0.0714500993490219
vn 2.1715849415210511 -5.4041981139055046 2.3071965894285245
v 0.4742920398712158 -0.0474995188415051 0.0657260641455650
vn 2.3376805630876980 -5.2348378612105027 2.5700587106236084
v 0.5142598748207092 -0.0268126316368580 0.0709479674696922
vn -1.7657206163327919 4.5717766024884607 3.8584022497804908
v 0.5568387508392334 0.4498895406723022 0.0721530467271805
vn -1.9125440136664589 4.3415993883443136 4.0381465482551180
v 0.5878690481185913 0.4655553400516510 0.0696425065398216
vn 4.2714229797225869 -3.3031703677476290 2.8121353932433353
v 0.6061457991600037 0.0286201871931553 0.0691403746604919
vn -1.7533413233140174 4.1351281103087061 4.2951872419985104
v 0.6155854463577271 0.4767021238803864 0.0707471445202827
vn 3.9119570285957939 -1.7508495334140928 4.5629351982602122
v 0.6398875713348389 0.1108656227588654 0.0706467106938362
vn 4.2022333674687893 -1.4316511148623978 4.3935707527084400
v 0.6317533254623413 0.0916850641369820 0.0715504735708237
vn -1.1654166066706868 3.4851417911188260 5.0452486437527684
v 0.6460132598876953 0.4787105619907379 0.0781783387064934
vn 3.1975000294236220 -2.2227737735507214 4.9090380104393763
v 0.6462140679359436 0.1318537741899490 0.0737597644329071
vn -0.8367992895312826 3.7726252337317572 4.9403204024220635
v 0.6718216538429260 0.4855392575263977 0.0779775157570839
vn 2.3030806357622975 -3.1970696754567740 4.8560637961871080
v 0.6792528629302979 0.1585659533739090 0.0729564353823662
vn -0.6409900743505852 4.3034498982394345 4.4368174025280851
v 0.6899980306625366 0.5058245062828064 0.0644205436110497
vn 3.0483688446939814 -2.2294576513289162 4.9011045856779001
v 0.6973288059234619 0.1805583238601685 0.0767724364995956
vn -2.2325736891828982 3.5143107744700663 4.1673255670610541
v 0.7130950093269348 0.4961839616298676 0.0728559941053391
vn 4.0330631427207297 -3.0211914428227904 3.4838297581983917
v 0.7287608385086060 0.2307692170143127 0.0632155239582062
vn -2.3751465687154938 5.3063792816800426 -0.4111740304387038
v 0.7502510547637939 0.5296244621276855 0.0717513561248779
vn 1.8286533665830598 -3.7051449129180209 4.7184719691060142
v 0.7821851968765259 0.2700341343879700 0.0741614550352097
vn 1.1456659068567594 4.3882667049792037 -3.8372703903344503
v 0.7932316064834595 0.5316328406333923 0.0702450126409531
vn 1.7650708695475783 -3.4082418024177232 4.9417525870419974
v 0.8008636832237244 0.2793733477592468 0.0738601982593536
vn 5.4139772944694808 -1.2465048600465960 0.5813395118128898
v 0.8104037046432495 0.4954810142517090 0.0709479674696922
vn 2.8718326792556921 2.0619614500210011 5.1481203128177118
v 0.8244627714157104 0.4324161410331726 0.0710484012961388
vn 1.3098244710781275 -2.5445210779065093 5.5589245651655368
v 0.8201445937156677 0.2806788384914398 0.0700441971421242
vn 3.5942479537629306 -0.4862401187927655 5.1180558882752161
v 0.8319943547248840 0.3173328042030334 0.0725547373294830
vn 2.6852588942123337 -0.7637059610701216 5.5536509231534561
v 0.8317935466766357 0.2982526719570160 0.0718517899513245
vn 3.5503994713124980 0.0102632206850422 4.2368119925538421
v 0.8402290344238281 0.3784896433353424 0.0798854902386665
vn 2.9898506719702578 1.7826285297763678 5.1678274842962200
v 0.8405302762985229 0.4105241894721985 0.0705462694168091
vn 2.8477598562839730 -1.8239761572464179 3.9120653251791744
v 0.8570998311042786 0.3842136859893799 0.0666298270225525
vn 4.8775102892606785 0.0660744475255013 3.4404139820317905
v 0.8462542891502380 0.3562964498996735 0.0682366043329239
vn -1.6151797823104470 -0.6734850920258549 5.8560230963526587
v -0.9200642704963684 0.1735288053750992 0.0660273209214211
vn -1.3097466521948891 -0.4293284221885877 6.0655833576103424
v -0.8946576118469238 0.1872865855693817 0.0732576921582222
vn -2.3474426177000662 1.0756546460925009 5.6341457996487927
v -0.9071098566055298 0.2046595513820648 0.0686382427811623
vn -0.6915857587341313 -2.3511508174397213 5.5838862678794321
v -0.8934525251388550 0.1647921055555344 0.0692408084869385
vn -2.9729430790956846 2.2452725243924627 4.9251876926004554
v -0.9004820585250854 0.2324763983488083 0.0631150826811790
vn 0.0719873916257138 -3.4461257969739121 5.0962152716312117
v -0.8746736645698547 0.1565575301647186 0.0651234909892082
vn -3.1298860210573443 2.5371179896347233 4.6886365124261813
v -0.8657361268997192 0.2724442481994629 0.0659268796443939
vn 1.4680876018336182 -3.1960904210490422 5.1445626601266685
v -0.8275758624076843 0.1765414625406265 0.0685378611087799
vn -3.2215744929999763 3.3076209760291975 4.0955191856136448
v -0.8202450275421143 0.3302871882915497 0.0623116940259933
vn -3.2995777437146896 3.4515001980396605 3.9161376064676596
v -0.8043783903121948 0.3470576405525208 0.0612070523202419
vn 2.3573689973002914 -3.4982642191101321 4.5524193736326906
v -0.7905202507972717 0.1873870193958282 0.0619100034236908
vn -3.2474615731831431 3.7724140573744434 3.7535738974819237
v -0.7896164059638977 0.3595099449157715 0.0615083090960979
vn -2.6757013980615154 3.7140659953025050 4.1436160490988687
v -0.7701345682144165 0.3697529435157776 0.0676340386271477
vn -2.9263725148720092 4.2950437653377440 3.4711241123667813
v -0.7633059024810791 0.3858204483985901 0.0540771223604679
vn 3.5480127559231271 -3.5348251002112963 3.7107327891376007
v -0.7253464460372925 0.2335810363292694 0.0545791946351528
vn -1.6305202820069173 4.0695392396618759 4.3898146999993246
v -0.7044587731361389 0.4119300842285156 0.0625125095248222
vn 3.3647301826054092 -2.9195334709983958 4.1513172129324030
v -0.6995381116867065 0.2705362439155579 0.0655251890420914
vn 3.4982408514713041 -2.9164373387673681 4.1712752997321845
v -0.6860815882682800 0.2874071002006531 0.0648222342133522
vn 3.0798662302298587 -2.6954626473894296 4.6594961714606020
v -0.6770436167716980 0.3056838512420654 0.0697428807616234
vn -0.6961328312118529 4.0442028476389176 4.6313271374054477
v -0.6627837419509888 0.4236794412136078 0.0632155239582062
vn 3.3084607844491711 -2.6306822220747441 4.4231781311568952
v -0.6613778471946716 0.3182365894317627 0.0669310837984085
vn 3.5595954965262906 -3.2380107589372917 3.8825359309090959
v -0.6441052556037903 0.3300863504409790 0.0599015913903713
vn -0.2618446307025902 3.4918235603353405 5.1508197213550293
v -0.6392850279808044 0.4198634028434753 0.0677344724535942
vn 3.1962155572581841 -3.6403501364587263 3.8134655635425592
v -0.6266318559646606 0.3453504741191864 0.0581943765282631
vn 0.4164522398129319 2.1132924367792780 5.7146218660568815
v -0.6116690039634705 0.4146414697170258 0.0704458355903625
vn 2.5689027883769411 -3.6459153635075157 4.2177498806190892
v -0.6010243296623230 0.3676441013813019 0.0605041049420834
vn 1.6269089605974718 -1.8288654219779081 5.4972597857869765
v -0.5899779200553894 0.3878288865089417 0.0684374198317528
vn 0.7491670892974226 -0.5142061925035726 5.8630046630350936
v -0.5690901875495911 0.4045993089675903 0.0686382427811623
vn 0.3221245059718177 2.2281839931179883 5.6930075306331185
v -0.5851576924324036 0.4200642406940460 0.0674332156777382
vn 0.2480221644015186 -3.1436120896583253 5.1337974694447794
v -0.5532235503196716 0.3918457627296448 0.0626129508018494
vn 0.5530264858354059 0.2349602939278135 6.1063845355403474
v -0.5358506441116333 0.4075115323066711 0.0646214187145233
vn -5.8563422775383200 0.6517118964160138 -2.1561481921203178
v -0.5379594564437866 0.2912231385707855 0.0601024106144905
vn -5.6720029283546207 -0.0494171876534888 -2.6739264204306190
v -0.5417754650115967 0.2514561116695404 0.0628138259053230
vn -5.3090728391808106 -0.7615823526342220 -3.2503356139590798
v -0.5373569130897522 0.2234384268522263 0.0588973276317120
vn -5.9144981657790421 1.1214177355161024 -1.7463947108566056
v -0.5345451235771179 0.3190399408340454 0.0631150826811790
vn -4.0915728337233208 -2.3156679948800263 -4.1387487335675237
v -0.5270134806632996 0.1861819475889206 0.0614079311490059
vn -6.0953418415423304 0.7342058570689129 -0.3684554959479896
v -0.5250050425529480 0.3537859022617340 0.0543783754110336
vn -2.8640131641311788 0.3262372915150499 4.2749558245295489
v -0.5205864906311035 0.3864229619503021 0.0603032857179642
vn -2.7056540982870971 -2.5063692559627371 -5.0406598079468612
v -0.4956818819046021 0.1402892023324966 0.0628138259053230
vn -1.4035525376285458 -0.6512668138858464 -6.0695385713691543
v -0.4809198975563049 0.0825466811656952 0.0696425065398216
vn -2.6286482662171391 -2.6030071878279912 -4.8837752361680913
v -0.4709781110286713 0.1290419697761536 0.0577927455306053
vn -1.7908464936166897 -1.4706143937390785 -5.7747272778698200
v -0.4705764651298523 0.1082546561956406 0.0646214187145233
vn -0.4799344094383247 -1.0328990337367987 -6.1725528761455566
v -0.4603334367275238 0.0631652697920799 0.0698433220386505
vn -0.9453682776262804 -1.1678478791940234 -6.0909335281532409
v -0.4555131494998932 0.0857601761817932 0.0647218003869057
vn 0.2157974337500800 -1.2218792162530741 -6.0998836673700536
v -0.4557140469551086 0.0442859865725040 0.0720526054501534
vn -0.3192167377783129 -1.7513975770610788 -6.0223378307639663
v -0.4334203898906708 0.0796344429254532 0.0641192868351936
vn -1.0430078228858701 5.7537482611727713 2.2314235905356439
v -0.4108254611492157 0.4370355308055878 0.0614079311490059
vn 0.3626139131799458 -2.2204644107166738 -5.8414292988791523
v -0.4133360087871552 0.0796344429254532 0.0637175962328911
vn 0.8549264546588773 -3.0787899228505062 -5.3621987317365258
v -0.3933520913124084 0.0749146267771721 0.0688391178846359
vn -1.0075092683337850 5.9448788622543276 1.7575934850714638
v -0.3854187726974487 0.4422574639320374 0.0608053579926491
vn -0.4025689136162737 6.0790174619379185 1.4942240435485943
v -0.3567985594272614 0.4483831822872162 0.0531732961535454
vn 0.1486039328461642 -4.9616805975501119 -2.3328150607592950
v -0.3620204925537109 0.0991162732243538 0.0573910512030125
vn -0.4279401073411429 -5.2003239460465061 -1.1092632458974456
v -0.3378188610076904 0.0977103635668755 0.0628138259053230
vn -1.6803869712955857 -4.7852574472059093 3.6595482684802696
v -0.2820847630500793 0.0831492096185684 0.0619100034236908
vn 0.5412953589060751 6.0631926504689035 1.4417882499590404
v -0.2814822196960449 0.4475798308849335 0.0537758655846119
vn 1.0873883001800104 5.9022887063551277 1.7693998963472062
v -0.2539666593074799 0.4429604113101959 0.0563867874443531
vn -2.1159913278342617 -4.2698158194653022 4.0905515171411091
v -0.2483430504798889 0.0684876367449760 0.0625125095248222
vn -2.2970335679084926 -4.0217503434464072 4.2452351994285671
v -0.2255473285913467 0.0545290037989616 0.0613074898719788
vn 1.1684321157504485 5.8352382585035647 1.9992296748026710
v -0.1895963102579117 0.4292026460170746 0.0545791946351528
vn -2.2869742290170980 -4.0458104597171616 4.2242549123119657
v -0.1866840869188309 0.0340429618954659 0.0628138259053230
vn -2.2480634173813261 -4.2149922968870612 4.0582252481807259
v -0.1665997356176376 0.0187788531184196 0.0592990219593048
vn -2.3142900934953170 -4.2831646174102271 3.9516254028714171
v -0.1407913267612457 0.0074311927892268 0.0612070523202419
vn 0.9319762465225457 5.9324836229711284 1.8137361423536174
v -0.1335609555244446 0.4187588095664978 0.0570897944271564
vn -2.1279644582898509 -4.8165901208228359 3.3538596380244181
v -0.1022293791174889 -0.0122514748945832 0.0615083090960979
vn 0.9181414278944552 5.9393825336214219 1.7953856949279285
v -0.0884715840220451 0.4103233516216278 0.0621108785271645
vn -1.9172399878896389 -5.2783325054016892 2.5228604744488967
v -0.0818437561392784 -0.0260092597454786 0.0543783754110336
vn -1.4641733466146638 -5.6514968067293774 2.2175829201040074
v -0.0578429475426674 -0.0319341458380222 0.0561859682202339
vn 1.1239523232300588 5.9732116875056400 1.5548850906426921
v -0.0386623851954937 0.4019883573055267 0.0615083090960979
vn -1.3799644320718794 -5.6026584047509393 2.4765789067119912
v -0.0387628115713596 -0.0329383611679077 0.0634163394570351
vn -0.7369179987301491 -5.8576456587969901 2.0649803515079883
v 0.0199839267879725 -0.0447881296277046 0.0617091841995716
vn -0.3678198037619875 -5.8525819028429105 2.1703143460111720
v 0.0478007569909096 -0.0480016283690929 0.0596003383398056
vn 0.6940178982348897 6.0365581411096239 1.5880014342906004
v 0.0574412494897842 0.3843141198158264 0.0621108785271645
vn -0.0828870855572256 -5.7479952425838849 2.4471459807601916
v 0.0716007202863693 -0.0478007830679417 0.0624121353030205
vn 0.0699294420486501 -5.7112241713460579 2.5680299764919692
v 0.0950994119048119 -0.0477003604173660 0.0625125095248222
vn -0.5624428203323342 -5.1364395144566384 3.4348707738304256
v 0.1816629767417908 -0.0560353659093380 0.0635167807340622
vn -0.8260718168336185 6.1115726044263772 1.1827333084700289
v 0.1868849098682404 0.3899377286434174 0.0545791946351528
vn -1.3081804057932935 -5.1668844093907653 3.1059989481532582
v 0.2176139652729034 -0.0693914666771889 0.0538762435317039
vn -1.0656292059706458 -4.5043479128045849 4.0761099140086365
v 0.2367945462465286 -0.0642699524760246 0.0673327818512917
vn -0.1307150769746369 6.2354491710671729 0.6761212712156919
v 0.2399076074361801 0.3941554427146912 0.0573910512030125
vn -1.0294149406472262 -4.8933765037729726 3.7737730783632970
v 0.2553725838661194 -0.0699939951300621 0.0634163394570351
vn -0.9826073349033927 -5.3326278962653992 3.1193802815178184
v 0.2753565013408661 -0.0775256305932999 0.0584956929087639
vn 0.0858738751445225 6.2698348877950849 0.3871640070104665
v 0.2716408967971802 0.3935528993606567 0.0573910512030125
vn -1.6461690271033969 5.6614939582904533 2.1594312873203041
v 0.4149427711963654 0.4138381183147430 0.0622112564742565
vn 1.2072346784498749 -5.9009028748168708 1.7478453938500944
v 0.4053022861480713 -0.0721028521656990 0.0597007162868977
vn -1.4595650273417331 5.6314931742098997 2.3440039879163024
v 0.4411528408527374 0.4203655421733856 0.0644205436110497
vn 2.0820267051341812 -5.5921399115464094 1.8266743175323776
v 0.4514962732791901 -0.0613577254116535 0.0539766810834408
vn -1.5914956751573432 5.6525716252015457 2.1996383357453864
v 0.4598312973976135 0.4283992648124695 0.0571901723742485
vn -1.5584598516606396 5.4853146889071684 2.6308636803940333
v 0.5086362957954407 0.4403494596481323 0.0612070523202419
vn 2.3005162020634149 -5.4122515943941147 2.0911547984581302
v 0.4941755533218384 -0.0433822274208069 0.0567884780466557
vn 2.8750537647967969 -5.1916670003840419 1.8598413780792984
v 0.5634666085243225 -0.0107451491057873 0.0572906136512756
vn 4.7086106167240915 -2.0424237201725792 3.4489686874702286
v 0.6319542527198792 0.0680859386920929 0.0623116940259933
vn -1.4387426948764304 4.4609362876794059 4.0455311177036020
v 0.6501305699348450 0.4979915618896484 0.0631150826811790
vn 2.8913564522000810 -3.2083380467025355 4.5425215806307531
v 0.6676039695739746 0.1345651596784592 0.0621108785271645
vn 3.0628787085379843 -3.0308280734429105 4.4725569038530448
v 0.7020486593246460 0.1626832634210587 0.0633158981800079
vn 4.3211511446384705 -1.2079899713705324 4.2112910812578175
v 0.7179152965545654 0.1900984048843384 0.0643201023340225
vn 2.5532718189144585 -4.8849432155429779 2.9438362520005819
v 0.7451295256614685 0.2412130832672119 0.0605041049420834
vn 1.5486056203298177 -4.4964451969137560 3.9760644680878769
v 0.7660172581672668 0.2515565156936646 0.0660273209214211
vn 0.4284226970467673 5.5977810113575224 -2.4970044817553418
v 0.7662181258201599 0.5261096954345703 0.0574914291501045
vn 2.9132992395736510 -2.5850958027241866 3.0695334602089224
v 0.7918257117271423 0.2533641159534454 0.0597007162868977
vn 3.8664709637777896 1.8245419948352450 4.4249024577861142
v 0.8129142522811890 0.4591283500194550 0.0655251890420914
vn 0.5287214934743905 -4.5853764774778982 1.4681680866301929
v 0.8102028965950012 0.2639084160327911 0.0617091841995716
vn 1.2809376844237614 -1.6926603714119068 5.7826844197693728
v 0.8460534214973450 0.2748543620109558 0.0628138259053230
vn 4.2711352153787123 -0.2930735879702789 4.5235186587854717
v 0.8473589420318604 0.3360112309455872 0.0610062368214130
vn 1.8516453504787700 -0.6908155483660418 1.6863106528420420
v 0.8409319519996643 0.3751757144927979 0.0526712201535702
vn -2.3611715471223209 -0.2978169927107414 5.6456498930857402
v -0.9403495192527771 0.1670013964176178 0.0588973276317120
vn -2.9488535995342779 1.4091100928906044 5.2525049256869663
v -0.9366338849067688 0.1903996616601944 0.0574914291501045
vn -1.8899379360123421 -2.2137431420169360 5.3470905226945629
v -0.9406507611274719 0.1478208452463150 0.0545791946351528
vn -0.3626211988659955 -2.3843929081494735 5.4883630089502677
v -0.9215705990791321 0.1478208452463150 0.0591986440122128
vn -3.3862263685981202 2.5436481576588212 4.5045890887514348
v -0.9258887767791748 0.2167101800441742 0.0539766810834408
vn 0.3289165773423973 -3.9389855240479053 4.5535952500867083
v -0.9017875194549561 0.1378790736198425 0.0531732961535454
vn -3.5819173983931449 2.8390992660917571 4.2190186004788375
v -0.8869251012802124 0.2621008157730103 0.0555834583938122
vn -3.7513645328884317 2.9950196852657536 3.9568734982902205
v -0.9017875194549561 0.2491464018821716 0.0515665784478188
vn 0.8575773975536680 -4.7968744944295114 3.6749813038785777
v -0.8767824769020081 0.1364731639623642 0.0475496985018253
vn 1.2801356520080462 -4.2495916260877564 4.1733830301847128
v -0.8497690558433533 0.1492267400026321 0.0557842738926411
vn -3.7860971538178179 3.1829051885249680 3.8265168470948598
v -0.8485640287399292 0.3073910176753998 0.0547800697386265
vn -3.7157711955610004 3.2889526140325209 3.8124357691124460
v -0.8634263873100281 0.2947378754615784 0.0508636310696602
vn 1.9454653920321621 -4.1264418575858839 4.1990610136074586
v -0.8280779123306274 0.1564571112394333 0.0535749867558479
vn 2.2728039411170675 -4.0453628864999303 4.1177444000895207
v -0.8093994855880737 0.1659971773624420 0.0534746088087559
vn -3.4656434677934027 4.3448313882837519 2.8514524851665999
v -0.7806788682937622 0.3744727671146393 0.0517673939466476
vn 3.1677340810904928 -3.8306286486252485 3.7893079274720378
v -0.7604941129684448 0.1995380520820618 0.0516670159995556
vn -2.8190114444844689 4.4987082060897272 3.1743935942218342
v -0.7464350461959839 0.4025908708572388 0.0479513928294182
vn -2.4849915510174734 4.5116666898963782 3.4349744639332931
v -0.7264510989189148 0.4129343330860138 0.0500602424144745
vn 3.9276869803781418 -3.7192796338286329 3.0154860759590028
v -0.7050612568855286 0.2461337447166443 0.0464450567960739
vn -1.4179051543933849 4.9015824678964419 3.5229015962500765
v -0.6798554062843323 0.4313115179538727 0.0500602424144745
vn 4.1369134602592723 -3.5903282419897788 2.9859320558996818
v -0.6582646965980530 0.3053825795650482 0.0509640090167522
vn -0.8436268626541967 4.8562341477746660 3.8100899773582393
v -0.6440048813819885 0.4398473799228668 0.0486543439328671
vn -0.4024557749714381 4.2507161455873446 4.4747219217400849
v -0.6241213679313660 0.4375376403331757 0.0550813265144825
vn -0.1745575924275246 4.1618185910921213 4.6104153886545376
v -0.5921871662139893 0.4406507313251495 0.0535749867558479
vn 2.0970516689700776 -4.5796260763274832 3.3772887832937419
v -0.5724040865898132 0.3751757144927979 0.0512653216719627
vn 0.4345532124600178 2.9248731101157754 5.3685506350874910
v -0.5639687180519104 0.4306085407733917 0.0610062368214130
vn 0.6143790154696602 2.8812920915149807 5.3792873116801978
v -0.5379594564437866 0.4299055933952332 0.0586965121328831
vn -5.0189622374004124 -1.9699411638195419 -3.1472001599613955
v -0.5251054167747498 0.2055633515119553 0.0463446192443371
vn 0.1781055500446884 1.6030179988998270 5.9708125804647958
v -0.5109460353851318 0.4136372804641724 0.0615083090960979
vn -3.5934554517726589 -3.0498784438445119 -4.0774511826860396
v -0.5011046528816223 0.1631853580474854 0.0527716018259525
vn -0.8471510127369655 3.2931134948535212 5.1397618527585323
v -0.4886523485183716 0.4199638366699219 0.0581943765282631
vn -0.7855734258960854 4.7253383208037230 3.9811797269870723
v -0.4506929218769073 0.4324161410331726 0.0537758655846119
vn -1.1351082063405731 -3.2803011992897519 -4.9613841356225468
v -0.4260896146297455 0.1096605584025383 0.0542779378592968
vn -1.2881290475647402 -3.2987285309494454 -4.9476954755231670
v -0.4038963913917542 0.1010242849588394 0.0553825795650482
vn -1.5669205774909625 -5.3422361234004878 -1.8366901477303550
v -0.3834103345870972 0.1058445349335670 0.0413235351443291
vn 0.1175161388236548 6.1514684571830127 1.2466758136488765
v -0.3226551711559296 0.4508937299251556 0.0435328222811222
vn -1.8239471938108018 -5.5937875098810537 2.0674309992120965
v -0.3120104670524597 0.0852580741047859 0.0484534651041031
vn 0.1711002861533353 6.1460681105898454 1.2837827961337605
v -0.3003615438938141 0.4487848877906799 0.0502610579133034
vn -2.2095922838762725 -4.5937290574549756 3.6421672625703891
v -0.2695320546627045 0.0695922672748566 0.0531732961535454
vn -2.6025434277553963 -4.5952046745025878 3.2812961304218362
v -0.2464350461959839 0.0538260489702225 0.0485539026558399
vn 1.3138208595571672 5.8272945768953344 1.9287754057772339
v -0.2151034623384476 0.4353283941745758 0.0528720393776894
vn -2.4295781329077673 -4.4322946007924973 3.6390448265467148
v -0.2052621096372604 0.0343442298471928 0.0531732961535454
vn -2.0764456627476333 -4.9456153086502326 3.0215890981782492
v -0.1218116208910942 -0.0108455708250403 0.0523699671030045
vn 0.9367715600874563 6.0158698537692841 1.5315597833757508
v -0.1099618524312973 0.4162482321262360 0.0527716018259525
vn 1.0376560200873810 6.0296542823653008 1.4083053331225419
v -0.0672825872898102 0.4094195365905762 0.0526712201535702
vn -0.4310263995485137 -5.6958187869300554 2.1605655732039240
v -0.0172725524753332 -0.0429805405437946 0.0528720393776894
vn 1.2278175676777778 6.0449108103513778 1.1640533211150339
v -0.0064269974827766 0.3985739946365356 0.0474492609500885
vn -0.8282585096010903 -6.0823649782681155 1.2352344783696325
v 0.0010042123030871 -0.0491062663495541 0.0354990623891354
vn 0.5791745454906126 6.0940447725539437 1.4134593211286799
v 0.0763205364346504 0.3846153914928436 0.0526712201535702
vn -0.3682106383116336 -5.9109885014073882 2.0640881389551220
v 0.1032335832715034 -0.0536252446472645 0.0463446192443371
vn -0.3184158371621708 6.0966570717924897 1.4813304479648610
v 0.1280377656221390 0.3837115764617920 0.0526712201535702
vn -0.7993913306348068 -5.6701790310092477 2.5054582554901352
v 0.1327575892210007 -0.0557341054081917 0.0518678352236748
vn -0.6817286087962171 6.0964413459713818 1.3428737076104147
v 0.1560554355382919 0.3867242336273193 0.0489555969834328
vn -1.1549958248857177 -5.3742304436988517 2.7485208285590566
v 0.1981321573257446 -0.0664792358875275 0.0514661408960819
vn -0.4242119332638485 6.2212206468062234 0.6856483402519019
v 0.2163085043430328 0.3938542008399963 0.0502610579133034
vn -1.0555505678199999 -5.5935984881134804 2.4973891380198960
v 0.2424181550741196 -0.0788311138749123 0.0459429249167442
vn -0.0474428843743898 6.2764019855242639 0.2664127966927027
v 0.2881100475788116 0.3938542008399963 0.0467463135719299
vn -0.4575178710280766 -5.5583818181589519 2.7244693506479960
v 0.2928298711776733 -0.0840530395507812 0.0518678352236748
vn -0.4459972691999882 6.2481455891960813 0.4397847850472167
v 0.3117091953754425 0.3943562805652618 0.0526712201535702
vn -0.0598400624140965 -5.8275350264936527 2.3262617822072444
v 0.3211488127708435 -0.0821450352668762 0.0534746088087559
vn 0.4352472182307654 -5.8768144332091961 2.1095563968046487
v 0.3493673503398895 -0.0833500921726227 0.0517673939466476
vn -1.4077360513774615 6.0375904307847792 0.9651732238482162
v 0.3493673503398895 0.4011849761009216 0.0502610579133034
vn -1.4649947747169367 5.9482403200060077 1.3743830792055598
v 0.3718618154525757 0.4068085849285126 0.0479513928294182
vn 1.0824029161212199 -5.9441277786152984 1.6587536757097070
v 0.3800964057445526 -0.0804378613829613 0.0480518303811550
vn 1.5266088253732961 -5.8970432205097767 1.4028317835626034
v 0.4265916943550110 -0.0711990520358086 0.0465454943478107
vn -1.7356697532077483 5.7084296803201191 1.9438374415759512
v 0.4778068065643311 0.4374372363090515 0.0462442375719547
vn 2.5656066932112718 -5.3909651512157604 1.8505391963886315
v 0.5189797282218933 -0.0336413122713566 0.0520686507225037
vn -1.9259678808348741 5.5015644041581320 2.2892398327054142
v 0.5236995220184326 0.4511950314044952 0.0481522120535374
vn -2.3922692689974152 5.2563309432388037 2.4023011946706050
v 0.5421771407127380 0.4600321352481842 0.0456416681408882
vn -2.4453803005112360 5.0294514895568483 2.7847400652814578
v 0.5623619556427002 0.4674633145332336 0.0502610579133034
vn -2.4551932825075227 5.0471262752634267 2.7150901163266301
v 0.5812412500381470 0.4780076146125793 0.0479513928294182
vn -2.4179698344709140 5.0430655492865775 2.7098730455796503
v 0.5987145900726318 0.4878489375114441 0.0459429249167442
vn 4.2411663181243648 -4.3576409821060587 1.2262523033892940
v 0.6039365530014038 0.0157662015408278 0.0457421056926250
vn -2.2277600801903787 4.8686594163083816 3.2274639673665706
v 0.6198031902313232 0.4933721721172333 0.0522695295512676
vn 4.8560989725356318 -2.9576417295001476 2.2721118959879401
v 0.6277365088462830 0.0470977947115898 0.0523699671030045
vn 4.7119070937675209 -2.4379499071144748 3.3030408472017965
v 0.6480216979980469 0.0870656669139862 0.0497589856386185
vn 3.9210125590305456 -2.7299790707753036 4.0595303214300156
v 0.6599718928337097 0.1120706796646118 0.0519682727754116
vn 2.9606836338597304 -3.7391936259976699 4.0686268269913564
v 0.6951195001602173 0.1410925686359406 0.0494577288627625
vn -0.8013810703685081 5.1375995484669863 3.2944674245989019
v 0.7082747220993042 0.5185779929161072 0.0533741712570190
vn 4.3545830063628044 -1.6704465591846800 3.9091924104909355
v 0.7251456379890442 0.1752359867095947 0.0519682727754116
vn -0.7171816484359234 6.0292261301364158 0.7827891930224008
v 0.7362924814224243 0.5207872986793518 0.0523699671030045
vn 5.1866398690723985 -1.1320018026671872 3.3094471278543511
v 0.7317734360694885 0.2066679894924164 0.0480518303811550
vn 2.6866064841938400 4.5073850730162279 -3.0282537832224707
v 0.7826873064041138 0.5155653357505798 0.0532737337052822
vn 4.6333142591756404 3.2663146831255792 -1.5376129407264469
v 0.8020687103271484 0.4996987283229828 0.0520686507225037
vn -0.3599589339758641 -3.9845681354912443 2.4496841194263199
v 0.8290821313858032 0.2611970007419586 0.0606045424938202
vn 3.9839267746318825 2.9895946339013877 3.4461207332375094
v 0.8438441753387451 0.4426591694355011 0.0525707826018333
vn -1.5148374083147964 -4.7977727722472201 1.4008401422565611
v 0.8474593162536621 0.2536653876304626 0.0486543439328671
vn 4.0813269681681987 2.4558261122121947 3.6151273808776851
v 0.8595099449157715 0.4178549945354462 0.0548805072903633
vn 2.8871462858709762 1.2728478945019059 5.3660765521383977
v 0.8612170815467834 0.3205462694168091 0.0522695295512676
vn 2.1144852210722425 0.8496924155223664 5.8123209526286805
v 0.8602129220962524 0.2972484230995178 0.0591986440122128
vn -1.4146910658649121 -4.0834209267866965 2.4994995702758245
v 0.8671420216560364 0.2469371110200882 0.0492568537592888
vn 4.0079634537707403 0.2470217695733870 3.0446105255468221
v 0.8764812350273132 0.3922474384307861 0.0525707826018333
vn 0.6706572568832919 -0.9808224137120898 5.9572610973214823
v 0.8849166631698608 0.2607953250408173 0.0552822016179562
vn -3.9632839766224750 3.2476736827716999 3.3475652257321218
v -0.9554127454757690 0.2042578756809235 0.0362020097672939
vn -3.6386758681390625 1.8965305039936544 4.5545360129558299
v -0.9604339003562927 0.1852781474590302 0.0441353321075439
vn -3.1115992915551263 -0.2097180842423418 5.2682398168867053
v -0.9586262106895447 0.1642900109291077 0.0493572913110256
vn -1.9931766859905986 -3.4705579901896799 4.2053657395135602
v -0.9641495347023010 0.1291423887014389 0.0358003787696362
vn -0.5791038636800161 -4.3811168190752721 4.2102539134486294
v -0.9321148991584778 0.1287406980991364 0.0435328222811222
vn -3.9218971295130460 3.4707836892263866 3.4023641874690220
v -0.9189596176147461 0.2409118115901947 0.0404197685420513
vn -3.9591548867315307 3.4241684150621663 3.4375536357836691
v -0.8835107684135437 0.2808796763420105 0.0423277392983437
vn -3.9229215973304221 3.8900131703610308 2.8915299629144249
v -0.8444467186927795 0.3254669606685638 0.0409218408167362
vn -3.5913646225761910 4.4597328561348029 2.4098432002371148
v -0.8070898056030273 0.3619200587272644 0.0388129912316799
vn 3.0416208370365916 -4.2900350748579221 3.3223771483189921
v -0.7870054244995117 0.1711186766624451 0.0432315655052662
vn 3.5306080349170168 -3.8225051809380841 3.4452702953664227
v -0.7372966408729553 0.2176139652729034 0.0497589856386185
vn -2.0778550856269669 4.9702519132766882 3.1133419000199272
v -0.7097811102867126 0.4250853359699249 0.0437336973845959
vn 4.3905127016029528 -3.6208010746533050 2.5641126213017849
v -0.6867845058441162 0.2641092538833618 0.0416247881948948
vn 4.4305096902337340 -3.6875372389256378 2.3523379624373701
v -0.6712191104888916 0.2798754870891571 0.0377083495259285
vn 3.6740911135198342 -4.2578175135323280 2.5640167535219369
v -0.6019281148910522 0.3539867401123047 0.0437336973845959
vn 0.3921197387476568 4.6943284844068289 3.9608478220536596
v -0.5547298789024353 0.4500903785228729 0.0440349541604519
vn 0.6013508086704380 -5.6514628896556030 2.3717750908483990
v -0.5544286370277405 0.3783892095088959 0.0434323810040951
vn -3.9293816380209696 -3.3494022223323685 2.1369093904967724
v -0.5290218591690063 0.3728660345077515 0.0435328222811222
vn 0.5676356609134908 4.9501643360103440 3.6915348769642113
v -0.5226953625679016 0.4516971111297607 0.0370053984224796
vn -6.0859700171140032 0.6062678344529556 -1.4304269048331626
v -0.5315324664115906 0.3078931272029877 0.0441353321075439
vn -6.1694817671950624 0.6737432479885246 -0.9023724829193909
v -0.5277163982391357 0.3315926790237427 0.0373066551983356
vn -6.0793322673628953 0.4483392103657580 -1.4840698124146212
v -0.5317332744598389 0.2856999337673187 0.0386121757328510
vn -6.0062805355372033 -0.0404382361595513 -1.8020436866599860
v -0.5339425802230835 0.2644104957580566 0.0412230938673019
vn -5.7543193916766615 -0.9453882827266797 -2.3014987171758561
v -0.5326370596885681 0.2415143549442291 0.0434323810040951
vn 0.4642108106521147 3.9336676475768790 4.7370174969421814
v -0.5115485191345215 0.4393452405929565 0.0487547814846039
vn -4.5185202238038924 -3.3646838987047816 -2.6646946308075421
v -0.5075316429138184 0.1842739284038544 0.0400180742144585
vn 0.6124070478170272 3.4716824914981208 4.9938448720066297
v -0.4886523485183716 0.4371359646320343 0.0496585480868816
vn -3.3844456431416821 -4.2473909653855708 -2.7200823824128344
v -0.4738903343677521 0.1503313779830933 0.0406205840408802
vn -0.0064758601505179 4.8087613741753872 3.9375049777276940
v -0.4721831977367401 0.4431612789630890 0.0421269200742245
vn -2.5409607663673150 -4.5748702113765329 -2.8058828650326095
v -0.4461739361286163 0.1324563026428223 0.0403193272650242
vn -0.4443725986613222 5.4745815787195991 2.9708195928453676
v -0.4321148991584778 0.4448684453964233 0.0422273613512516
vn -0.5761488440044304 5.8381849281041633 2.2330860088986784
v -0.3991765677928925 0.4465756118297577 0.0418256670236588
vn -1.9553065103707226 -4.9879042565332892 -2.0797119138623725
v -0.4045993387699127 0.1155854463577271 0.0410222783684731
vn -0.4347276036828239 6.0608767075289212 1.5440796829792471
v -0.3763808012008667 0.4509941637516022 0.0362020097672939
vn -2.0030519874963995 -5.7970898257255898 1.2705057019419244
v -0.3405302464962006 0.0917854830622673 0.0370053984224796
vn -2.4116896623680226 -5.0019927686875327 2.7918830927904765
v -0.2908214628696442 0.0729061961174011 0.0440349541604519
vn 1.2134488600184661 5.9921107369930890 1.3658410173512272
v -0.2308696657419205 0.4423578977584839 0.0409218408167362
vn -2.5245240278572192 -4.5958784920887394 3.1968264653259260
v -0.2259489893913269 0.0400682687759399 0.0475496985018253
vn 1.2136884015531533 6.0182978821835640 1.2844458387095883
v -0.2061659097671509 0.4387427270412445 0.0335910916328430
vn -2.5996697591804518 -4.7908846881089469 2.8665774032872990
v -0.1803575009107590 0.0124522820115089 0.0437336973845959
vn -2.3666158437390337 -5.0327468791496148 2.6072346630871128
v -0.1569592356681824 -0.0003012839879375 0.0422273613512516
vn 1.1437719563478983 6.0328634383696365 1.2949746283187404
v -0.1602731496095657 0.4290018081665039 0.0346957333385944
vn -2.3997605568984435 -5.2476413381627722 2.2114191022074476
v -0.1381803601980209 -0.0097409309819341 0.0399176366627216
vn 1.0650904136419028 6.0940118123080804 1.0463941663277561
v -0.0837517678737640 0.4156457185745239 0.0360011942684650
vn -1.3916447708955837 -5.9280210564432450 1.3855110452088237
v -0.0413737744092941 -0.0407712608575821 0.0409218408167362
vn 1.2455461544539643 6.0829060495017089 0.9205038244093088
v -0.0329383462667465 0.4059047996997833 0.0363024510443211
vn -0.6504380642839104 -6.0804671539265041 1.3319958796939719
v 0.0280176699161530 -0.0514159649610519 0.0420264825224876
vn 0.7298324212065341 6.1516060470548410 1.0155062360702285
v 0.0564370304346085 0.3896364569664001 0.0383109189569950
vn -0.3272678539813331 -6.0778362160149202 1.5076611337442731
v 0.0692910179495811 -0.0549307279288769 0.0390138700604439
vn -0.6829270697028145 -5.7784510527182018 2.3004776589671256
v 0.1586664021015167 -0.0615585632622242 0.0459429249167442
vn -0.9774840557350701 -5.8714327435979845 1.9844315266905235
v 0.1798553913831711 -0.0669813454151154 0.0358003787696362
vn 0.0480313693472344 6.2655851313317878 0.3444540023551671
v 0.2434223741292953 0.3958626091480255 0.0349969901144505
vn -1.0907885344496477 6.1486987285105066 0.6471824690729102
v 0.3305884897708893 0.3974693715572357 0.0437336973845959
vn -1.7010238489782035 5.7849527051665106 1.7469850633451232
v 0.4148423671722412 0.4210684895515442 0.0410222783684731
vn -1.5728348862580430 5.8133375387021236 1.7646453834101894
v 0.4435629546642303 0.4290018081665039 0.0420264825224876
vn -1.7731429252946891 5.6903981580389384 1.8912839799645547
v 0.5002008676528931 0.4466760456562042 0.0412230938673019
vn 2.6565339646702473 -5.5186748610556595 1.1872303676598419
v 0.5452902317047119 -0.0250050406903028 0.0388129912316799
vn 3.7001223062906714 -4.9450132971459766 0.8122578789006020
v 0.5846555829048157 -0.0028118283953518 0.0336914695799351
vn 4.7715049358462309 -3.8763663800489696 0.9609757382462241
v 0.6226149797439575 0.0345450676977634 0.0378087870776653
vn -2.1859964277677326 5.2589501791859190 2.4185496611199069
v 0.6328579783439636 0.5053223371505737 0.0424281768500805
vn 5.0963427202541016 -3.1608640560977923 1.6724415109082946
v 0.6407912969589233 0.0611568391323090 0.0365033261477947
vn -1.6422077609376926 5.3134931953508158 2.7081743394075191
v 0.6600723266601562 0.5148624181747437 0.0435328222811222
vn 3.5307633747881173 -3.7777567398844187 3.5399346568269041
v 0.6782487034797668 0.1144808009266853 0.0361016318202019
vn -0.8849326629318545 5.4111464572935564 2.7458193492609571
v 0.6888933777809143 0.5223940610885620 0.0434323810040951
vn 3.5472082570747832 -3.2391531886834937 3.9628764705662474
v 0.7166097760200500 0.1574613302946091 0.0479513928294182
vn 3.5099648711730818 -4.0233201824823874 2.7004123414189549
v 0.7443261742591858 0.2320746928453445 0.0438340753316879
vn 0.4751582782888303 -5.2381826737539026 2.9169625344606822
v 0.7636071443557739 0.2359911501407623 0.0364028885960579
vn -1.2198680496475829 -4.8603698714022148 3.6665624011985920
v 0.7854990959167480 0.2325768172740936 0.0408214628696442
vn 1.0742948110118569 -0.7303024892434604 4.1286689810066397
v 0.8150230646133423 0.2309700548648834 0.0473488830029964
vn -1.9532583367166683 -5.4496983575185141 -2.2707169471218540
v 0.8156256675720215 0.2710383534431458 0.0426290556788445
vn 1.7036267579984563 -0.7547288354006219 -0.6027979896510298
v 0.7822856307029724 0.2790721058845520 0.0386121757328510
vn 3.5991857453062996 2.7227202877348353 3.1795829199546990
v 0.7956417202949524 0.2559750676155090 0.0368045829236507
vn 4.3601196121015864 3.6605350751442853 2.2721740388591103
v 0.8208475708961487 0.4781080484390259 0.0427294336259365
vn 4.2446935930625260 3.5482518949551722 2.4322606890945120
v 0.8347057700157166 0.4637477397918701 0.0423277392983437
vn 3.3721694347981561 -1.1685976541329852 4.6701355292521436
v 0.8625226020812988 0.3672423958778381 0.0450391583144665
vn 3.7701933826439773 0.4083216805688412 4.6311557305670163
v 0.8604137897491455 0.3455512821674347 0.0460433624684811
vn 2.1614665543831815 1.9067561288170423 5.5799122460232056
v 0.8847157955169678 0.3149226605892181 0.0450391583144665
vn 1.7220022570673388 1.5650716403642668 5.8142146902223786
v 0.8915445208549500 0.2947378754615784 0.0490560382604599
vn -0.9862781796031470 -3.8508332419115794 1.9671167593414223
v 0.8908415436744690 0.2336814403533936 0.0441353321075439
vn 1.1679414607399474 1.2119736881144152 5.9579899088219914
v 0.9062061309814453 0.2792729437351227 0.0504619367420673
vn 0.7437856295296069 -1.2557762887356221 5.8983032369516462
v 0.9079132676124573 0.2526611387729645 0.0512653216719627
vn 1.7522994199634021 0.3882995422711545 5.9129808299128701
v 0.9341233372688293 0.2580839395523071 0.0462442375719547
vn 2.0647226143089226 1.6331927205047461 5.5148572769272270
v 0.9271942377090454 0.2796746194362640 0.0453404113650322
vn -3.7088715843223956 0.0479754198395061 4.6815899860482064
v -0.9769030213356018 0.1582646965980530 0.0375075303018093
vn -4.1094844704671303 3.5976028055503622 3.0055143062379925
v -0.9397469758987427 0.2228358983993530 0.0345952957868576
vn 0.6202314870504665 -5.3183468783895451 3.1393448024143322
v -0.9121309518814087 0.1223137006163597 0.0334906540811062
vn 1.1853393234776852 -5.5501034632941781 2.6252454307566349
v -0.8934525251388550 0.1220124363899231 0.0258585885167122
vn -4.2392388972875956 3.4324162841785051 3.0337766254382927
v -0.8985740542411804 0.2710383534431458 0.0344948582351208
vn -4.1913548694127289 3.6990548259310554 2.7492445965411223
v -0.8798956274986267 0.2975497245788574 0.0289716403931379
vn -3.9891481888498252 3.9893189181985527 2.6479141497932788
v -0.8622213602066040 0.3142197132110596 0.0314821824431419
vn 1.4217595478029723 -5.7237239071701289 1.9577852422273443
v -0.8516770601272583 0.1300461888313293 0.0220425855368376
vn 1.7760485651882107 -5.1699448950349343 2.7653835823203869
v -0.8328981995582581 0.1401887685060501 0.0354990623891354
vn -3.9177513391380963 4.2462911377183490 2.2960922876733663
v -0.8282787799835205 0.3462542593479156 0.0331893973052502
vn 2.5385587008544142 -4.9971494565107744 2.6498754409445286
v -0.8101024627685547 0.1484233587980270 0.0305784158408642
vn -3.7361641057167674 4.4865297147845453 1.9498182368898778
v -0.7719421982765198 0.3930507898330688 0.0336914695799351
vn 3.5085601954921959 -4.3492897837550171 2.7227250078228225
v -0.7606949210166931 0.1860815286636353 0.0360011942684650
vn 3.9161579988338362 -4.2175398940149131 2.3482938746740145
v -0.7425186038017273 0.1994376182556152 0.0317834988236427
vn 4.0871220820432566 -4.1277804334145962 2.2827608180154964
v -0.7238401174545288 0.2183169275522232 0.0326872654259205
vn -1.8852171069814099 5.5646649752745736 1.8332659542850620
v -0.6955212354660034 0.4400481879711151 0.0246535073965788
vn -1.2960937091427671 5.4164044790496417 2.7544230116937110
v -0.6585659980773926 0.4466760456562042 0.0336914695799351
vn 4.4123630779378029 -4.0111100176183454 1.7499946716431247
v -0.6403896808624268 0.3115083277225494 0.0292729567736387
vn 4.1774194136607896 -4.1090562382735571 2.0334432070539226
v -0.6282386183738708 0.3262703120708466 0.0335910916328430
vn -0.7441932141711923 5.3222158900219325 3.0913830404695624
v -0.6180960536003113 0.4544085264205933 0.0340931639075279
vn 3.8386203409919153 -4.7392182596196424 1.3249083515355824
v -0.6102631092071533 0.3393251597881317 0.0226450972259045
vn -0.2126085082020827 5.1344348391256824 3.5263376035491882
v -0.5851576924324036 0.4539064168930054 0.0386121757328510
vn 3.3604875979704110 -5.0482051260019425 1.4669755115615217
v -0.5898775458335876 0.3548905551433563 0.0248543825000525
vn -5.1020156294232804 -2.4912729982226658 0.0666063325969400
v -0.5254067778587341 0.3622213304042816 0.0245531275868416
vn -5.5644728091638029 -1.6022497287051094 -2.3010271040720731
v -0.5239004492759705 0.2231371551752090 0.0355994999408722
vn -4.2123385550408958 -4.1116868920423935 -2.0064887739262973
v -0.4887527823448181 0.1667001247406006 0.0336914695799351
vn -2.3019211158267021 -5.3572064570266384 -1.4065449373135548
v -0.4216710329055786 0.1236191838979721 0.0337919071316719
vn -2.0428537676453580 -5.8835935966965263 0.5629199924908894
v -0.3589074313640594 0.0980116352438927 0.0337919071316719
vn -0.0706855884168622 6.1768345411475289 0.9932747539360728
v -0.3491665124893188 0.4548102021217346 0.0260594654828310
vn 0.5466862545870027 6.1859949557546479 0.7426813422630755
v -0.2803776264190674 0.4528017640113831 0.0244526900351048
vn -2.5305134482493230 -5.2205444772886231 2.2877750045276177
v -0.2730467915534973 0.0605543106794357 0.0363024510443211
vn 0.9504703171861364 6.1214827221678449 0.9676362803833718
v -0.2555734217166901 0.4480819404125214 0.0337919071316719
vn -3.0483140383232943 -5.0924562864857394 1.9792731547650932
v -0.2387025803327560 0.0396665856242180 0.0302771609276533
vn -2.8547106468161298 -5.2597583755057293 1.7826714092887195
v -0.2152038663625717 0.0249045826494694 0.0257581491023302
vn 1.2390848781303716 5.9898592547981675 1.3514037761204967
v -0.1873870342969894 0.4350270926952362 0.0338923446834087
vn 1.0390539348624748 6.0749242772426859 1.1926504683841768
v -0.1308495700359344 0.4239807128906250 0.0337919071316719
vn -2.1033376764785201 -5.6414496559170795 1.5820206236576499
v -0.1211086586117744 -0.0184776261448860 0.0341936014592648
vn 1.0264884738839468 6.1009551873478971 1.0514668209729168
v -0.1049407646059990 0.4198634028434753 0.0326872654259205
vn -2.0635655838466676 -5.6477447902852074 1.5140494780730567
v -0.1032335981726646 -0.0253063067793846 0.0339927859604359
vn -1.6149127502038458 -5.9534491197239978 1.0820680642355134
v -0.0764209777116776 -0.0342438444495201 0.0286703854799271
vn 1.1694513100435908 6.0924819993833008 0.9264513984651402
v -0.0578429475426674 0.4110262989997864 0.0362020097672939
vn -1.0912064839187052 -6.1024587409935647 0.9426567387091556
v -0.0200843587517738 -0.0462944582104683 0.0339927859604359
vn 1.1083233657983220 6.1351615411420815 0.7346897327597354
v 0.0150632588192821 0.3975697755813599 0.0276661813259125
vn 0.5001694557314881 6.1800099154687951 0.9607340607939443
v 0.0769230723381042 0.3886322677135468 0.0336914695799351
vn 0.1177519262216133 6.1751709055588293 1.1177967864993414
v 0.0999196618795395 0.3866238296031952 0.0340931639075279
vn -0.3219565145120747 6.1766064241489316 1.0886053979015917
v 0.1248242631554604 0.3876280188560486 0.0339927859604359
vn -0.8369803526356595 -6.0249084418569154 1.5343400144951862
v 0.1234183534979820 -0.0604539290070534 0.0328881405293941
vn -0.9864322834355155 -6.0027432010115183 1.4768430537310184
v 0.1518377214670181 -0.0670817643404007 0.0255573336035013
vn -0.6072633775420031 6.1932940814290776 0.7591949765364563
v 0.1786503344774246 0.3928499519824982 0.0320847555994987
vn -1.2699949998331244 -5.9942584357564810 1.3280103904338132
v 0.2052620947360992 -0.0760193020105362 0.0234484840184450
vn -1.4214054181333702 -5.8737012181640340 1.4217524971828146
v 0.2273548841476440 -0.0805382803082466 0.0316830612719059
vn 0.2696860329007520 6.2695152034011112 0.2648218958672103
v 0.2646113634109497 0.3946575522422791 0.0337919071316719
vn -0.9194715798216709 -5.9352238649983491 1.4953924792692168
v 0.2740510106086731 -0.0895762443542480 0.0314821824431419
vn -0.3150427739036152 -5.9065148104587291 1.6516707403384900
v 0.2948383092880249 -0.0916851013898849 0.0342940390110016
vn -0.4624584579320437 6.2488374793381034 0.2524353131533801
v 0.3051817715167999 0.3950592577457428 0.0255573336035013
vn 0.2588857080323812 -6.0462320720146794 1.5543356221872275
v 0.3293834328651428 -0.0901787653565407 0.0327877029776573
vn -1.3831877749191919 6.1163750527926002 0.3214948754869913
v 0.3376179933547974 0.4004820287227631 0.0258585885167122
vn -1.7204808297982179 6.0075892231848185 0.5956674999103854
v 0.3586061298847198 0.4056035280227661 0.0335910916328430
vn 0.7080688643008870 -6.0467724211883880 1.3302239104607312
v 0.3569993972778320 -0.0886724442243576 0.0326872654259205
vn -1.9750033782481899 5.8202371026972290 1.2181244204706814
v 0.3856196105480194 0.4148423373699188 0.0305784158408642
vn 1.4449161628909810 -6.0291818064230123 0.9711386016373617
v 0.4046997427940369 -0.0799357518553734 0.0245531275868416
vn 1.7740169989080059 -5.9504704033170146 0.8399420334648072
v 0.4367342889308929 -0.0715003237128258 0.0285700075328350
vn -1.6695313553939726 5.9095573835257538 1.2775356409565501
v 0.4528017640113831 0.4366338551044464 0.0228459145873785
vn 2.1278000207534102 -5.7792670061891602 1.0832563697546727
v 0.4622414112091064 -0.0621610991656780 0.0343944206833839
vn 2.2607176869922241 -5.7143783653637481 1.1175237071819251
v 0.4803173542022705 -0.0554328374564648 0.0337919071316719
vn 2.5894437636883216 -5.6038178534441521 1.0131630679399151
v 0.5070295333862305 -0.0438843332231045 0.0340931639075279
vn 2.6748883008494273 -5.6407681056353134 0.6344668064040309
v 0.5289214849472046 -0.0344446860253811 0.0242518726736307
vn 3.1318272534414886 -5.3317574679011974 0.8445546558455339
v 0.5661779642105103 -0.0149628641083837 0.0341936014592648
vn -2.5147927369337348 5.4584482558940444 1.5712214696268429
v 0.6058445572853088 0.4986945092678070 0.0280678756535053
vn 4.3230293665947119 -3.2068971845753680 3.2179879471326358
v 0.6642900109291077 0.1001204922795296 0.0376079715788364
vn 3.2517366768985765 -4.0519162560312463 3.5209448730054911
v 0.6969271302223206 0.1276360601186752 0.0339927859604359
vn -0.0626770196410104 6.0222476926858359 1.1925113702461150
v 0.7118899226188660 0.5303273797035217 0.0252560768276453
vn 3.8018683405224865 -3.7364421862783912 3.1322847578772399
v 0.7238401174545288 0.1434022784233093 0.0276661813259125
vn 1.3857523959267817 5.9366778311536894 1.0387773853589937
v 0.7424181699752808 0.5269129872322083 0.0245531275868416
vn 4.7395668551520949 -1.8300002663087414 3.2680107739703312
v 0.7364932894706726 0.1661980152130127 0.0334906540811062
vn 3.6728287849828383 -3.0048800637444617 2.6993947849016595
v 0.7448282837867737 0.2223337888717651 0.0262602828443050
vn 5.5840946382957846 -0.2828511063871039 2.8059556575529947
v 0.7400080561637878 0.1901988238096237 0.0305784158408642
vn 2.1012063432072665 5.8616612774774106 0.1621151214041568
v 0.7640088796615601 0.5193814039230347 0.0244526900351048
vn 3.2775485628343635 5.3021252353382673 -0.3182153607447046
v 0.7892147302627563 0.5062261223793030 0.0334906540811062
vn -2.2042680394547958 -4.8580320203852310 2.8486176816044382
v 0.8066881299018860 0.2131954133510590 0.0254568941891193
vn 3.1114228765776084 3.3997145623538412 3.8924791890448209
v 0.8272745609283447 0.2418156117200851 0.0328881405293941
vn 0.7394297210563796 -0.4110306480392988 5.4706607872501936
v 0.8342036604881287 0.2193211466073990 0.0373066551983356
vn -3.1434883715014088 -5.3401295604173065 -0.8174910729865981
v 0.8340028524398804 0.2703353762626648 0.0135066956281662
vn 5.0375601407507551 3.2301603928060558 1.2564774239615242
v 0.8628239035606384 0.4305081069469452 0.0314821824431419
vn 4.9577081628173492 3.6675541542712482 0.7886999140354402
v 0.8483631610870361 0.4516971111297607 0.0241514332592487
vn 5.4696631408494625 2.7458163077782274 0.6769909445511503
v 0.8757783174514771 0.4095199704170227 0.0244526900351048
vn 3.6779178148169160 0.9034773851597018 4.8472586241056961
v 0.8838120698928833 0.3554930388927460 0.0329885184764862
vn 2.4648605945326798 1.5769064829522101 5.5450919960429994
v 0.8764812350273132 0.3367141783237457 0.0405201464891434
vn 4.9621322044466014 0.4847422038751637 2.3912768887919182
v 0.8860213160514832 0.3811005949974060 0.0338923446834087
vn 2.9814984544999064 2.2378602712489952 5.0076578256432978
v 0.8968669176101685 0.3348061740398407 0.0322855710983276
vn 2.4574536028590526 2.6747923851657402 5.0571483690694894
v 0.9088170528411865 0.3175336420536041 0.0346957333385944
vn 1.8475481296441409 2.3823272631767543 5.5063506776533204
v 0.9172524809837341 0.2959429323673248 0.0408214628696442
vn -0.8689178995708897 -4.5943972064663070 1.5302130302671877
v 0.9188592433929443 0.2256477028131485 0.0352982468903065
vn 0.7704921806306644 -2.3025725454289914 5.3546088431543657
v 0.9331191182136536 0.2372966259717941 0.0446374639868736
vn 2.8858231663372225 2.6135026029491462 4.7740285333397754
v 0.9426591992378235 0.2890138626098633 0.0339927859604359
vn 0.6939695948507307 -4.4509228073481806 2.5927797001209600
v 0.9428600072860718 0.2243422269821167 0.0335910916328430
vn 2.5877994502178852 2.3280130687224880 4.9230678402704688
v 0.9591283798217773 0.2750551998615265 0.0329885184764862
vn 2.4292517654402959 -1.0063098477534922 5.2273041438619270
v 0.9561156630516052 0.2444265782833099 0.0396163798868656
vn -4.6196732746525360 2.6755784362926409 2.7097134352664174
v -0.9778068661689758 0.1857802718877792 0.0253564566373825
vn -5.0854869104242049 1.1480591426585618 2.8132213124508962
v -0.9901587367057800 0.1596706062555313 0.0227455347776413
vn -3.4874842873168967 -2.1692096741434206 3.4775890139179744
v -0.9895561337471008 0.1331592500209808 0.0238501783460379
vn -0.5169117162151117 -5.4576023605410899 2.8230512819670195
v -0.9405503869056702 0.1166900768876076 0.0246535073965788
vn -4.5445794457320696 3.8139969131419349 1.7937579752050750
v -0.9337217211723328 0.2411126643419266 0.0179252680391073
vn -4.4696710737970875 3.7938080367408342 2.1043464289785470
v -0.9127335548400879 0.2654147446155548 0.0183269623667002
vn 1.5034143503227058 -5.7467007610801915 1.9711582997471782
v -0.8693513274192810 0.1245229840278625 0.0175235737115145
vn -3.8128850696359393 4.8640399680736977 0.9112075017257983
v -0.7890139222145081 0.3846153914928436 0.0105944592505693
vn 3.5389113133422114 -4.5114268304417440 2.4336243960286019
v -0.7823860645294189 0.1625828295946121 0.0243522506207228
vn -3.4150455794252474 4.9761557403498919 1.3934750139433010
v -0.7518578767776489 0.4111267328262329 0.0228459145873785
vn -3.0185128053461057 5.0666692206831456 1.5943164124227711
v -0.7334806919097900 0.4233781993389130 0.0241514332592487
vn -2.4276587548846207 5.4537201778649900 1.7521060531410293
v -0.7147017717361450 0.4320144653320312 0.0246535073965788
vn 4.4124938414313961 -4.1453144709777474 1.5580545058387063
v -0.7045592069625854 0.2307692170143127 0.0167201869189739
vn 4.6204780719426086 -3.8863772369237948 1.5811937364847359
v -0.6907009482383728 0.2462341636419296 0.0174231361597776
vn -1.8582215703508438 5.7428550718287177 1.3670420418848381
v -0.6741313934326172 0.4498895406723022 0.0138079505413771
vn 4.6853705801655270 -3.9158306483546115 1.3790897605006818
v -0.6535449028015137 0.2940349280834198 0.0207370650023222
vn -1.2551836562819663 5.7070682672334136 2.1777284648519961
v -0.6444065570831299 0.4549106061458588 0.0216408912092447
vn -0.4899699651574036 5.8056439016259134 2.1251984472973180
v -0.5990158915519714 0.4632456302642822 0.0199337378144264
vn 0.1959080054914391 5.6861747007236350 2.5231210399805128
v -0.5639687180519104 0.4617393016815186 0.0248543825000525
vn 2.6506805179960362 -5.6181473421592507 0.5270268763671623
v -0.5685880780220032 0.3654348254203796 0.0127033675089478
vn -0.7289589168680868 -5.8000106857834863 0.7810993484860139
v -0.5450894236564636 0.3745732009410858 0.0220425855368376
vn 0.4997950754631611 5.8572299398457925 1.9504276499817228
v -0.5266118049621582 0.4629443883895874 0.0163185521960258
vn -6.1739813367210132 0.4910905702940197 -1.0412250195711050
v -0.5274151563644409 0.3078931272029877 0.0244526900351048
vn -6.0220077729157726 -1.0447774640401306 -1.3960315725070218
v -0.5262100696563721 0.2496485114097595 0.0185277797281742
vn -5.8710346321509448 -1.8290118079721616 -1.2154461811387907
v -0.5191805958747864 0.2256477028131485 0.0161176752299070
vn -5.4924748290225534 -2.6711640758031057 -1.2759321403601949
v -0.5117493271827698 0.2044587135314941 0.0164189320057631
vn 0.6153682406300920 5.5160274977400530 2.7261131188321563
v -0.4982928633689880 0.4565173685550690 0.0245531275868416
vn 0.3609548116500235 5.6272386869499647 2.5715487128851811
v -0.4769030213356018 0.4551114737987518 0.0238501783460379
vn 0.2147310189268155 5.9226928382897643 1.8610023404872937
v -0.4509941935539246 0.4564169645309448 0.0170215014368296
vn -3.7650394210452713 -5.0029115827292348 -0.1832958417533102
v -0.4613376259803772 0.1471178829669952 0.0075818449258804
vn 0.1659766757148159 6.0494630272778114 1.4063508199206793
v -0.4292026460170746 0.4555131494998932 0.0166198089718819
vn -3.0149117170541677 -5.4930183888761723 -0.1324195817229097
v -0.4389435648918152 0.1312512308359146 0.0185277797281742
vn -0.0763108020559277 6.0702568982616274 1.1946945564418807
v -0.4026913046836853 0.4560152590274811 0.0170215014368296
vn -2.3819676076779412 -5.7881384666591211 0.4645511979388980
v -0.3764812350273132 0.1017272397875786 0.0167201869189739
vn -2.4501746152648023 -5.5087623600374842 1.6496067094715070
v -0.3205462992191315 0.0796344429254532 0.0265615377575159
vn 0.2417755656983432 6.2259878417764005 0.6829699679449374
v -0.3029724955558777 0.4544085264205933 0.0195320434868336
vn -2.5867718455727973 -5.4627696907933645 1.6979727964240312
v -0.2989556491374969 0.0699939578771591 0.0246535073965788
vn -2.9306142037134619 -5.3537008837060025 1.3986745551019200
v -0.2627033889293671 0.0487045422196388 0.0156155433505774
vn -2.8183227991309514 -5.4073945788155893 1.4342097333427895
v -0.1869853585958481 0.0093392059206963 0.0247539449483156
vn -2.6300288706943045 -5.5233228021183987 1.3633706728034998
v -0.1682064831256866 -0.0000000187050126 0.0247539449483156
vn -2.5459785350299926 -5.6605653937480600 0.6450481345152463
v -0.1538461595773697 -0.0090379780158401 0.0126029290258884
vn 1.2700795941079692 6.1343079238478548 0.4488124632900423
v -0.0460935980081558 0.4105241894721985 0.0173227582126856
vn -0.5540559429224615 -6.2047079219181089 0.7681916737049150
v 0.0485037118196487 -0.0572404302656651 0.0160172376781702
vn -0.4134633911689760 -6.1496618590398660 1.0773814813702542
v 0.0810403674840927 -0.0589476004242897 0.0244526900351048
vn -0.5873498594269029 -6.1392474623090765 1.1043761961992089
v 0.1071500256657600 -0.0616589896380901 0.0196324232965708
vn -0.5094122396073429 6.2003160442286696 0.8664674526000952
v 0.1504318267107010 0.3905402719974518 0.0244526900351048
vn -0.2852604602195027 6.2662526482429417 0.2825785692047369
v 0.2092789709568024 0.3959630429744720 0.0150130325928330
vn -1.1713403841601282 -6.0856228955841010 0.9255481555369022
v 0.2539666593074799 -0.0871661156415939 0.0220425855368376
vn -0.0301568844368437 6.2646647390122077 0.3770735975857576
v 0.2833902239799500 0.3945571482181549 0.0244526900351048
vn 1.1502569261919235 -6.0910834783740562 0.8040006051538946
v 0.3769833445549011 -0.0880699157714844 0.0164189320057631
vn -1.9941008081337916 5.8301980940839222 0.9790274137677298
v 0.3988752663135529 0.4229764938354492 0.0160172376781702
vn -1.6903663271661236 5.9477095920172438 0.8995847053600017
v 0.4269933700561523 0.4319140315055847 0.0128037463873625
vn -1.8299661412740704 5.9075291669504555 0.9771649474726524
v 0.4835308492183685 0.4468768835067749 0.0180257074534893
vn -2.0366206723813094 5.8492740992902021 0.7892960279669766
v 0.5054227709770203 0.4552118778228760 0.0128037463873625
vn -2.4190819436238939 5.6652011219402887 1.1496007593581754
v 0.5276159644126892 0.4620405733585358 0.0171218812465668
vn -2.7626629736695798 5.4325951884922512 1.2730773701274447
v 0.5471982359886169 0.4712793529033661 0.0220425855368376
vn -2.6736665642821755 5.4558271435041865 1.2846954677274594
v 0.5653746128082275 0.4805181622505188 0.0221429653465748
vn -2.7149447760720165 5.5213822381343629 1.0329933366867299
v 0.5840530395507812 0.4902590811252594 0.0173227582126856
vn 4.1945923055985261 -4.6347728955180791 0.1614448828444542
v 0.5983129143714905 0.0073307710699737 0.0185277797281742
vn 4.5775290859038869 -4.2793446369160479 0.0748830327572419
v 0.6145812273025513 0.0236995201557875 0.0150130325928330
vn -2.0443685041975188 5.7606215799237663 1.1824900516111636
v 0.6507331132888794 0.5177746415138245 0.0248543825000525
vn 4.6777998925610538 -3.6315400386341365 1.9366111380687694
v 0.6591684818267822 0.0816428884863853 0.0243522506207228
vn -1.2946127538896295 5.9271550050807402 1.0656113952438382
v 0.6785499453544617 0.5266118049621582 0.0244526900351048
vn 0.0659687315697451 -5.5147903534919127 2.2868032707579924
v 0.7720426321029663 0.2244426459074020 0.0164189320057631
vn 3.9807500976415708 4.8147009414425002 0.2877301923832679
v 0.8109058141708374 0.4932717382907867 0.0126029290258884
vn -1.3430756935320418 -5.2032808871444800 -1.4135320176439132
v 0.8102028965950012 0.2838923335075378 0.0246535073965788
vn 3.4063585034038972 3.9212799417250128 2.1078275317920010
v 0.8183370232582092 0.2603936493396759 0.0231472291052341
vn 4.4291846795084568 4.3022737502851474 0.7253520731724183
v 0.8283792138099670 0.4760996401309967 0.0244526900351048
vn -2.6348590826847009 -3.9276854968056050 3.2841953111222431
v 0.8251656889915466 0.2006426900625229 0.0253564566373825
vn 3.3071638827707974 3.1338041181497642 1.9432271171014632
v 0.8498694896697998 0.2340831309556961 0.0247539449483156
vn 1.1107684863111129 -1.2180027557052364 3.5972464411948049
v 0.8481623530387878 0.2048604041337967 0.0380096025764942
vn -2.1331186130422042 -4.3496986938210576 2.6624534850147294
v 0.8431411981582642 0.1853785812854767 0.0176240131258965
vn -2.7192796359928773 -5.5362128694534363 -0.7603081110451122
v 0.8567985892295837 0.2570797204971313 0.0244526900351048
vn 3.3180756739347017 1.9819761582488054 3.0979461435991573
v 0.8629243373870850 0.2139987945556641 0.0263607203960419
vn 0.8370682624948184 -1.0536970663718952 3.4466707510728378
v 0.8743723630905151 0.1834705621004105 0.0294737741351128
vn -2.5622335875337359 -5.6992924364507305 -0.3409547961108286
v 0.8759791254997253 0.2478409111499786 0.0138079505413771
vn -2.0599019469113600 -5.7469452177297073 -1.1653136710130629
v 0.8960635066032410 0.2391042262315750 0.0224442798644304
vn 2.5478755780883100 3.0358168398711745 4.7691268359824806
v 0.9283992648124695 0.3079935610294342 0.0310805495828390
vn 2.8952644349247194 -3.9033730964917410 3.1907278435678950
v 0.9642499089241028 0.2311709076166153 0.0273649245500565
vn 3.6730997081082171 2.2074019091850414 3.1393398397639198
v 0.9854388833045959 0.2686282396316528 0.0209379419684410
vn 3.2968784766304777 -2.5901772203802516 4.0157934043415597
v 0.9797148108482361 0.2432215213775635 0.0232476070523262
vn -1.8237253812236605 -5.3208735726747554 1.0208373539875051
v -0.9749950766563416 0.1138782724738121 0.0047700474970043
vn -4.6201834680249760 3.9758484148850490 1.1631378028756032
v -0.9554127454757690 0.2192207127809525 0.0091885607689619
vn -4.7983339793063324 3.5507494909311381 0.4476652485139420
v -0.9757983088493347 0.1972283571958542 0.0078831007704139
vn 0.8406297838272302 -5.8110988538928376 2.0853104087458587
v -0.9098212718963623 0.1123719438910484 0.0107953362166882
vn -4.5470978135829894 3.8017496226884946 1.9088033275731302
v -0.8942559361457825 0.2900180518627167 0.0145109603181481
vn -4.0170992299377977 4.6067196896257681 0.9090209963303780
v -0.8530829548835754 0.3328981697559357 0.0090881818905473
vn -4.0156040298252389 4.7199671920218069 0.4058383493138570
v -0.8301868438720703 0.3527816534042358 0.0066780187189579
vn 2.0816223665994658 -5.7255692222813686 0.9687857158047674
v -0.8275758624076843 0.1344647407531738 0.0124020520597696
vn -3.7931109645837515 4.8063349479833883 1.0871044000608494
v -0.8121109008789062 0.3660373389720917 0.0173227582126856
vn 2.8416994487212768 -5.1576168131920159 1.7499901948410910
v -0.7966459393501282 0.1491263210773468 0.0171218812465668
vn -3.7708248298415032 4.9837892854132839 0.2345870575036362
v -0.7724443078041077 0.3979714810848236 0.0043683536350727
vn 3.8463626767689432 -4.6185986951860727 1.7632590397129499
v -0.7615987658500671 0.1760393530130386 0.0151134710758924
vn 4.8375427964102569 -3.7702394634513348 1.3144314121767433
v -0.6776461005210876 0.2623016536235809 0.0141092659905553
vn -1.0838501399080172 5.9432155512429379 1.5030946268561007
v -0.6285399198532104 0.4620405733585358 0.0101928254589438
vn 4.3823017325644766 -4.4663648917929271 0.3109639484228520
v -0.6240209341049194 0.3256677985191345 0.0079835392534733
vn -6.2013161912664359 0.1494047847852263 -0.6543825348112403
v -0.5226953625679016 0.3392247557640076 0.0120004182681441
vn -6.1867689777357899 0.0014288348607407 -1.0259423828175647
v -0.5284193754196167 0.2761598527431488 0.0173227582126856
vn -5.0797886027498782 -3.5486806308653924 -0.8281868515388435
v -0.4983932375907898 0.1846756339073181 0.0120004182681441
vn -4.4297785354766059 -4.4019233883178339 -0.4453961690293199
v -0.4799156785011292 0.1623819917440414 0.0126029290258884
vn -2.7602775883054607 -5.6373700225187298 0.2469449676976294
v -0.4235790669918060 0.1231170743703842 0.0104940813034773
vn -2.6577290303154530 -5.6858652063391304 0.2686013448067436
v -0.4031934440135956 0.1135770082473755 0.0150130325928330
vn -2.2782993923619670 -5.7466337875952016 1.1230763929815484
v -0.3520787358283997 0.0915846377611160 0.0150130325928330
vn -2.6163725085815850 -5.6645811018481487 0.3840039581639089
v -0.3400281369686127 0.0841534286737442 0.0013556794729084
vn 0.0900701402142607 6.2469822792780860 0.5456624122274553
v -0.3285800516605377 0.4555131494998932 0.0150130325928330
vn -2.7592642771440699 -5.5087403578713658 1.1837263420194777
v -0.2816830575466156 0.0584454573690891 0.0138079505413771
vn 0.9420360329331421 6.1966018927296815 0.2022698818685202
v -0.2532637119293213 0.4503916501998901 0.0055733756162226
vn 1.1073779008601317 6.1498841442669843 0.4890894358982825
v -0.2243422418832779 0.4452701508998871 0.0131050013005733
vn -2.9444862550281412 -5.4346434616900208 0.3161738662520248
v -0.2423177510499954 0.0346454940736294 0.0038662215229124
vn 1.2070943286033811 6.1242397449766166 0.5886580277507907
v -0.1967262625694275 0.4398473799228668 0.0150130325928330
vn 1.2176749021076301 6.1321345607927533 0.4538950213473648
v -0.1722233593463898 0.4353283941745758 0.0093894377350807
vn 1.1401013562978246 6.1360885925632269 0.6990475215700047
v -0.1414942741394043 0.4286001026630402 0.0148122152313590
vn -2.0356834547272666 -5.8606397049637113 0.3584305714209452
v -0.1295440942049026 -0.0193814225494862 0.0105944592505693
vn -2.0791855313343075 -5.8783978841349853 -0.1452171924710395
v -0.1104639545083046 -0.0257079917937517 0.0057742525823414
vn -1.9144697258077508 -5.9229200062212151 -0.0152791804294354
v -0.0900783315300941 -0.0329383611679077 0.0061759464442730
vn 1.1209038264735280 6.1416669367229249 0.6884597076170234
v -0.0931914150714874 0.4200642406940460 0.0150130325928330
vn 1.2886674985651425 6.1310921098949338 0.3031334285698469
v -0.0659771114587784 0.4156457185745239 0.0055733756162226
vn -1.3371755578627853 -6.1141694532946902 0.4262688549745280
v -0.0424784198403358 -0.0440851785242558 0.0117995413020253
vn 1.1868756327422516 6.1469251023307834 0.3986126015079751
v -0.0199839416891336 0.4057039618492126 0.0148122152313590
vn -1.0665730462835086 -6.1576724623117158 0.5531526529311774
v -0.0131552582606673 -0.0501104816794395 0.0114982854574919
vn -0.7606416731843549 -6.1949140844268458 0.7006779572082694
v 0.0168708525598049 -0.0537256672978401 0.0157159827649593
vn 0.8173977710773546 6.1951270421368916 0.6301114634609422
v 0.0481020249426365 0.3931512534618378 0.0150130325928330
vn 0.4965958249430149 6.2466866009016693 0.1647859578645836
v 0.0668808966875076 0.3921470046043396 0.0055733756162226
vn 0.2802222400396803 6.2419861216082495 0.6407727004242884
v 0.0892749577760696 0.3900381624698639 0.0126029290258884
vn -0.2240089308885514 6.2469223583184057 0.5752949587100381
v 0.1186985373497009 0.3899377286434174 0.0150130325928330
vn -0.4848566431795394 6.2471507745899100 0.2761898349428532
v 0.1656959205865860 0.3934524953365326 0.0114982854574919
vn -0.9355815371073330 -6.0690422500601153 1.1988896202898014
v 0.1789515912532806 -0.0735087543725967 0.0149125941097736
vn -0.4352035856321519 6.2604068717450412 0.1064695340112666
v 0.1857802718877792 0.3950592577457428 0.0043683536350727
vn 0.1018412826022624 6.2761997375783860 0.2079432658822942
v 0.2446274310350418 0.3965655863285065 0.0150130325928330
vn 0.1277765772262272 6.2764427870353634 0.2323566786985819
v 0.2705362737178802 0.3957622051239014 0.0084856115281582
vn -0.1576096784259375 -6.2041540712558856 0.7813845599508866
v 0.3010644912719727 -0.0943964868783951 0.0150130325928330
vn 0.3905440902720780 -6.2202368743522563 0.7802230868324760
v 0.3328981697559357 -0.0929905772209167 0.0126029290258884
vn -1.9647913007511948 5.9572955863506465 -0.0172779043466435
v 0.3589074313640594 0.4067081511020660 0.0079835392534733
vn 2.2810808713275650 -5.8363515132931747 0.3032956040380727
v 0.4674633443355560 -0.0626632049679756 0.0090881818905473
vn 1.9504815034204084 -5.9386215257667763 0.2386853035322692
v 0.4457722604274750 -0.0711990520358086 0.0035649659112096
vn 2.4586069621566797 -5.7644602664014810 0.2433570330622243
v 0.4908616244792938 -0.0530227161943913 0.0127033675089478
vn 2.6595014745615306 -5.6788682197801430 0.3225895351658336
v 0.5102430582046509 -0.0440851785242558 0.0150130325928330
vn 2.8298758714944485 -5.5922084966541243 0.1927244938189281
v 0.5463948845863342 -0.0275155846029520 0.0055733756162226
vn 3.1712166181657424 -5.3975213627772556 0.3044162195156085
v 0.5657762289047241 -0.0166700333356857 0.0150130325928330
vn -2.3407096934330296 5.7604609352511646 0.4080735888191275
v 0.6269331574440002 0.5107451677322388 0.0085860500112176
vn 4.8837205608319891 -3.9011431396671599 0.2737631403971483
v 0.6321550607681274 0.0438842959702015 0.0146113382652402
vn 4.0349728765826534 -4.3204929463434310 1.9524344749007507
v 0.6800562739372253 0.1001204922795296 0.0148122152313590
vn 3.4702198483720985 -4.6030894998833931 2.1332818962260469
v 0.7005423307418823 0.1158867031335831 0.0154147269204259
vn 3.5594915753166450 -4.5994750143080578 1.7309671246672327
v 0.7168106436729431 0.1250250935554504 0.0097911320626736
vn 5.0792931612743972 -2.1870673422735396 1.2540998522292717
v 0.7460333704948425 0.1565575301647186 0.0096906935796142
vn 5.7690932187869954 -0.2605091685991681 1.7521086005743625
v 0.7474392652511597 0.1781482100486755 0.0163185521960258
vn 3.1107604831970681 5.3988400030254278 0.4784387072662941
v 0.7847961783409119 0.5114480853080750 0.0111970305442810
vn 4.2156988510377458 4.5731966288344630 0.4408949781166729
v 0.8338019847869873 0.2462341636419296 0.0079835392534733
vn 1.7945640919712420 -2.2753988671019356 2.1630206337833111
v 0.8887326717376709 0.1699136346578598 0.0143100833520293
vn 4.4726553343142408 2.8656283974748487 1.6965462137761578
v 0.8843141198158264 0.1969270855188370 0.0115987239405513
vn 5.8292714631927396 2.3025748819882810 -0.1685561752395246
v 0.8861216902732849 0.3832094967365265 0.0150130325928330
vn 5.1208225971357253 3.0867887766348576 1.3526906275348267
v 0.8950592875480652 0.3622213304042816 0.0126029290258884
vn 3.9644075408789372 3.4333402530834074 2.8762991028212332
v 0.9075115919113159 0.3461538255214691 0.0177244506776333
vn 3.7026850849442630 4.0265969622314790 2.5645289030652059
v 0.9220727682113647 0.3341032266616821 0.0128037463873625
vn -1.6819735373614961 -6.0010029675057570 -0.6398955105072873
v 0.9298052191734314 0.2273548841476440 0.0171218812465668
vn 3.6444768048081304 3.6183327662584821 3.0899178833572973
v 0.9419562816619873 0.3140188753604889 0.0173227582126856
vn 0.7048462877958844 -5.5320527290419026 0.4557900121572003
v 0.9531030654907227 0.2205261886119843 0.0123016731813550
vn 4.1621646948969939 4.0324570760405400 1.3094539114943635
v 0.9624422788619995 0.2988551855087280 0.0049708648584783
vn 3.3810777671384278 4.0378966221057295 2.7583392217757372
v 0.9738903641700745 0.2829885184764862 0.0165193695574999
vn 2.7370484299094553 -0.2330802327874963 1.3264265392087602
v 1.0000000000000000 0.2514561116695404 0.0167201869189739
vn -4.0181792185707099 -1.8847631292222706 0.9425440373313553
v -1.0000000000000000 0.1285398602485657 0.0057742525823414
vn -5.4867525153698233 2.1606396552795535 0.0375467970040707
v -0.9927696585655212 0.1689094156026840 0.0025607612915337
vn -0.7266586579950177 -6.0624149185210072 0.6674815454940477
v -0.9499899744987488 0.1105643510818481 0.0032637105323374
vn -0.2382788359375291 -5.9654882463919821 0.9861135573062521
v -0.9302068948745728 0.1083550751209259 0.0037657830398530
vn -4.8532121615526336 3.6794266804048164 0.6407203564849913
v -0.9263908863067627 0.2560755312442780 0.0039666597731411
vn 1.8006533977615329 -5.8232797688139790 1.0866780405910790
v -0.8793934583663940 0.1167905032634735 0.0019581904634833
vn -4.2242317583073437 4.3536827404291962 1.3768474861336184
v -0.8787909746170044 0.3097007274627686 0.0078831007704139
vn 2.4063886143604982 -5.5661349302549583 0.0251048534139844
v -0.8088974356651306 0.1399879306554794 0.0008535471861251
vn 3.5365727710711887 -4.9632401190634425 0.5840870888560656
v -0.7802771925926208 0.1570596396923065 0.0058746309950948
vn -3.5371745169282862 5.1047437109892622 -0.2777780445582546
v -0.7545692324638367 0.4117292463779449 -0.0026611995417625
vn 4.1556036961398402 -4.5102734326323066 0.6932097125825959
v -0.7436232566833496 0.1874874383211136 0.0032637105323374
vn -3.1739606779728868 5.3394509899087996 -0.2992476647358990
v -0.7338823676109314 0.4250853359699249 -0.0014561179559678
vn 4.1377345362358167 -4.5804485192986899 0.4434102524125170
v -0.7291625142097473 0.2001405656337738 -0.0037658428773284
vn -2.5842679445058923 5.6506193955695636 0.2893423525145337
v -0.7135971188545227 0.4358304738998413 0.0055733756162226
vn 4.3548687468514995 -4.3460961708373089 1.1232297836237557
v -0.7164089679718018 0.2144004702568054 0.0031632720492780
vn 4.9515400665295850 -3.8092247290536290 0.6363638096502626
v -0.6592689156532288 0.2827876806259155 0.0008535471861251
vn 4.8082148724993843 -4.0008538810265346 0.2571432883429942
v -0.6389837861061096 0.3075918853282928 0.0023598843254149
vn 3.7304935349205421 -5.0282162854085746 -0.1910109749078405
v -0.5960032343864441 0.3482626974582672 -0.0002510960912332
vn -0.1165675694672409 6.0931443083592782 0.9252907031341275
v -0.5804378390312195 0.4682667255401611 0.0055733756162226
vn 0.2713288376239922 6.0497589199021853 0.1030058185074280
v -0.5563366413116455 0.4693713486194611 -0.0026611995417625
vn -6.2415612662248705 0.4654784265677789 -0.2347879342033066
v -0.5247037410736084 0.3078931272029877 0.0032637105323374
vn -4.6969681255698621 -2.6069115666018279 0.0180464310836468
v -0.5224944949150085 0.3615183830261230 -0.0013556794729084
vn 0.6923386538610806 6.1404850165343792 0.4583086301554953
v -0.4934726059436798 0.4614380300045013 0.0039666597731411
vn 0.2564054431967674 6.1764549648543241 0.3855371958660525
v -0.4709781110286713 0.4600321352481842 0.0032637105323374
vn -0.0022632596280357 6.2357763541416142 0.0621937258251877
v -0.3868246674537659 0.4573207497596741 -0.0014561179559678
vn -0.0982999704838166 6.2318753093977959 0.3251838768399256
v -0.3662382364273071 0.4572203159332275 0.0032637105323374
vn -2.6766756345994360 -5.6083747908730404 0.6504310573921678
v -0.3027716279029846 0.0665796175599098 0.0040670386515558
vn -2.9333263592086238 -5.3741922682621261 -0.2355642564824229
v -0.2148021757602692 0.0187788531184196 -0.0026611995417625
vn -2.6812301234294016 -5.5507964320948844 -0.0790471816218193
v -0.1880899965763092 0.0053223357535899 0.0004519131034613
vn 1.0839564382823610 6.1674165162270675 0.2339096792804686
v -0.1076521500945091 0.4238802790641785 0.0022595056798309
vn -1.4352411211197666 -6.0646338633494947 0.1222802263099277
v -0.0649728924036026 -0.0399678833782673 0.0055733756162226
vn 1.2342104641176834 6.1502497145383037 0.0391910028545348
v 0.0033139148727059 0.4016870856285095 0.0020586289465427
vn 1.0197878287978708 6.1923599280132988 0.0187378510261238
v 0.0281180925667286 0.3967663943767548 0.0041674771346152
vn -0.4756608185485005 -6.2451780342777319 -0.0626038954647694
v 0.0763205364346504 -0.0607551932334900 -0.0038662813603878
vn -0.6486976292162028 -6.2303423191941114 0.0704550289216626
v 0.0950994119048119 -0.0624623596668243 -0.0014561179559678
vn -1.0494043752494562 -6.1663305422154719 0.1815774676471827
v 0.1339626461267471 -0.0677847117185593 -0.0038662813603878
vn -0.3844535033791693 6.2526191167553886 0.2094004476697021
v 0.1421972364187241 0.3921470046043396 0.0055733756162226
vn -1.0587288864927553 -6.1081637426732147 0.5790266327643708
v 0.1580638736486435 -0.0722032710909843 0.0055733756162226
vn -1.1731639612180964 -6.1369683833111273 -0.0809259728868746
v 0.2227354943752289 -0.0831492468714714 -0.0063768234103918
vn -0.0660245112978268 6.2741305347477416 0.1145715100413602
v 0.2313717603683472 0.3971680998802185 0.0008535471861251
vn -1.0603511482293084 -6.1548254777464386 -0.0893861514330840
v 0.2694316208362579 -0.0921872109174728 -0.0062763849273324
vn -0.8039092613116138 6.2044941056908911 0.0679995987727395
v 0.3207471370697021 0.3969672322273254 -0.0038662813603878
vn -1.5275184882369257 6.0883692109508774 -0.0822760616265390
v 0.3399277031421661 0.4016870856285095 0.0055733756162226
vn 0.6428531713330482 -6.2127748980216984 0.2018371324132963
v 0.3495682179927826 -0.0933922678232193 -0.0018578118178993
vn -2.6521263240257680 5.6348926308917688 0.0550554912671239
v 0.3768829107284546 0.4148423373699188 0.0055733756162226
vn 1.6631259211696983 -6.0424281690639781 0.2567185479611468
v 0.4246836602687836 -0.0770235210657120 0.0032637105323374
vn -1.6381679335712707 6.0220578324551859 0.3585769591033305
v 0.4672625064849854 0.4444667696952820 0.0004519131034613
vn 3.4852937208136909 -5.1922695062425390 -0.0288584443571096
v 0.5727053880691528 -0.0129544278606772 -0.0026611995417625
vn -2.5655675190900253 5.6946819208483355 0.0627144504391129
v 0.6030327677726746 0.5006025433540344 0.0032637105323374
vn -1.9398138550257553 5.9242011016372906 -0.0106263864561314
v 0.6500301361083984 0.5195822715759277 0.0032637105323374
vn 4.8388899347386509 -3.9459090493938205 0.1703985717981809
v 0.6495280265808105 0.0650732889771461 0.0055733756162226
vn -1.5777867745282661 6.0199784078493392 -0.3205466393745379
v 0.6695119738578796 0.5253063440322876 -0.0038662813603878
vn 4.4743289471084919 -4.3124937971202497 0.0947826150196117
v 0.6662985086441040 0.0839525908231735 0.0043683536350727
vn -0.7395112070425343 6.1613402341050039 -0.3269029837422295
v 0.6960232853889465 0.5305281877517700 -0.0038662813603878
vn 4.0038458119588629 -4.0449907861902084 -0.2047928540603074
v 0.7307692766189575 0.1336613744497299 -0.0015565563226119
vn 5.2724660065866846 -2.0701972460973823 0.9876654080300754
v 0.7477405071258545 0.2049608230590820 0.0062763248570263
vn -2.2874753420812124 -4.9386719254937645 -0.8936393114750152
v 0.7915244698524475 0.2957421243190765 0.0055733756162226
vn 0.7998650753526582 -0.5419260242213464 -0.1452999679821356
v 0.7699337005615234 0.3004619181156158 0.0127033675089478
vn 3.9867477909823252 4.6498613851149333 1.1163399013720792
v 0.7912231087684631 0.2791725099086761 0.0062763248570263
vn -2.7849000668941386 -5.5703716655138651 -0.0899283266153311
v 0.7988551855087280 0.2127937227487564 -0.0000502192197018
vn -2.5369046031237108 -5.5898222960779105 0.1547535752522363
v 0.8099016547203064 0.2855994999408722 -0.0038662813603878
vn -3.4290990762369611 -5.1512116633863103 0.0759020339846758
v 0.8248644471168518 0.1949186474084854 -0.0002510960912332
vn 4.6318903633706316 4.2232384150240740 0.1197559433468736
v 0.8288813233375549 0.4766017198562622 -0.0014561179559678
vn 4.6275774998235963 4.2131729647281908 -0.4470481669253933
v 0.8476601839065552 0.2318738549947739 0.0052721202373505
vn -2.9569966965720700 -5.4996153211677310 -0.0147802891399976
v 0.8587065935134888 0.2549708783626556 0.0055733756162226
vn 5.3430880657967137 3.3000745596968390 0.0942955936572182
v 0.8635268211364746 0.4294034838676453 -0.0014561179559678
vn 5.0536142532238362 3.7156077125639677 0.2211413959988883
v 0.8491665124893188 0.4512954354286194 -0.0026611995417625
vn -2.3682400491423863 -4.8240109923503365 0.8524994269559818
v 0.8576019406318665 0.1712191104888916 0.0032637105323374
vn -1.8983939791591768 -5.9634628901621758 0.0877963992107787
v 0.9229764938354492 0.2311709076166153 -0.0014561179559678
vn 3.1535983089613304 -4.7991552392757804 -0.2044399056467675
v 0.9816228747367859 0.2323759645223618 -0.0021590671967715
vn -4.6784387965876473 3.7428228571394149 -1.4667421791881046
v -0.9339225292205811 0.2431211024522781 -0.0159168597310781
vn -4.5356031344001009 4.1029950159544342 -0.3937683398961098
v -0.9470777511596680 0.2311709076166153 -0.0061759464442730
vn -4.8682858157632758 3.7716149511225243 -0.3012526038655812
v -0.9136372804641724 0.2717413008213043 -0.0087869269773364
vn -4.4002387868306023 3.9803931597232785 -0.4303448626005307
v -0.8939546346664429 0.2989556193351746 -0.0109962131828070
vn -3.9044339458881661 4.6279331807321142 -0.8877004854070636
v -0.8733682036399841 0.3168306946754456 -0.0124021116644144
vn 2.0355623858621841 -5.8669980292003485 0.1911686857841442
v -0.8491665124893188 0.1260293126106262 -0.0038662813603878
vn -3.9887204637256937 4.7833497753987952 -0.5331106163897460
v -0.8110062479972839 0.3678449392318726 -0.0108957746997476
vn -3.7950192462242862 4.8890814753921923 -0.5752632311008484
v -0.7942358255386353 0.3818035423755646 -0.0117996009066701
vn 3.8822410001336936 -4.7932448034794088 0.0113040155741878
v -0.7627034187316895 0.1701144576072693 -0.0038662813603878
vn -2.3182507872743643 5.6529466544067404 -0.6912812580840901
v -0.6923077106475830 0.4451697170734406 -0.0126029290258884
vn 4.7938390056452453 -3.9498117785275872 0.7530167774936372
v -0.6861820220947266 0.2449286878108978 -0.0073810280300677
vn -1.4838292553054189 5.9798448398974884 0.2034388684758513
v -0.6477203965187073 0.4602329730987549 -0.0038662813603878
vn -0.6956714090788504 6.0740658342325453 -0.1108617812849669
v -0.6101627349853516 0.4680658578872681 -0.0102932639420033
vn 2.1779687471679625 -5.8323590377768930 -0.7644376090096870
v -0.5634666085243225 0.3687487542629242 -0.0117996009066701
vn -0.8156275172080469 -5.6907489335490418 -0.5090678415146208
v -0.5450894236564636 0.3748744726181030 -0.0132054993882775
vn 0.3009798159484185 6.0686869129420939 -0.7373459323089553
v -0.5357502102851868 0.4673629105091095 -0.0108957746997476
vn 0.8485489298898012 6.0987102698887119 0.0691621151078473
v -0.5168708562850952 0.4656557440757751 -0.0038662813603878
vn -6.2294790267333369 0.1650952987482635 0.3823694944302940
v -0.5223940610885620 0.3369150161743164 -0.0103936428204179
vn -6.2598932986868947 -0.1248495085789676 -0.0122642252996090
v -0.5260092616081238 0.2773649096488953 -0.0038662813603878
vn -6.1236152176578580 -1.1461902507496322 0.0794966406586255
v -0.5224944949150085 0.2488451302051544 -0.0038662813603878
vn -5.9567577497327058 -1.8779189123990148 0.1231720067233608
v -0.5162683725357056 0.2231371551752090 -0.0038662813603878
vn -4.8640869657193671 -3.6416896595755190 0.1637729641057705
v -0.5025105476379395 0.1950190663337708 -0.0038662813603878
vn 0.3016875612771295 6.1875562698595061 -0.0921093430390957
v -0.4509941935539246 0.4595299959182739 -0.0038662813603878
vn -3.2057003778381605 -5.3614842693054072 0.1044805342875804
v -0.4415545463562012 0.1313516646623611 -0.0112974690273404
vn 0.0176997777000717 6.2311658387080779 -0.5172633085380713
v -0.4121309518814087 0.4564169645309448 -0.0108957746997476
vn -2.6499247243364592 -5.6882767911420258 -0.0962015166679678
v -0.4120305478572845 0.1169913485646248 -0.0101928254589438
vn -2.5405827431327150 -5.7194768222305656 -0.1582657179770556
v -0.3846154212951660 0.1040369421243668 -0.0061759464442730
vn -2.6060883311490843 -5.6751540329579928 -0.4136323806727508
v -0.3662382364273071 0.0961036160588264 -0.0108957746997476
vn 0.0414318015331322 6.2370744802158962 -0.1118742507223876
v -0.3473589122295380 0.4574211537837982 -0.0038662813603878
vn 0.2396638350588461 6.2612748264125351 -0.0787189995072462
v -0.3215505182743073 0.4563165307044983 -0.0038662813603878
vn 0.3077433618991763 6.2622940104717477 -0.1078521249641856
v -0.3003615438938141 0.4553123116493225 -0.0038662813603878
vn 0.5885600231747798 6.2275023665690217 -0.0713535296139362
v -0.2791725397109985 0.4542076587677002 -0.0038662813603878
vn -2.8053444270048384 -5.5476359315309560 -0.2625425707882505
v -0.2773649394512177 0.0532235205173492 -0.0095903147011995
vn 1.0496643196747115 6.1714180900096158 -0.3331456321485449
v -0.2249447852373123 0.4456717967987061 -0.0122012346982956
vn 1.1862784917356370 6.1384125332405262 -0.3275496212759834
v -0.1956216245889664 0.4404498636722565 -0.0132054993882775
vn 1.1465084635115217 6.1584214245876474 0.0592938097287156
v -0.1496284455060959 0.4318135976791382 -0.0038662813603878
vn 1.1411389304512853 6.1654195939404541 -0.1190496114093942
v -0.1261297613382339 0.4272946119308472 -0.0093894377350807
vn -2.2394835205396957 -5.7031204615771776 -0.5825853654349293
v -0.1420968174934387 -0.0151637066155672 -0.0038662813603878
vn 1.2078920257366303 6.1309372387400591 0.0051303356155368
v -0.0837517678737640 0.4200642406940460 -0.0038662813603878
vn 1.3052831639787410 6.1308466615100592 -0.1189888599490176
v -0.0460935980081558 0.4117292463779449 -0.0108957746997476
vn 1.2540005151717861 6.1422991685617330 -0.2908530687214496
v -0.0211890023201704 0.4061056375503540 -0.0153143480420113
vn -1.4763933152173181 -6.0787172180805307 -0.2202121587774586
v -0.0334404557943344 -0.0467965640127659 -0.0085860500112176
vn -0.7412696598702819 -6.2112476875322304 0.0301631944920019
v 0.0199839267879725 -0.0560353659093380 -0.0051717413589358
vn -0.4834241125722117 -6.2222546329733577 0.0116318785470328
v 0.0504117235541344 -0.0593492873013020 -0.0038662813603878
vn 0.0231841509967048 6.2686601301779259 -0.1400735384154559
v 0.1022293642163277 0.3907411098480225 -0.0038662813603878
vn -0.8564972764050536 -6.2081880693246916 0.0290613502844056
v 0.1140791326761246 -0.0647720620036125 -0.0043683536350727
vn -0.2608748629607451 6.2511112154714361 -0.4042975663794707
v 0.1234183534979820 0.3908415138721466 -0.0132054993882775
vn -1.0115241852193193 -6.1792946412416292 -0.2412575795508299
v 0.1754368245601654 -0.0748142376542091 -0.0121008567512035
vn -1.0155763711067782 -6.1369570193261360 0.1662348838392910
v 0.1987346857786179 -0.0794336423277855 -0.0038662813603878
vn -1.2070089715772110 -6.1045760336730694 -0.0487080607523711
v 0.2457320839166641 -0.0882707610726357 -0.0038662813603878
vn 0.1002236703601127 6.2794338923447315 -0.0251335857265455
v 0.2528620362281799 0.3968668282032013 -0.0156156029552221
vn -0.5677014098451321 -6.0867016241152596 0.1597719961863715
v 0.2928298711776733 -0.0966057628393173 -0.0038662813603878
vn -0.1279267028965242 6.2783549246055035 0.1984221889593949
v 0.2999598383903503 0.3962642848491669 -0.0038662813603878
vn 0.3169156126233183 -6.2409370173687346 0.0715479317041901
v 0.3187387287616730 -0.0956015437841415 -0.0038662813603878
vn -2.3367298199743365 5.6162150321365862 -0.5016462486144616
v 0.3935529291629791 0.4230769276618958 -0.0038662813603878
vn 1.2673605189712851 -6.0950716348356515 0.1350979334322779
v 0.3870255053043365 -0.0879694893956184 -0.0038662813603878
vn 1.7042227735574040 -6.0174732181565762 0.0986148302333282
v 0.4059047996997833 -0.0828479826450348 -0.0038662813603878
vn -2.0075219899697561 5.7629697559496540 -0.8596204614376625
v 0.4126330614089966 0.4288009703159332 -0.0136071937158704
vn -1.7346850205869169 5.9464732918303929 -0.3563452175372401
v 0.4470777213573456 0.4392448365688324 -0.0102932639420033
vn 2.6366914867855371 -5.6956472622596825 -0.0519380858637116
v 0.5188793540000916 -0.0405704155564308 -0.0038662813603878
vn -2.2578913566662089 5.8344740704106286 -0.1377693220638566
v 0.5215907096862793 0.4618397355079651 -0.0038662813603878
vn -2.6835775922819152 5.6374685344771391 -0.2261490185196122
v 0.5479012131690979 0.4736894965171814 -0.0038662813603878
vn -2.7730089341766435 5.5916747018025434 -0.2738193704730165
v 0.5668808817863464 0.4830287098884583 -0.0038662813603878
vn -2.7211441361765023 5.6184862931075958 -0.2956319289711681
v 0.5857601761817932 0.4923679232597351 -0.0038662813603878
vn 4.2026803287700583 -4.6573370164842194 -0.1687293843223968
v 0.5954006910324097 0.0055231787264347 -0.0038662813603878
vn 4.8092575184220765 -4.0233672404885423 -0.3465295639372323
v 0.6317533254623413 0.0443864054977894 -0.0048704859800637
vn 3.7326413090352113 -4.8179665283738977 -0.5925910794891731
v 0.6864832639694214 0.1016268208622932 -0.0041675367392600
vn 3.5579958248614618 -4.7893501262701266 -1.1026100134689396
v 0.7077726721763611 0.1178951486945152 -0.0061759464442730
vn 0.4450298828014100 6.1811576424808070 -0.1347771857447067
v 0.7236393094062805 0.5316328406333923 -0.0038662813603878
vn 1.5272733437705712 6.0392282298590327 0.1623584077939411
v 0.7519582509994507 0.5266118049621582 -0.0049708648584783
vn 0.3097395604203915 -5.8656825829679553 -1.1356645672906935
v 0.7726451158523560 0.2216308414936066 -0.0059751295484602
vn 5.9673731995323287 -0.1903990673783223 -0.9905826166651832
v 0.7492468953132629 0.1842739284038544 -0.0096906935796142
vn 2.7349252086752989 5.5865169664595999 0.1322768963213847
v 0.7731472849845886 0.5189796686172485 -0.0060755079612136
vn 3.5826297060069434 5.1290568627540587 -0.1845198351185970
v 0.7982527017593384 0.5032134652137756 -0.0108957746997476
vn 3.7932494765692919 4.9659613534753557 -0.2933963101703245
v 0.8145210146903992 0.2625024914741516 -0.0039666597731411
vn -3.1589754397863139 -5.4022195191841931 0.1297871720297784
v 0.8373167514801025 0.2698332667350769 -0.0120004182681441
vn 4.2256226562718417 4.6252532400166757 -0.1833658505243391
v 0.8656356930732727 0.2122916132211685 -0.0058746910654008
vn 5.6596470348950154 2.7083562202796663 -0.0256552085609951
v 0.8737698793411255 0.4112271368503571 -0.0038662813603878
vn -0.3075711362920268 -4.4908644254405257 -2.1643278751180892
v 0.8727656006813049 0.1677043437957764 -0.0155151644721627
vn 5.8867265817914829 2.1789709483922683 -0.1842656499121899
v 0.8816027641296387 0.3919461667537689 -0.0038662813603878
vn 5.4941044338682561 2.7318341418802579 -0.2213541184074750
v 0.8873267769813538 0.3733681440353394 -0.0038662813603878
vn -2.2154887936443703 -5.8528398206521004 0.3970412006532285
v 0.8975698351860046 0.2390037924051285 -0.0049708648584783
vn 2.3014709323037095 -1.2837120209494481 -0.0917757749770725
v 0.8989757299423218 0.1693110913038254 -0.0022595056798309
vn 4.4724401255641846 4.3036447298807445 -0.2183876814394767
v 0.9041976332664490 0.3543884158134460 -0.0038662813603878
vn 4.9798944080306375 3.3417146577844030 -0.5774150220318065
v 0.8860213160514832 0.1949186474084854 -0.0079835392534733
vn 4.0776379732918349 4.3758816384741603 -0.2079525072238224
v 0.9439646601676941 0.3198433220386505 -0.0038662813603878
vn 4.3477103541208528 2.8350351570843353 -1.1471510360206945
v 0.9887527823448181 0.2745531201362610 -0.0114982854574919
vn 3.7841453106382739 -0.6632873163428827 -1.8065186849958996
v 0.9964852333068848 0.2509540021419525 -0.0168206859380007
vn -5.4215758318139189 1.0397011671132190 -2.1902465559053179
v -0.9950793981552124 0.1483229398727417 -0.0154147269204259
vn -3.7372760747005245 -2.0855412996920841 -1.6097975415308312
v -0.9977907538414001 0.1273347735404968 -0.0135067552328110
vn -5.0644542371648926 2.6117455220911174 -2.2200047016774254
v -0.9837316274642944 0.1759389340877533 -0.0175236351788044
vn -4.7278890154835729 3.6493745582619965 -1.4283944522259924
v -0.9596304893493652 0.2140992134809494 -0.0136071937158704
vn 0.8523427540727292 -5.7360911230323381 -0.2560883022655115
v -0.9021892547607422 0.1067483276128769 -0.0143101429566741
vn -4.0096539066494419 4.6890941546487319 -1.0393466497274466
v -0.8465555310249329 0.3363125026226044 -0.0168206859380007
vn 2.4646257425159028 -5.5738278255890208 -1.3279556679655800
v -0.8282787799835205 0.1362723410129547 -0.0170215014368296
vn 2.8542797494449621 -5.1693318940703898 -1.6971013160410084
v -0.7959429621696472 0.1498292684555054 -0.0165193695574999
vn 3.2560735995860024 -4.8887913404420420 -1.8617859553541019
v -0.7729464173316956 0.1656959056854248 -0.0203354321420193
vn -2.8161982547706383 5.4515271286412164 -1.1720313487669698
v -0.7147017717361450 0.4330186545848846 -0.0183269623667002
vn 4.5756315589429670 -4.2159153556493241 0.0523242675486547
v -0.6954208016395569 0.2322755455970764 -0.0216408912092447
vn -1.8938060771769685 5.8672596628968368 -0.5421377832973524
v -0.6667001843452454 0.4545089304447174 -0.0132054993882775
vn 5.0301516454538540 -3.7094181139308935 0.5741454972946372
v -0.6671018600463867 0.2696324288845062 -0.0130046233534813
vn 5.0014692894872752 -3.7881443663981091 -0.1749444048236950
v -0.6395862698554993 0.3082948327064514 -0.0191303510218859
vn 4.3794342662697359 -4.4207144964463536 -0.6606503728630356
v -0.6215103864669800 0.3299859464168549 -0.0179253276437521
vn 0.3304000949148998 5.6883298776139855 -1.9935250664506663
v -0.5725045204162598 0.4662582874298096 -0.0275658015161753
vn 3.1931920594156851 -5.2730722594758328 -1.0667765541169263
v -0.5815424919128418 0.3617192208766937 -0.0179253276437521
vn -5.3632626720220840 -2.8936196685253330 1.3439640108277444
v -0.5072304010391235 0.1973287761211395 -0.0223438423126936
vn -5.0430182398382817 -3.6280210642939039 0.7437389909659867
v -0.4933721721172333 0.1761397719383240 -0.0132054993882775
vn -4.1875879179032323 -4.6382926598211442 0.5203530068364064
v -0.4773046970367432 0.1584655344486237 -0.0132054993882775
vn 0.4719244310686233 6.2034897996337390 -0.5594861794965373
v -0.4321148991584778 0.4572203159332275 -0.0132054993882775
vn -2.6941918140682466 -5.6368780206466651 -0.4486465593534047
v -0.3184374570846558 0.0739104077219963 -0.0132054993882775
vn -2.5252118384429951 -5.6120835284873634 -1.1290088697102454
v -0.1610765308141708 -0.0042177331633866 -0.0136071937158704
vn -2.0001182560795505 -5.7956061032331831 -1.3187970719901263
v -0.1171922162175179 -0.0192809998989105 -0.0203354321420193
vn -2.0889990192880785 -5.8542154457617572 -0.9130800524068691
v -0.0931914150714874 -0.0291223321110010 -0.0132054993882775
vn -1.7991282796152959 -5.9505727192041000 -0.8148932172569382
v -0.0744125396013260 -0.0357501693069935 -0.0133058782666922
vn -1.5223598571769095 -6.0529165262783415 -0.6179204535553068
v -0.0555332452058792 -0.0407712608575821 -0.0132054993882775
vn -1.0370171623929572 -6.1167969532936217 -0.3075064893105274
v -0.0084354337304831 -0.0526210293173790 -0.0132054993882775
vn 1.1185660436474045 6.1526888614859709 -0.5744398534331372
v 0.0281180925667286 0.3951596617698669 -0.0237497407943010
vn -0.3735863252663950 6.2350603501412420 -0.6201984237639334
v 0.1434022933244705 0.3910423517227173 -0.0214400757104158
vn -0.5494104536492387 6.2369101886405023 -0.4561425387643661
v 0.1656959205865860 0.3926491141319275 -0.0203354321420193
vn -1.1049536883418034 -6.1716924699663060 -0.3730181038408604
v 0.1516368687152863 -0.0704961046576500 -0.0132054993882775
vn -0.2902305655838879 6.2667353329526101 -0.1858037425699764
v 0.2110865712165833 0.3964651525020599 -0.0191303510218859
vn 0.0430058222470360 6.2811097431139551 0.0912312994183999
v 0.2740510106086731 0.3962642848491669 -0.0203354321420193
vn -1.4234518585713449 6.0941606215646056 -0.3852937796507160
v 0.3481622636318207 0.4022896289825439 -0.0146113988012075
vn 0.9062189625539334 -6.1372551248208724 -0.5655839431430161
v 0.3676441013813019 -0.0907813012599945 -0.0256577711552382
vn -2.3908376895156112 5.7019169373122569 -1.0314539694750429
v 0.3777866959571838 0.4121309220790863 -0.0139084495604038
vn 1.8638863496908160 -5.9717994329956055 -0.3853353636091508
v 0.4419562220573425 -0.0718015879392624 -0.0200341772288084
vn 2.3773801427146850 -5.7973109709429194 -0.1723569196461950
v 0.4691705107688904 -0.0622615218162537 -0.0132054993882775
vn -1.8238066763409746 5.9223286163617859 -0.7637747466889276
v 0.4916650056838989 0.4505924880504608 -0.0214400757104158
vn 2.5105150775256537 -5.6871115974085722 -0.6728215890770811
v 0.4901586771011353 -0.0527214482426643 -0.0260594654828310
vn 4.6304257130831701 -4.2090047797256345 -0.4015049744661879
v 0.6137778759002686 0.0247037373483181 -0.0225447174161673
vn -2.3057290664778662 5.6334018525068235 -1.2250745882794414
v 0.6251255273818970 0.5081341266632080 -0.0215405132621527
vn 4.9150147918007860 -3.8174051978491432 -0.7967356473047046
v 0.6460132598876953 0.0631652697920799 -0.0132054993882775
vn 4.6979044199308611 -4.0142200399342514 -1.0944363696884916
v 0.6583651900291443 0.0790319219231606 -0.0159168597310781
vn 4.9748989294636639 -2.1665532961893672 -1.6213024176071733
v 0.7449287176132202 0.1558545678853989 -0.0138080110773444
vn 4.5691762036908266 -2.5896671085058558 -2.1716830691851241
v 0.7469371557235718 0.2130949944257736 -0.0138080110773444
vn 1.4579748244084629 -1.3981794583313221 0.6134495306099099
v 0.7860012054443359 0.2921269237995148 -0.0170215014368296
vn 4.1417966598569960 4.5630531229790519 -0.6107106577475820
v 0.8196425437927246 0.4864430427551270 -0.0214400757104158
vn -2.9869815253265681 -4.6397754202728079 -2.5101906088626444
v 0.8164290785789490 0.2055633515119553 -0.0233480464667082
vn 4.0103561616285441 4.5350391708014266 -0.3531965417008416
v 0.8301867842674255 0.2520586550235748 -0.0137075725942850
vn 3.8140613649894211 3.1906594644563588 -2.6808127885286814
v 0.8447479605674744 0.2329784929752350 -0.0273649245500565
vn -2.1223222285398893 -4.4613535510489433 -2.8025772346313929
v 0.8534846901893616 0.1795541197061539 -0.0218417681753635
vn -3.1621868846700032 -5.3778745949686853 0.2111399717725386
v 0.8572002053260803 0.2578831017017365 -0.0155151644721627
vn -2.7038973319842574 -5.5419178799017876 0.9677371462711533
v 0.8823056817054749 0.2439244687557220 -0.0262602828443050
vn 3.9300570573368550 4.2388834957385715 -1.2978141133873251
v 0.9244828224182129 0.3366137742996216 -0.0118999797850847
vn 0.1193068193334951 -5.7483758642709795 -0.6291214003171597
v 0.9460735321044922 0.2222333699464798 -0.0179253276437521
vn -1.8653797312053462 -4.8036467029124399 -2.5521096282391733
v -0.9707772731781006 0.1167905032634735 -0.0224442798644304
vn -4.6143611832670803 2.9237361645746542 -2.7604168596491503
v -0.9693713784217834 0.1917051523923874 -0.0276662409305573
vn -0.8965220493740091 -5.4790598858546167 -2.2548803862798006
v -0.9500904083251953 0.1130748987197876 -0.0229464117437601
vn -4.2975878259517053 3.5971970647349560 -2.6708953294450515
v -0.9459731578826904 0.2225346267223358 -0.0275658015161753
vn -0.7887272644357586 -5.5560575371466578 -2.2119793667610370
v -0.9311107397079468 0.1111668869853020 -0.0248543825000525
vn -4.5694478222748547 3.4345885024607239 -2.3663823232981760
v -0.9026913642883301 0.2796746194362640 -0.0275658015161753
vn 1.6502516262681082 -5.3709440160414221 -2.0061835507094146
v -0.8747740983963013 0.1192006319761276 -0.0354991219937801
vn 2.3114561621083616 -5.7200516329601401 -0.8778255873421397
v -0.8550914525985718 0.1252259314060211 -0.0226450972259045
vn -3.9663105768410833 4.6398433751730916 -1.3076112866092773
v -0.8254669904708862 0.3535850644111633 -0.0203354321420193
vn -3.5882121268460603 4.9491869574039296 -1.3002406488864122
v -0.7739505767822266 0.3936533331871033 -0.0259590260684490
vn -3.1707830716138465 4.9864347057576524 -1.9009294313405583
v -0.7445270419120789 0.4118296802043915 -0.0338923446834087
vn 3.6775364053795774 -4.6570878021711160 -1.6322210104148396
v -0.7538662552833557 0.1811608672142029 -0.0245531275868416
vn 3.4822671828239575 -4.5306214841698988 -2.1434660150440665
v -0.7400081157684326 0.1955211758613586 -0.0343944802880287
vn 4.0201662900617245 -4.5664296406276996 -0.7628820785247242
v -0.7141996622085571 0.2133962512016296 -0.0236493609845638
vn -1.6846205739061229 5.5826674813743731 -2.0166558889214294
v -0.6572605371475220 0.4535047113895416 -0.0308797322213650
vn 5.1768688703560777 -3.5161331892382668 -0.0079643693255874
v -0.6517373323440552 0.2898172140121460 -0.0250552594661713
vn 3.9257340618004610 -4.7584481621402528 -1.1228996097098261
v -0.6034344434738159 0.3455512821674347 -0.0229464117437601
vn -5.1943881073137277 -2.4201379806024281 -0.3218649016159709
v -0.5263105034828186 0.3628238737583160 -0.0320847555994987
vn 0.6960661790094929 5.7601886046244148 -1.9551474507827873
v -0.5206869244575500 0.4631451964378357 -0.0250552594661713
vn -6.2186017075908131 0.5496763541002651 0.6507458790897002
v -0.5252059102058411 0.3173328042030334 -0.0226450972259045
vn -6.2248068010259345 0.3611946128547142 0.7363405518744055
v -0.5271139144897461 0.2961437702178955 -0.0226450972259045
vn -6.1366023664099414 -0.5841471544230546 1.1410333422025531
v -0.5275155901908875 0.2607953250408173 -0.0226450972259045
vn -5.8187360277439950 -1.7643326870783211 1.4806450575646122
v -0.5212894678115845 0.2270536124706268 -0.0232476685196161
vn 0.6816178124976732 5.6899922217461043 -2.2831774944867620
v -0.4980919957160950 0.4572203159332275 -0.0298754666000605
vn 0.3393206994007925 5.7516912206034885 -2.1125817226284260
v -0.4727856814861298 0.4560152590274811 -0.0296746511012316
vn 0.1117736474466321 5.9663351386658876 -1.7070442213675254
v -0.4509941935539246 0.4564169645309448 -0.0247540045529604
vn -3.6612835021802139 -5.0468017515576671 0.6815340656590269
v -0.4611368179321289 0.1450090259313583 -0.0226450972259045
vn -0.0274144107264760 6.2008094536660243 -0.9110411216733794
v -0.3662382364273071 0.4552118778228760 -0.0247540045529604
vn 0.0563987545285501 6.1958929081779006 -0.9245354901681921
v -0.3428399264812469 0.4553123116493225 -0.0249548219144344
vn -2.5586157960707316 -5.6210375309729486 -1.0188247823132519
v -0.3447479605674744 0.0881702974438667 -0.0262602828443050
vn 0.2079734296147131 6.2195494218355059 -0.8026755399189646
v -0.3184374570846558 0.4544085264205933 -0.0255573336035013
vn 0.3490041212341582 6.2292863806360916 -0.7023536713988181
v -0.2915244102478027 0.4534042775630951 -0.0228459741920233
vn -2.6713945834802608 -5.5933964913067120 -0.8399621636820130
v -0.2989556491374969 0.0652741342782974 -0.0205362495034933
vn 0.6738893442535054 6.1905271851455099 -0.6835866735575434
v -0.2720426023006439 0.4521992206573486 -0.0226450972259045
vn 0.9941687014814209 6.1592804156958527 -0.6171996224994870
v -0.2532637119293213 0.4494878351688385 -0.0226450972259045
vn -2.6677004203531762 -5.4774399230544093 -1.4031293450653721
v -0.2630046308040619 0.0489053875207901 -0.0259590260684490
vn -2.6304292994055904 -5.3910495831289085 -1.6854988095934555
v -0.2416148036718369 0.0392648950219154 -0.0285700075328350
vn -2.8429023928744730 -5.3155597090824189 -1.7063450494101786
v -0.2153042703866959 0.0256075337529182 -0.0272645466029644
vn -2.5911856704575515 -5.4871646856620444 -1.5870387079303816
v -0.1885920912027359 0.0106446901336312 -0.0220425855368376
vn 1.1584565193259109 6.1123004459946122 -0.7317802931169941
v -0.1704157590866089 0.4343241453170776 -0.0268628522753716
vn 1.0936468763563709 6.1517593616851158 -0.6339911300933462
v -0.1402892321348190 0.4288009703159332 -0.0226450972259045
vn -2.2228492644198838 -5.6388193888182609 -1.6272208803054973
v -0.1402892321348190 -0.0107451491057873 -0.0226450972259045
vn 1.0832983557861535 6.0977252613827808 -0.9378209760504597
v -0.0991162955760956 0.4202651083469391 -0.0343944802880287
vn 1.2323072478591104 6.0982530764298133 -0.7473901975387680
v -0.0676842853426933 0.4148423373699188 -0.0310805495828390
vn -1.5712649473564475 -5.9920530423511025 -1.0184872314869811
v -0.0357501581311226 -0.0430809594690800 -0.0330889597535133
vn 1.3311974605512882 6.1066698735460418 -0.5901555668893789
v 0.0079333158209920 0.3990761339664459 -0.0287708248943090
vn 0.7643501626658986 6.2096092530309042 -0.5522449673786306
v 0.0481020249426365 0.3921470046043396 -0.0226450972259045
vn -0.6339529792101456 -6.2163231186832126 -0.6154717616138307
v 0.0302269496023655 -0.0558345243334770 -0.0227455347776413
vn -0.3963745925371749 -6.2324766410431192 -0.6849994988645174
v 0.0574412494897842 -0.0578429587185383 -0.0226450972259045
vn 0.4292175559612513 6.2274605056132870 -0.6528020623458998
v 0.0691905990242958 0.3905402719974518 -0.0226450972259045
vn -0.0497533233990432 6.2280489698489969 -0.8072671845355442
v 0.1032335832715034 0.3886322677135468 -0.0247540045529604
vn -0.7667547829638383 -6.1906569245116163 -0.7382502960219940
v 0.0950994119048119 -0.0598513968288898 -0.0320847555994987
vn -0.9434397363587645 -6.1842058587910422 -0.5748755425518224
v 0.1173930540680885 -0.0637678429484367 -0.0247540045529604
vn -0.5330565323295177 6.2463830337351354 -0.3225905672107224
v 0.1892950534820557 0.3948583900928497 -0.0226450972259045
vn -0.9110283631098282 -6.0272067373463152 -1.3698648352837388
v 0.1928098052740097 -0.0755171924829483 -0.0296746511012316
vn -0.0559528239435039 6.2777421055957943 -0.2068132607796354
v 0.2316730320453644 0.3967663943767548 -0.0226450972259045
vn -1.1950348461835729 -6.0541384645552370 -1.1301664304300623
v 0.2435227930545807 -0.0847560018301010 -0.0260594654828310
vn -0.1159687164062819 6.2789991057855472 -0.0667671015675444
v 0.2934324145317078 0.3967663943767548 -0.0320847555994987
vn -0.7428792884884299 -6.1080523139708855 -1.0864737990120272
v 0.2860012054443359 -0.0931914299726486 -0.0238501783460379
vn 0.0637608187042763 -6.2212674297948887 -0.8156089276028580
v 0.3117091953754425 -0.0941956415772438 -0.0226450972259045
vn 0.3135716644699269 -6.1849297016377545 -0.8974705563253039
v 0.3376179933547974 -0.0926893204450607 -0.0288712624460459
vn 1.5607676520377831 -6.0470130874430454 -0.6466456598274075
v 0.3962643146514893 -0.0840530395507812 -0.0232476685196161
vn 1.6944941151772888 -6.0229149039281173 -0.5222159579058800
v 0.4152440130710602 -0.0789315328001976 -0.0226450972259045
vn -1.7208356707734027 5.9386201623221950 -0.9742165183996281
v 0.4717814922332764 0.4444667696952820 -0.0226450972259045
vn 2.6445093418575745 -5.6282582198726772 -0.7414297167802799
v 0.5099417567253113 -0.0436834879219532 -0.0249548219144344
vn -1.7416284986083026 5.7926766937760270 -1.6020369937144656
v 0.5092387795448303 0.4534042775630951 -0.0332898348569870
vn -2.2969262920158902 5.7134607723313815 -1.2001792759314387
v 0.5280176997184753 0.4616388976573944 -0.0222434625029564
vn 2.4962344372206147 -5.6659817025664774 -0.9710709542311419
v 0.5281181335449219 -0.0343442671000957 -0.0308797322213650
vn -2.5767151981136305 5.4628941180114152 -1.6139772835832769
v 0.5518176555633545 0.4709781110286713 -0.0306788552552462
vn 2.7715025578806101 -5.5989188142522668 -0.4147278885791424
v 0.5461940169334412 -0.0273147411644459 -0.0226450972259045
vn 3.2849201929886194 -5.3211069246622431 -0.3572872936244835
v 0.5668808817863464 -0.0158666577190161 -0.0226450972259045
vn -2.7265505761702600 5.4881515271762060 -1.3253260011758712
v 0.5756176114082336 0.4841333627700806 -0.0230467915534973
vn 3.9516150007334421 -4.8483622090285436 -0.3625544253068168
v 0.5848564505577087 -0.0029122503474355 -0.0238501783460379
vn -2.5429723544124130 5.4780502146110379 -1.4896270089202659
v 0.5975095033645630 0.4947780668735504 -0.0264611598104239
vn 4.3462680161458334 -4.5208295028747614 -0.3246297849064939
v 0.5996184349060059 0.0105442674830556 -0.0226450972259045
vn -1.9670942282139947 5.6278095805913138 -1.7031401982009997
v 0.6497288942337036 0.5151637196540833 -0.0307792928069830
vn 4.9874523421435217 -3.6739482978256239 -0.9055104377373525
v 0.6309500336647034 0.0467965267598629 -0.0313818044960499
vn 4.0170628807769244 -3.9776614551661194 -2.6135563854895372
v 0.6784495115280151 0.1062462180852890 -0.0300763435661793
vn -0.0893004374067935 5.9896122426534930 -1.3466907096226599
v 0.7224342226982117 0.5292227268218994 -0.0288712624460459
vn 3.6222286556805900 -3.9003295625869119 -3.1673631245033498
v 0.7211287617683411 0.1424984931945801 -0.0304780378937721
vn 1.8650999408785789 -4.5108537704441378 -2.4032695397086785
v 0.7552721500396729 0.2293633073568344 -0.0245531275868416
vn 1.8146227007155464 5.9080424254698700 -0.1474153429315599
v 0.7588873505592346 0.5250049829483032 -0.0226450972259045
vn -2.1185505833643621 -5.5288317964593192 -1.9623510892914957
v 0.7884113192558289 0.2235388457775116 -0.0259590260684490
vn 4.4901199425119955 3.9141045275918742 -1.3076637213233040
v 0.8370154500007629 0.4671620726585388 -0.0309801101684570
vn -2.8379634216918053 -4.5516651066625720 -2.4928211603686905
v 0.8359108567237854 0.1909017711877823 -0.0234484840184450
vn 4.9308397898217429 3.6213609611131714 -0.3269213155357128
v 0.8529825210571289 0.4490861594676971 -0.0226450972259045
vn 5.4750083208990770 2.9889348675551366 -0.2515413493013872
v 0.8642297983169556 0.4298051595687866 -0.0226450972259045
vn 5.5588129149622105 2.5496870141977768 -0.6822120839680668
v 0.8743723630905151 0.4115284383296967 -0.0230467915534973
vn 5.8490965728956716 1.7063455160226304 -0.7733268642118196
v 0.8840128779411316 0.3855191767215729 -0.0225447174161673
vn 4.6353131486032764 3.1436553264776732 -2.4427470349395568
v 0.8940550088882446 0.3610162734985352 -0.0216408912092447
vn 2.8086887146277482 -1.0869344020104075 -3.2191748977910004
v 0.8862221240997314 0.1807591766119003 -0.0241514332592487
vn 3.5981442949138116 3.4023248022102468 -3.4856398848097139
v 0.9064069390296936 0.3448483347892761 -0.0235489234328270
vn -1.6323183283758913 -5.9245252000026998 0.7406817261317007
v 0.9043985009193420 0.2318738549947739 -0.0298754666000605
vn 3.1611091697901719 3.3165284907759336 -4.0639790153116415
v 0.9278971552848816 0.3214500844478607 -0.0256577711552382
vn 3.8341135666581003 3.5980864340872616 -2.5000409531590289
v 0.9520987868309021 0.3078931272029877 -0.0180257074534893
vn 3.4993641138351221 3.5544712435000720 -3.3578165152576438
v 0.9645511507987976 0.2887125909328461 -0.0228459741920233
vn 2.9545693627111569 -4.4541888976809823 -2.5855880982895343
v 0.9694718122482300 0.2328780740499496 -0.0227455347776413
vn -3.6284595322768247 -1.2502806903225516 -4.2974545212101001
v -0.9830287098884583 0.1384816020727158 -0.0321851931512356
vn -4.0527643540723188 2.8835477426454319 -3.7139821729335418
v -0.9493874311447144 0.2053624987602234 -0.0405202060937881
vn -4.5704941543643391 3.2420658403804223 -2.6698427949021841
v -0.9118297100067139 0.2635067105293274 -0.0319843739271164
vn -4.2170949390137418 2.9462475394285752 -3.5418330722830706
v -0.9163486957550049 0.2455312162637711 -0.0421269200742245
vn -0.0818246224666511 -5.2553913152083469 -2.9802282685452877
v -0.9085157513618469 0.1132757440209389 -0.0344949178397655
vn -3.9116640989364715 3.8764404464264146 -2.8316790806476946
v -0.8835107684135437 0.2979513704776764 -0.0331893973052502
vn -3.6206365040536492 3.9878869960078731 -3.0806041655201799
v -0.8620204925537109 0.3128138184547424 -0.0394155643880367
vn -3.6920000269850957 4.3056229199563560 -2.3709012458028509
v -0.8375176191329956 0.3387226164340973 -0.0355995595455170
vn -3.9475722943588885 4.3949290474260891 -1.9491878709172339
v -0.8087970018386841 0.3644306063652039 -0.0320847555994987
vn -2.6888704862307269 5.0230621357090266 -2.4476339484927001
v -0.7238401174545288 0.4217714369297028 -0.0392147451639175
vn 4.8215255715045258 -3.9136231482370065 -0.3993885956455516
v -0.6772444844245911 0.2541674971580505 -0.0320847555994987
vn 5.1180737251240132 -3.5649426986142547 -0.3302723258754524
v -0.6623820662498474 0.2743522524833679 -0.0341936014592648
vn -1.0949446952895467 5.5345370311104309 -2.1944866826354739
v -0.6276360750198364 0.4608354866504669 -0.0331893973052502
vn 5.1184313995423567 -3.5142655317996963 -0.8785801849481819
v -0.6373770236968994 0.3129142224788666 -0.0377084091305733
vn -0.3184827092459937 5.6031969977461955 -2.3785759554372499
v -0.6016268730163574 0.4645511209964752 -0.0316830612719059
vn 2.9800510747406586 -4.9606489729315602 -2.3385674286099563
v -0.5855593681335449 0.3652339577674866 -0.0385117381811142
vn 1.9987189766153735 -5.5544685963466538 -2.0451786493804525
v -0.5640690922737122 0.3746736347675323 -0.0392147451639175
vn 0.3586257476884223 5.0525070508883001 -3.4311403040237907
v -0.5465957522392273 0.4566178023815155 -0.0413235947489738
vn -4.7465684820427612 -3.5543741463992959 1.9862842675153320
v -0.4975899159908295 0.1753363907337189 -0.0320847555994987
vn -3.8205276212728991 -4.6290292142469145 1.6818007880823529
v -0.4793131053447723 0.1571600586175919 -0.0324864462018013
vn -2.9523324007216285 -5.3816628804371129 1.0378413414279835
v -0.4415545463562012 0.1315525025129318 -0.0316830612719059
vn 0.2378901649419894 5.9367067304292780 -1.8677690242766449
v -0.4321148991584778 0.4536051154136658 -0.0319843739271164
vn -2.0876599267454723 -5.3715898166594958 1.6903278576178145
v -0.4097208380699158 0.1169913485646248 -0.0363025106489658
vn -0.2250392182622228 5.9133714262336472 -2.0406216327870279
v -0.4116288721561432 0.4498895406723022 -0.0406206436455250
vn -0.2095058284616644 6.1171714661078527 -1.3056739846921170
v -0.3874272108078003 0.4537055790424347 -0.0320847555994987
vn -1.6155242900735076 -5.6439545644208238 1.1521115631216763
v -0.3844145536422729 0.1076521202921867 -0.0405202060937881
vn -1.8821371487033689 -5.8579495639203021 -0.8995212831982722
v -0.3555935323238373 0.0963044688105583 -0.0415244102478027
vn -2.5531484015172214 -5.3765699678125163 -1.8470665501638335
v -0.3146214187145233 0.0763205289840698 -0.0365033261477947
vn -2.4623752577516553 -5.2188429488279571 -2.2960924926143771
v -0.2805784344673157 0.0623619034886360 -0.0423277989029884
vn 1.0567741169315026 6.0956832872036593 -1.0357324116048039
v -0.2230367809534073 0.4419562220573425 -0.0408214628696442
vn -2.3358916793854081 -5.2790097374207345 -2.3582639436014774
v -0.1527415364980698 -0.0012050798395649 -0.0359008163213730
vn 1.0932191226124208 6.1067915405259035 -0.8735641649780006
v -0.1213095039129257 0.4247840940952301 -0.0315826795995235
vn -2.0702875467821453 -5.5753434705596510 -1.8071553606626782
v -0.0849568247795105 -0.0284193791449070 -0.0345952957868576
vn -1.8433163411905920 -5.7716097273101541 -1.5371780281628427
v -0.0657762661576271 -0.0341434255242348 -0.0366037636995316
vn 1.2179989397037623 6.0743214789216466 -0.9503750239455583
v -0.0485037229955196 0.4098212420940399 -0.0391143076121807
vn -1.0184964740514351 -6.0863436300514913 -1.0611273295977519
v -0.0061257346533239 -0.0499096401035786 -0.0343944802880287
vn 1.2322822588677727 6.0960858133671358 -0.8327797461183317
v -0.0084354337304831 0.4012853801250458 -0.0403193272650242
vn -0.4783015865863862 -6.2138735428875824 -0.7899167856366969
v 0.0763205364346504 -0.0576421171426773 -0.0343944802880287
vn 0.2036627122726886 6.1233490177756913 -1.3660304248624622
v 0.0893753767013550 0.3851174712181091 -0.0458425469696522
vn -0.9875039161885790 -6.1308897362072852 -0.8647374954791219
v 0.1421972364187241 -0.0672826021909714 -0.0320847555994987
vn -0.8698762842467110 -6.0705218021004574 -1.1834645580554635
v 0.1610765308141708 -0.0704961046576500 -0.0320847555994987
vn -1.0920855240152478 -5.9751825217793026 -1.4887105777025886
v 0.2200241088867188 -0.0791323706507683 -0.0329885818064213
vn -1.1138793972296057 -5.9728228890666539 -1.4323180108495963
v 0.2646113634109497 -0.0880699157714844 -0.0320847555994987
vn -0.3732921211098855 6.2614705073767452 -0.2690158995423436
v 0.3161277472972870 0.3972685337066650 -0.0389134287834167
vn -1.5211521207770584 5.9752535822691346 -1.1420694272016314
v 0.3667403161525726 0.4045993089675903 -0.0356999374926090
vn -2.3471940896006918 5.6016546127423350 -1.5876573005074091
v 0.3969672620296478 0.4156457185745239 -0.0321851931512356
vn -2.0403986730432457 5.5780168755267798 -1.9595391430309375
v 0.4193613231182098 0.4238802790641785 -0.0379092246294022
vn -1.7835135067120798 5.6963963802274602 -1.8533833271807092
v 0.4617393314838409 0.4375376403331757 -0.0393151231110096
vn -1.8652183003401701 5.5783921432922048 -2.0820882629367774
v 0.4402490556240082 0.4291022121906281 -0.0440349541604519
vn 2.2902975181052811 -5.7559838075019467 -0.9227638322515259
v 0.4629443883895874 -0.0628640502691269 -0.0341936014592648
vn 4.7852777994177664 -3.3690532941311204 -2.1640218036820373
v 0.6508335471153259 0.0793331861495972 -0.0405202060937881
vn -1.4027221544146404 5.7688227760014898 -1.6921479619352584
v 0.6736292243003845 0.5223940610885620 -0.0318839363753796
vn -0.6982371659838646 5.6917735539057448 -2.2260411453942859
v 0.6919060349464417 0.5240007638931274 -0.0371058359742165
vn 3.3875765066670747 -3.9221992945096664 -3.5162729651670692
v 0.6939144730567932 0.1292428076267242 -0.0401185117661953
vn 0.2427007411664723 6.1883805650240244 -0.6240238298249450
v 0.7464350461959839 0.5257079601287842 -0.0425286144018173
vn 4.7192601943483368 -2.0335511239907835 -3.1732267680648576
v 0.7361920475959778 0.1635870635509491 -0.0334906540811062
vn 5.5046160987117618 -1.1862479498886136 -2.1855834050572280
v 0.7386021018028259 0.2084755897521973 -0.0322856307029724
vn 5.5555886411036273 -0.3486327746804478 -2.6414251195511027
v 0.7412130832672119 0.1854790002107620 -0.0313818044960499
vn 3.2332220205300173 5.2303957757271622 0.7571814843909555
v 0.7824864983558655 0.5112472176551819 -0.0391143076121807
vn 1.4971949309821921 -0.6921067246882885 0.3607463059287971
v 0.7796746492385864 0.2851978242397308 -0.0349969901144505
vn 3.7938825686482542 4.1423949721805418 -2.6475573779723907
v 0.7981522679328918 0.2674231827259064 -0.0318839363753796
vn -0.9395493032282255 -4.8159411877541487 3.2455605184197815
v 0.8010644912719727 0.2794737815856934 -0.0407210215926170
vn -2.2972150798420143 -5.3552947013431753 1.7766238774394210
v 0.8193412423133850 0.2774653434753418 -0.0301767829805613
vn 3.0851043179301456 3.8099828696157330 -2.8835199053888108
v 0.8229563832283020 0.2530628442764282 -0.0318839363753796
vn -2.7857730780389849 -5.3511310648836208 1.4059155208659124
v 0.8369150757789612 0.2680256962776184 -0.0311809871345758
vn 2.5276834110554347 3.0048937091121419 -3.8177738110076769
v 0.8580036163330078 0.2139987945556641 -0.0327877029776573
vn 3.2267816594670116 2.4270715585553391 -2.5108230649128922
v 0.8776863217353821 0.2031532377004623 -0.0285700075328350
vn 0.0383252274497396 -4.2351265835287606 -2.8783697249132687
v 0.9259892106056213 0.2286603599786758 -0.0418256670236588
vn 2.5688403102755752 2.5487246375526138 -5.0754120343562876
v 0.9410524368286133 0.2936332523822784 -0.0345952957868576
vn 3.0690394010069166 2.1577355908834410 -4.6603257297520155
v 0.9718819260597229 0.2702349722385406 -0.0314822420477867
vn -4.0826337519924358 1.0904283925150307 -4.2780791598372634
v -0.9750953912734985 0.1643904298543930 -0.0375075303018093
vn -1.9836880254764542 -3.3178819756772104 -4.5893734941495214
v -0.9637477397918701 0.1289415359497070 -0.0381101034581661
vn -1.4155964786248578 -3.6263794426643199 -4.7008851718159050
v -0.9417554140090942 0.1302470117807388 -0.0459429845213890
vn -3.8075935671779071 2.9621300977003515 -3.8935657923690736
v -0.9315124154090881 0.2218316793441772 -0.0461438000202179
vn 2.3774910592351857 -4.9719701969752652 -2.7302607204092784
v -0.8516770601272583 0.1324563026428223 -0.0418256670236588
vn 2.7971201575697409 -4.9207056841576211 -2.5979367355890517
v -0.8319944143295288 0.1435026973485947 -0.0422273613512516
vn -3.5596971418690311 3.9327572130679727 -3.2807840450433225
v -0.8182366490364075 0.3438441455364227 -0.0504619367420673
vn 2.6827513226489699 -4.6356925517609842 -3.1796737685008920
v -0.8108053803443909 0.1578630059957504 -0.0459429845213890
vn -3.6097040506734759 4.2977728067765737 -2.5378424316185839
v -0.7919261455535889 0.3737698197364807 -0.0440349541604519
vn -3.2464501500274681 4.5858747789708314 -2.6846563381964037
v -0.7680257558822632 0.3900381624698639 -0.0458425469696522
vn 2.9135911028009840 -4.2037291288363940 -3.4497301721372433
v -0.7301667332649231 0.2141996175050735 -0.0505623742938042
vn -2.3178867106605279 5.2097750571962234 -2.4555477906679202
v -0.7014460563659668 0.4328178465366364 -0.0390138700604439
vn 3.9031054546027875 -4.2423474746782572 -1.9716127934442178
v -0.6980317831039429 0.2330789119005203 -0.0428298711776733
vn -1.7140421371863184 4.8629452615071260 -3.2924479017035342
v -0.6776461005210876 0.4386422932147980 -0.0465454943478107
vn 4.4260025337905677 -3.4882463334052862 -2.5379151934923541
v -0.6279373168945312 0.3323960304260254 -0.0524704046547413
vn 3.9722945345623057 -4.3223490835661904 -2.1900566419669452
v -0.6014260053634644 0.3537859022617340 -0.0407210215926170
vn 0.0646543939661901 -4.7831196103838218 -3.6743891992163085
v -0.5485036969184875 0.3830086290836334 -0.0492569133639336
vn 0.6775683167462266 4.9099299697293137 -3.7592442156030934
v -0.5168708562850952 0.4525004923343658 -0.0424282364547253
vn -6.1882097128355360 0.4321357120672606 0.8695832017320932
v -0.5267122387886047 0.3350070118904114 -0.0438341349363327
vn -6.0715756769706175 0.6165471671346604 1.4053475404873630
v -0.5299257040023804 0.2996585667133331 -0.0436332598328590
vn -5.9693595817312222 -0.0113488098712980 1.8924910831173376
v -0.5327374935150146 0.2687286436557770 -0.0447379015386105
vn -5.8972915516070037 -0.9928640548721516 1.9011072578892165
v -0.5279173254966736 0.2387025505304337 -0.0390138700604439
vn -5.4253329336772893 -1.6545682543000444 2.6448344545607974
v -0.5258083939552307 0.2162080556154251 -0.0464450567960739
vn -4.9310090396108679 -2.7779335111216241 2.6902308723438981
v -0.5112472772598267 0.1905000805854797 -0.0409219004213810
vn -3.0355755796814234 -4.5150591841102443 2.7930506299072420
v -0.4607351124286652 0.1398875266313553 -0.0421269200742245
vn -2.0299532410199914 -4.0468630633382370 3.9389307444607549
v -0.4368347227573395 0.1214099079370499 -0.0499598644673824
vn 0.1356127747931163 6.1518276875776365 -1.1924899060683085
v -0.3085961043834686 0.4505924880504608 -0.0485539659857750
vn 0.5717557184463279 6.1077746808810707 -1.2798915274996483
v -0.2825868725776672 0.4486844837665558 -0.0505623742938042
vn 0.9099671193217358 6.1052987270991173 -1.1323733294299760
v -0.2542679309844971 0.4467764496803284 -0.0416248477995396
vn 1.2141019842724505 5.9753532713335407 -1.4317994771236575
v -0.1949186772108078 0.4349266886711121 -0.0497589856386185
vn -2.4939437112462408 -5.0750874114648905 -2.5556428109780986
v -0.1967262625694275 0.0208877101540565 -0.0413235947489738
vn -2.1826010688052522 -4.9497264456709988 -2.9935220773535565
v -0.1745330542325974 0.0134564982727170 -0.0472484454512596
vn 1.0817936208062175 6.0396617570286919 -1.3175098628729109
v -0.1461136788129807 0.4265916645526886 -0.0441353917121887
vn -2.0660353688825150 -5.3317497758761077 -2.3871719028384089
v -0.1283390372991562 -0.0098413527011871 -0.0409219004213810
vn 1.2051285669854257 6.0550359862547243 -1.1156750039614862
v -0.0282185245305300 0.4034946560859680 -0.0516670159995556
vn -0.7593544650649180 -6.0593834933370978 -1.2707587488360796
v 0.0220927838236094 -0.0529222972691059 -0.0415244102478027
vn 0.6991407136140139 6.1441500304562107 -1.0918497222199792
v 0.0586463101208210 0.3886322677135468 -0.0415244102478027
vn -0.4856371675829574 -6.1346696052708429 -1.1769677414523774
v 0.0505121462047100 -0.0550311505794525 -0.0422273613512516
vn -0.6746441611738777 -5.9899572148423044 -1.5662082156344732
v 0.1184976845979691 -0.0610564537346363 -0.0485539659857750
vn -0.3312071745218067 6.1247455041945225 -1.3050760961061503
v 0.1244225725531578 0.3864229619503021 -0.0451395958662033
vn -0.7303969741614844 6.1595516495831015 -0.9067435734205238
v 0.1798553913831711 0.3922474384307861 -0.0415244102478027
vn -0.5079013870858260 6.1940725265035299 -0.8071943005772563
v 0.2010443806648254 0.3943562805652618 -0.0415244102478027
vn -0.2339767518758212 6.2439707143451404 -0.5748316699088434
v 0.2269532084465027 0.3957622051239014 -0.0415244102478027
vn -0.1894402184680148 6.2554269048331168 -0.4921082881506212
v 0.2457320839166641 0.3956617712974548 -0.0485539659857750
vn -0.0161435778805287 6.2739484341451988 -0.2380649707499444
v 0.2716408967971802 0.3964651525020599 -0.0415244102478027
vn -0.9931934812969562 -5.3564655874978300 -2.8339975120752730
v 0.2415143549442291 -0.0780277401208878 -0.0498594231903553
vn -0.9035836600439441 -5.5698423691089101 -2.5613656972060856
v 0.2827877104282379 -0.0859610587358475 -0.0486543439328671
vn -0.2770038745521662 -5.9233984226986758 -1.7887912701454218
v 0.3043783903121948 -0.0910825654864311 -0.0418256670236588
vn -0.6156984899149731 6.2069004531131240 -0.7228506980204762
v 0.3376179933547974 0.3983731865882874 -0.0452400334179401
vn 1.5897270894604298 -5.9150269680829757 -1.2816413850813870
v 0.4122313857078552 -0.0769230946898460 -0.0455412901937962
vn 1.9238850653436570 -5.8252050618201947 -1.1187424926311023
v 0.4434625506401062 -0.0691906213760376 -0.0415244102478027
vn -1.6590467705572576 5.6495748515599029 -2.1179150295586524
v 0.4837316870689392 0.4418557882308960 -0.0456417277455330
vn -2.0627132685927339 5.4987329612626272 -2.2173516169750243
v 0.5317332744598389 0.4540068209171295 -0.0518678352236748
vn 2.7654859134448975 -5.4786327897992262 -1.1271494767539112
v 0.5550311207771301 -0.0203856397420168 -0.0424282364547253
vn -2.4143793533265492 5.1643774572841785 -2.5530975537143741
v 0.5825467109680176 0.4788110256195068 -0.0484535247087479
vn 3.4998962871527324 -5.1040257458995413 -0.8542006085666360
v 0.5745129585266113 -0.0089375562965870 -0.0415244102478027
vn 4.3289182485018438 -4.3258870010770956 -1.0864846483649782
v 0.6006226539611816 0.0143602946773171 -0.0530729144811630
vn -2.1589649657728507 5.0298060832025371 -2.9587988052323246
v 0.6124724149703979 0.4904599189758301 -0.0522695295512676
vn 2.9480660528497644 -4.0203474454095005 -2.6486927118785752
v 0.7465354204177856 0.2329784929752350 -0.0417252890765667
vn 1.4227300527118767 5.8194768800886258 1.2922524144717147
v 0.7658164501190186 0.5223940610885620 -0.0499598644673824
vn -0.0949675947130457 -5.0204748290050061 -3.5527936739001778
v 0.7791725397109985 0.2356898784637451 -0.0462442375719547
vn 4.3214404062116687 4.4631529302339095 -0.1049763905767296
v 0.8019683361053467 0.4965856671333313 -0.0411227159202099
vn -0.9675875112056190 -3.6461653238961285 -4.1095623171953859
v 0.8011649250984192 0.2237396985292435 -0.0419261045753956
vn 2.3685306936989017 0.5429447751149544 -5.0354794738037043
v 0.8009640574455261 0.2460333257913589 -0.0485539659857750
vn 1.3448190507924529 -0.3630197260708752 -5.0764333395588803
v 0.8201445937156677 0.2304679602384567 -0.0447379015386105
vn 4.9612577354424223 3.2378191890725696 -1.8213415546162957
v 0.8189395666122437 0.4759991765022278 -0.0520687103271484
vn -0.5866590003918217 -1.4664944423990987 -4.7584747333295567
v 0.8392247557640076 0.2042578756809235 -0.0392147451639175
vn 3.9958709551350200 3.5457183612404570 -3.0028029576539943
v 0.8432416319847107 0.4483831822872162 -0.0501606799662113
vn -1.6280166137861412 -4.1593516639806731 -1.9694927032199585
v 0.8589074611663818 0.2493472546339035 -0.0498594231903553
vn 0.6022065690417238 -1.3351304684908343 -4.8144157715015989
v 0.8625226020812988 0.1942156851291656 -0.0371058359742165
vn 5.0253008302897877 2.6302239943760535 -1.6870266261417530
v 0.8623217344284058 0.4304077029228210 -0.0416248477995396
vn 4.6221771004038708 2.2292081052587935 -3.0971321369771982
v 0.8662381768226624 0.4095199704170227 -0.0544788129627705
vn 4.6794243853298489 1.3714808389468671 -1.1654211828365972
v 0.8826069831848145 0.3904398679733276 -0.0415244102478027
vn 3.8787114911037972 0.2235504687140332 -4.6660096884468274
v 0.8764812350273132 0.3586061298847198 -0.0403193272650242
vn 2.4284845395133470 2.0534818943469588 -5.3971270597044230
v 0.8935529589653015 0.3265716135501862 -0.0391143076121807
vn 2.1136116460437688 2.3123127562183416 -5.4141462696432017
v 0.9156457185745239 0.3069893419742584 -0.0392147451639175
vn 1.8299692913238017 -3.6961852982923760 -3.2309383100341393
v 0.9530026316642761 0.2286603599786758 -0.0360011942684650
vn 2.1029920195372349 1.4673692009018919 -5.5929633772837173
v 0.9506928920745850 0.2656155824661255 -0.0425286144018173
vn 2.7994940959811294 -0.7857950275098984 -5.0530914214637885
v 0.9652540683746338 0.2511548399925232 -0.0388130508363247
vn -3.6678007653475380 1.5638397875150585 -4.6344414848853992
v -0.9567182660102844 0.1832697093486786 -0.0469471886754036
vn -2.7136481758952011 -1.0248231741623688 -5.3768688729087790
v -0.9585257768630981 0.1491263210773468 -0.0481522716581821
vn -1.0357522828499084 -3.8302233868043687 -4.6888973856548528
v -0.9214701652526855 0.1294436454772949 -0.0505623742938042
vn -0.1414859169655419 -4.1763492673394049 -4.4424145485774496
v -0.9021892547607422 0.1264309883117676 -0.0509640686213970
vn -3.7886044777899319 2.9685097554789461 -3.9447662660920084
v -0.8914440870285034 0.2723438143730164 -0.0489556565880775
vn -3.4991497586353812 3.2289388127212293 -4.0355693496203093
v -0.8749749064445496 0.2872062623500824 -0.0523699671030045
vn -3.3858422382346691 3.3913160250303700 -4.0168104940673404
v -0.8286805152893066 0.3278770744800568 -0.0562864057719707
vn -3.4620323171552316 3.7466764105075052 -3.5901819183133248
v -0.7978509664535522 0.3589074015617371 -0.0548805072903633
vn 2.5708809912452533 -4.0835351550488097 -3.9017821579006484
v -0.7928299307823181 0.1763406097888947 -0.0552822016179562
vn 2.9498573198879927 -4.2243164533842057 -3.4861595104059884
v -0.7642096877098083 0.1881903856992722 -0.0476501397788525
vn 3.9141257607769395 -3.9197820071594354 -2.6292037860922983
v -0.6863828301429749 0.2506527304649353 -0.0530729144811630
vn 4.5188543234448462 -3.6491075911603885 -1.9418531905645935
v -0.6718217134475708 0.2650130391120911 -0.0504619367420673
vn -1.2730687651737953 4.5110010770690936 -4.0031669583131224
v -0.6509339809417725 0.4434625506401062 -0.0510645061731339
vn 4.8034635876827405 -3.4042657599703636 -1.8358860780122985
v -0.6578630208969116 0.2858003675937653 -0.0531733557581902
vn 0.0371101088837927 4.4667116512731413 -4.2387970810741162
v -0.5957019925117493 0.4524000883102417 -0.0495581701397896
vn -0.4924986255082155 4.2997053736903634 -4.3429516419976766
v -0.6221128702163696 0.4473789930343628 -0.0536754280328751
vn 0.2510109378913145 4.2965690878041549 -4.4637261161213306
v -0.5738099813461304 0.4493874311447144 -0.0511648841202259
vn -3.7420705306322501 -1.4237808306532171 -3.8339802016912432
v -0.5264109373092651 0.3818035423755646 -0.0550813861191273
vn -6.0033205772332696 0.7756584807268305 1.6226243182017330
v -0.5308294892311096 0.3183369934558868 -0.0560855902731419
vn 0.2820997080408066 4.0294657328831480 -4.6693880891072306
v -0.5051215291023254 0.4402490258216858 -0.0545792542397976
vn -4.3476270271186443 -2.9965303502852985 3.3449552927892765
v -0.5069291591644287 0.1736292243003845 -0.0512653216719627
vn -3.5772336493624950 -3.6756074351307921 3.5422853181943426
v -0.4910624921321869 0.1570596396923065 -0.0478510148823261
vn -0.2885277916441661 4.8287349155649526 -3.8931736126751644
v -0.4697730839252472 0.4420566260814667 -0.0520687103271484
vn -0.2953565931269440 5.4706969617950936 -3.0080307010413074
v -0.4392448663711548 0.4454709589481354 -0.0498594231903553
vn -0.5062618099843261 5.9282211907324722 -1.9916894812561321
v -0.3850170671939850 0.4475798308849335 -0.0528720989823341
vn -0.1561575580023459 6.0848361709327179 -1.5476994837814833
v -0.3567985594272614 0.4493874311447144 -0.0508636310696602
vn -0.0904594832663581 6.0931046343918114 -1.5053918321413302
v -0.3285800516605377 0.4479815065860748 -0.0594998970627785
vn -2.3271067651566311 -5.2990569752486572 -2.4189790528637003
v -0.3236593902111053 0.0871660783886909 -0.0513657629489899
vn -2.1280715100184864 -4.9662056948112081 -3.0230996031005937
v -0.2529624700546265 0.0542277395725250 -0.0515665784478188
vn -2.1877908868344074 -4.6586526775251604 -3.5536888778425295
v -0.2333801984786987 0.0515163503587246 -0.0585961304605007
vn -2.4398637761216020 -4.7292969445894171 -3.1787039498273981
v -0.2141996622085571 0.0356497131288052 -0.0516670159995556
vn 1.0994953084619961 5.8756661318254721 -1.8661516151259621
v -0.1639887690544128 0.4268929362297058 -0.0559851527214050
vn 1.0714019031253881 5.9511810760601502 -1.6730172932308596
v -0.1191002354025841 0.4189596176147461 -0.0557843334972858
vn -1.9767192678326344 -5.0998961857318879 -2.9379383434354960
v -0.1074513047933578 -0.0125527400523424 -0.0509640686213970
vn 0.9670108753689114 6.0207429078197272 -1.4335705286185472
v -0.0837517678737640 0.4143402278423309 -0.0509640686213970
vn -1.8200915283540131 -5.4382095587360499 -2.2936374034875264
v -0.0474995039403439 -0.0355493277311325 -0.0528720989823341
vn -1.1716594007639354 -5.6260221982544989 -2.1293977976924370
v -0.0160674862563610 -0.0445872843265533 -0.0525707826018333
vn 1.3456487524541809 6.0397391053270635 -1.0604027923182135
v 0.0104438578709960 0.3954609334468842 -0.0509640686213970
vn 1.1196250535733629 6.0818805885660501 -1.0933884914910152
v 0.0302269496023655 0.3906406760215759 -0.0523699671030045
vn -0.6943372285351295 -5.7368754259103838 -2.2757534474148882
v 0.1492267549037933 -0.0640691146254539 -0.0509640686213970
vn -0.6784534557765343 6.1205598401824739 -1.2217561033920257
v 0.1603735685348511 0.3879292905330658 -0.0508636310696602
vn -0.4422863111342672 -5.2889989994066156 -3.1247759346741306
v 0.1778469532728195 -0.0640691146254539 -0.0569893568754196
vn -0.8015225476148837 -4.9990070853353705 -3.4400525033365446
v 0.2116890996694565 -0.0679855644702911 -0.0583952553570271
vn -1.0799348192832359 -5.0562036702831392 -3.3595929723817246
v 0.2598915398120880 -0.0781281590461731 -0.0556838959455490
vn -0.0661307800312301 -5.9240464664015207 -2.0411373232083174
v 0.3293834328651428 -0.0868648514151573 -0.0529724769294262
vn 0.2517327052046532 -5.9843839004322295 -1.7311198252294009
v 0.3493673503398895 -0.0877686515450478 -0.0508636310696602
vn 0.8040149542261583 -5.9418915531019030 -1.7083731200093328
v 0.3692508339881897 -0.0854589492082596 -0.0531733557581902
vn 1.4503360446835984 -5.8956525692752733 -1.2618496084567328
v 0.3870255053043365 -0.0840530395507812 -0.0462442375719547
vn -1.5062207007414465 5.8156622689312512 -1.7913316216278816
v 0.3850170671939850 0.4033942520618439 -0.0577927455306053
vn 2.3504615654422425 -5.3532125857050996 -2.0936585431936923
v 0.4810203015804291 -0.0497087985277176 -0.0581944398581982
vn 2.5455420725771001 -5.2883465968438239 -2.0407487342874902
v 0.4984937012195587 -0.0421771630644798 -0.0565876625478268
vn 2.3439378827886275 -5.3519843858613170 -2.1715694877583074
v 0.5194818377494812 -0.0310303494334221 -0.0590982027351856
vn 3.6001221188350536 -4.7781483628446697 -1.5761147208989461
v 0.5845551490783691 0.0020084166899323 -0.0601024702191353
vn 4.9662548045416921 -3.5500622732869185 -1.2003069827296928
v 0.6219120621681213 0.0383610986173153 -0.0485539659857750
vn -2.0495346068228093 4.9791517404070866 -3.0586606461692396
v 0.6306487917900085 0.4978911578655243 -0.0530729144811630
vn -1.2881628523601714 5.1884871783651576 -3.1633937358958364
v 0.6692107319831848 0.5123519301414490 -0.0505623742938042
vn 4.2818008229072202 -2.7049229151587135 -3.6682078416161756
v 0.6555533409118652 0.0997188016772270 -0.0542779974639416
vn 3.5963705627319937 -2.8283245496666050 -4.2546771066961719
v 0.6659972071647644 0.1202048510313034 -0.0567885376513004
vn -0.7742825137476739 4.9188117765164696 -3.7240570456513709
v 0.7030528187751770 0.5127535462379456 -0.0578931830823421
vn 3.1221617609252830 -3.4025171731240973 -4.1822754688475863
v 0.7039566040039062 0.1556537300348282 -0.0583952553570271
vn -1.6831914599052680 5.5533937851378585 -2.1849394740501520
v 0.7291624546051025 0.5203856825828552 -0.0530729144811630
vn 4.3304527101968100 -2.0854078848037076 -3.7349278343272454
v 0.7254468798637390 0.1704157292842865 -0.0509640686213970
vn 5.2889879243140694 -1.1624926274673362 -3.1226501152071848
v 0.7311709523200989 0.2043582946062088 -0.0504619367420673
vn 2.4506636783953746 -0.5115981426331099 0.7237947163691402
v 0.7848966121673584 0.2642096579074860 -0.0520687103271484
vn -0.1598878884579822 -5.0770265886114139 -0.1568050385948532
v 0.8139184713363647 0.2650130391120911 -0.0541775599122047
vn -1.1491514353053460 -3.7991137127620052 -2.3280129154318887
v 0.8325969576835632 0.2601928114891052 -0.0597007758915424
vn 4.0431750237923838 0.3846827601954222 -4.5979277930060523
v 0.8544888496398926 0.3512753546237946 -0.0541775599122047
vn 3.0768065149672204 -1.4524293460307995 -3.2105910978540839
v 0.8459530472755432 0.3740710914134979 -0.0586965717375278
vn 2.5328431001373661 1.2082769602464507 -5.5105646326089115
v 0.8740711212158203 0.3323960304260254 -0.0446374639868736
vn -0.9456239249157354 -3.6182702260661177 -1.9961034955131005
v 0.8884314298629761 0.2332797646522522 -0.0495581701397896
vn 1.9985384926262553 1.7388285273873798 -5.6854737169101623
v 0.8859208822250366 0.3078931272029877 -0.0492569133639336
vn 1.5937625742884616 1.4477972321502557 -5.8389183172315393
v 0.9198634624481201 0.2771641016006470 -0.0486543439328671
vn 1.2987657221854141 -0.8575732455032112 -5.8095520584465641
v 0.9325166344642639 0.2490459829568863 -0.0493572913110256
vn -3.2146208130278531 1.7421404419801181 -5.0105337304469915
v -0.9386423230171204 0.1947177946567535 -0.0550813861191273
vn -2.7678810747037090 0.2951096949919668 -5.5459951977490274
v -0.9382406473159790 0.1723237484693527 -0.0596003383398056
vn -2.1156320959874635 -1.4917143997807452 -5.5619243566527068
v -0.9404499530792236 0.1528419256210327 -0.0571902319788933
vn -3.2913342853644236 2.1182426177886313 -4.8341219720902044
v -0.9098212718963623 0.2233380079269409 -0.0626130104064941
vn -3.3470680033327040 2.3093495100099615 -4.7118507940657803
v -0.8938542008399963 0.2440249025821686 -0.0642197281122208
vn 0.9842269887867903 -4.1085982632623148 -4.2627495109665059
v -0.8748745322227478 0.1330588310956955 -0.0559851527214050
vn 1.2787434782291660 -3.5372533213027841 -4.8807599802647292
v -0.8604137897491455 0.1478208452463150 -0.0631150826811790
vn -2.9303698312769990 2.8651346247779514 -4.6852979122654475
v -0.8410323262214661 0.2994576990604401 -0.0683370456099510
vn 1.9915613284837319 -4.0011908508003264 -4.2131318767214800
v -0.8400281071662903 0.1505322158336639 -0.0581944398581982
vn -3.1033099493417993 3.7255169871816860 -3.9112177235858159
v -0.7751556634902954 0.3735689818859100 -0.0601024702191353
vn -2.7165025402222560 4.4741807939639724 -3.3924293678998558
v -0.7408114075660706 0.3994777798652649 -0.0586965717375278
vn 2.5108698825281035 -3.3703968032800082 -4.5462793785732911
v -0.7683269977569580 0.2012452185153961 -0.0634163394570351
vn -1.5490797919901793 4.1699675845465105 -4.1962669629347573
v -0.6989355087280273 0.4183571040630341 -0.0621108785271645
vn 2.9189238440032912 -3.7711091131261494 -3.9700711317563320
v -0.7119903564453125 0.2343844026327133 -0.0585961304605007
vn 4.4374986046740936 -2.7212172232138392 -3.0056100086062019
v -0.6495280265808105 0.3035750091075897 -0.0618096217513084
vn 3.3729299782755500 -2.9937667294944972 -3.9407331420583018
v -0.6100623011589050 0.3578027486801147 -0.0613074898719788
vn 2.2802896024577390 -3.1473362402038818 -4.6590535807247004
v -0.5930910110473633 0.3771841526031494 -0.0627133920788765
vn 1.4342571404431677 -3.7000817985459049 -4.4514570515228549
v -0.5734083056449890 0.3833099007606506 -0.0604037232697010
vn 0.4764113510241913 3.3341167552404043 -5.2233650688846112
v -0.5545290708541870 0.4392448365688324 -0.0575919263064861
vn 0.1186769715060426 3.3059522337748928 -5.1906115758083731
v -0.5333400964736938 0.4389435648918152 -0.0569893568754196
vn -5.5186820271918959 -0.5920743631592668 2.9109474683436671
v -0.5367543697357178 0.2427194118499756 -0.0588973872363567
vn -5.9562953380587098 1.7775613742919816 0.0784902886463536
v -0.5262100696563721 0.3586061298847198 -0.0722534880042076
vn -4.9912752584114459 -0.7931348392334189 3.6941775775305090
v -0.5399678945541382 0.2208274602890015 -0.0693412497639656
vn -4.6672065553268558 -1.9374652769567964 3.6925077503775658
v -0.5277163982391357 0.1951194852590561 -0.0602028481662273
vn -3.7152326213108635 -2.4609483368868155 4.3887961946637271
v -0.5074312090873718 0.1567583680152893 -0.0638180300593376
vn -2.5386868334975543 -2.9725749190369575 4.7191340223358500
v -0.4776059687137604 0.1369752883911133 -0.0575919263064861
vn -1.6461690478809901 -2.5634106577724283 5.3840050748241657
v -0.4607351124286652 0.1195018887519836 -0.0589978247880936
vn -1.0174895050015251 -2.8312516369428558 5.2415088092901323
v -0.4286001324653625 0.1044386252760887 -0.0594998970627785
vn -0.3063570355694990 -3.8320752111330805 4.6290028350157542
v -0.4059048295021057 0.0997188016772270 -0.0590982027351856
vn -0.8679568243583654 5.7669023600571592 -2.3282538740925482
v -0.4038963913917542 0.4385418891906738 -0.0687387362122536
vn 0.6861555477017989 -4.6825947754258577 3.0761756415802735
v -0.3649327456951141 0.0968065708875656 -0.0685378611087799
vn -0.5835265037472459 -5.2141428043255482 -0.0381478691134057
v -0.3416348695755005 0.1010242849588394 -0.0615083687007427
vn -1.8825624268995513 -5.0385444822068894 -3.2032105217975602
v -0.3000602424144745 0.0825466811656952 -0.0606045424938202
vn -2.0889191326993615 -4.5885830503885572 -3.7269252678294178
v -0.2766619920730591 0.0727053433656693 -0.0603032857179642
vn 1.0487126951349033 5.9753969915999612 -1.6028761979247610
v -0.2296646088361740 0.4387427270412445 -0.0603032857179642
vn 0.9033941405936088 6.0202662392335622 -1.5427182686642691
v -0.2485438883304596 0.4416549503803253 -0.0603032857179642
vn -2.0739745405927765 -4.3861998822524395 -3.9748778552619726
v -0.1902992725372314 0.0346454940736294 -0.0633159577846527
vn -2.0155675926140497 -4.5935236715176178 -3.7636771673017475
v -0.1592689305543900 0.0169712603092194 -0.0593995191156864
vn -2.1502549776968118 -4.6709227538284166 -3.5723408608288674
v -0.1366740465164185 0.0053223357535899 -0.0580939985811710
vn -2.1533464977230428 -4.9107062684131915 -3.2602007842487319
v -0.0856597721576691 -0.0127535844221711 -0.0627133920788765
vn 1.0712205757627802 5.9027267220993540 -1.7853888812555130
v -0.0696927160024643 0.4085157513618469 -0.0637176558375359
vn -2.1818803669733029 -5.1109586279383441 -2.8604980490002010
v -0.0641695261001587 -0.0268126316368580 -0.0562864057719707
vn 0.9753911607906357 5.8972989860973950 -1.8553406192296396
v -0.0479011908173561 0.4031934142112732 -0.0686383023858070
vn 1.2176581322558626 5.9461374264628919 -1.5700858996100073
v -0.0036151888780296 0.3945571482181549 -0.0699437633156776
vn -0.9824082684637430 -5.6604542216992222 -2.4351449738286273
v 0.0125527177006006 -0.0454910807311535 -0.0605041049420834
vn -0.6231561075598647 -5.7709522672770861 -2.2967979452859417
v 0.0421771407127380 -0.0487045794725418 -0.0627133920788765
vn 0.7360145208844865 6.0616348159870750 -1.4662429244139830
v 0.0668808966875076 0.3833099007606506 -0.0603032857179642
vn -0.5823271217370021 -5.8156676229671564 -2.0553932736717004
v 0.0880698934197426 -0.0546294637024403 -0.0604037232697010
vn -0.6208121884420913 5.9992877378385145 -1.7582571811121337
v 0.1421972364187241 0.3836111426353455 -0.0603032857179642
vn -0.7742174341008740 6.0430978721865012 -1.5025051960897298
v 0.1856798678636551 0.3879292905330658 -0.0655252486467361
vn -0.6938335330717029 6.1162786776036899 -1.2592989047405185
v 0.2081743329763412 0.3908415138721466 -0.0627133920788765
vn -0.6010674792102098 6.1626431697202033 -1.0360137043987701
v 0.2269532084465027 0.3921470046043396 -0.0674332156777382
vn -0.1162582898645258 6.2581052215440653 -0.5247469800291349
v 0.2740510106086731 0.3950592577457428 -0.0627133920788765
vn -0.0181764496659127 6.2144999301607777 -0.7886561982497962
v 0.3028720915317535 0.3951596617698669 -0.0697429403662682
vn -0.8620270284866314 -5.4862417648815249 -2.8645407740672879
v 0.3022695481777191 -0.0818437635898590 -0.0613074898719788
vn -0.2115672910688003 6.1742251886855435 -1.0625163495058958
v 0.3293834328651428 0.3951596617698669 -0.0709480270743370
vn -0.6403671446850602 6.1230282002367753 -1.1708600649220033
v 0.3568989932537079 0.3975697755813599 -0.0604037232697010
vn 1.3716609928139414 -5.8755336770034123 -1.7196282120891031
v 0.3946575820446014 -0.0726049616932869 -0.0722534880042076
vn -1.6293957272840329 5.5803335122534756 -2.3386185581135175
v 0.4049005806446075 0.4067081511020660 -0.0636172145605087
vn -1.9401488384518368 5.4000414546117019 -2.5595029146238923
v 0.4239807128906250 0.4151436090469360 -0.0601024702191353
vn 1.8396176023198549 -5.6304577321905303 -2.0130205108773773
v 0.4341233372688293 -0.0653745979070663 -0.0650231167674065
vn 2.2412349733479622 -5.4663737356229491 -2.0348113704280566
v 0.4580236971378326 -0.0586463361978531 -0.0590982027351856
vn -1.6648420661860821 5.2603114001857207 -2.9681520343050627
v 0.4521992504596710 0.4212693274021149 -0.0680357888340950
vn -1.6405715816505280 5.2637762376155059 -2.9432656493104812
v 0.4726852774620056 0.4289013743400574 -0.0666298866271973
vn -1.6585870762044195 5.2475195902430638 -2.9611642067003001
v 0.5084354281425476 0.4389435648918152 -0.0682366043329239
vn 2.2145040840436656 -5.3980944363934267 -2.2074410885034936
v 0.5400682687759399 -0.0207873266190290 -0.0634163394570351
vn -2.0448620055587128 4.9984562988865555 -3.1292810888790732
v 0.5558345317840576 0.4574211537837982 -0.0653243735432625
vn 2.8264105186053041 -5.2083084526333714 -1.9212873627198168
v 0.5613577365875244 -0.0120506314560771 -0.0609057955443859
vn 5.0051495366235530 -2.6491389211170016 -2.4997147851458235
v 0.6285398602485657 0.0559349097311497 -0.0607049800455570
vn -1.5911606579257276 4.6908657333587858 -3.6491494388311092
v 0.6510343551635742 0.5006025433540344 -0.0611066743731499
vn 4.5923051602023923 -2.1593956275727502 -3.6418398619350958
v 0.6402892470359802 0.0823458358645439 -0.0607049800455570
vn 2.7514170364311976 -3.3984462743504738 -4.4948301959466184
v 0.6814621686935425 0.1446073353290558 -0.0632155239582062
vn 4.0777434228505784 -3.2707567632729084 -3.0691535618142716
v 0.7354890704154968 0.2345852404832840 -0.0599015913903713
vn 1.7365603979106494 -4.8356420422064499 -3.3931095739694888
v 0.7519582509994507 0.2474392354488373 -0.0639184713363647
vn 3.9006533366533205 3.6672943914317728 3.0511929508725872
v 0.7923277616500854 0.5142598748207092 -0.0593995191156864
vn 5.3517086194559260 0.9319058271822699 -1.4444172798293304
v 0.8074914813041687 0.4906607866287231 -0.0682366043329239
vn 3.8869334206897816 2.4394329965417594 -4.1522697394320813
v 0.8226551413536072 0.4584254026412964 -0.0600020289421082
vn 3.6269374048745577 2.5826300433437717 -4.2518475414841115
v 0.8479614257812500 0.4301064610481262 -0.0602028481662273
vn 2.8466303107035951 1.0823311756371226 -5.4403359531234212
v 0.8616188168525696 0.3197429180145264 -0.0545792542397976
vn 2.7968367838644692 -1.5874577908500336 -3.9708702121676906
v 0.8679454326629639 0.3805985152721405 -0.0621108785271645
vn 1.6655175112852167 0.9017224001229829 -5.9709390474377102
v 0.8671420216560364 0.2912231385707855 -0.0591986440122128
vn 1.2060106600571230 0.5311404485035527 -6.0202059484839694
v 0.8862221240997314 0.2786704003810883 -0.0565876625478268
vn -0.7159023669756139 -1.1669879073844738 -5.6618101712251416
v 0.8803976774215698 0.2502510547637939 -0.0565876625478268
vn 0.9751495684350134 -0.8086406439943538 -5.9928906236078481
v 0.9048002362251282 0.2528620362281799 -0.0542779974639416
vn -3.0777518396761314 1.5545664335859468 -5.1863038949179900
v -0.9215705990791321 0.2025507092475891 -0.0628138259053230
vn -2.3319610559297979 -0.0644392751911193 -5.7440379184158301
v -0.9211689233779907 0.1772444099187851 -0.0668307095766068
vn -1.1828383846342037 -2.1702896646645407 -5.6285448123321196
v -0.9110262989997864 0.1526410728693008 -0.0656256228685379
vn 0.0011727808280168 -2.9756706021837633 -5.4758940546618211
v -0.8841133117675781 0.1487246304750443 -0.0661277547478676
vn -2.9147923395940634 2.1809777272777926 -5.0690953342193898
v -0.8770838379859924 0.2533641159534454 -0.0703454539179802
vn -3.0770532924719083 2.5414553177871877 -4.7514132590951164
v -0.8644306659698486 0.2781682908535004 -0.0668307095766068
vn 2.0092258915679602 -3.2863151355002658 -4.7771362586162347
v -0.8158264756202698 0.1754368096590042 -0.0678349137306213
vn -2.7630548910629917 2.9599601038200962 -4.6547794794539623
v -0.7926290631294250 0.3428398966789246 -0.0732576921582222
vn 1.8499560820429013 -3.2661370676497383 -4.8382773743522920
v -0.7876080274581909 0.1949186474084854 -0.0689395517110825
vn -2.9160620700798523 3.7557580441109870 -4.0285617766247279
v -0.7552721500396729 0.3819040060043335 -0.0673328414559364
vn 1.9604541106442386 -3.2413578886193379 -4.7105787721042907
v -0.7311709523200989 0.2326772361993790 -0.0697429403662682
vn 2.3086553719799658 -3.1594906075305089 -4.6829262252850219
v -0.6993372440338135 0.2558746635913849 -0.0694416910409927
vn 2.9423073502205916 -2.8762140147386464 -4.3341753418251070
v -0.6807592511177063 0.2720425724983215 -0.0700441971421242
vn -0.7152024810945816 3.1475308635414470 -5.2907357237700383
v -0.6607752442359924 0.4166499078273773 -0.0701446384191513
vn 3.1717145462605707 -2.4994927456834124 -4.2980763359944216
v -0.6692107319831848 0.2873066663742065 -0.0718517899513245
vn -0.5427489209226669 3.4024256059488600 -5.2045557268676816
v -0.6368748545646667 0.4311106503009796 -0.0636172145605087
vn 3.4098507579900454 -1.8733039459544405 -4.7372222468102176
v -0.6470174789428711 0.3287808597087860 -0.0728559941053391
vn 0.0922430880324862 2.8285547822713619 -5.5154373231681149
v -0.6086564064025879 0.4295039176940918 -0.0662281960248947
vn 2.9153189536143209 -1.8918390102619203 -5.0407025362450577
v -0.6347660422325134 0.3494677543640137 -0.0726551786065102
vn 0.2312775906957653 2.7370535126975204 -5.5639645873808847
v -0.5804378390312195 0.4313115179538727 -0.0640189126133919
vn 0.7647173586062117 1.6531120277477562 -5.8346537287614968
v -0.5569391846656799 0.4212693274021149 -0.0667302682995796
vn 1.1150335199637285 -1.9435070635921381 -5.4433190316033659
v -0.5549307465553284 0.4017875194549561 -0.0670315250754356
vn -0.0556484154897335 -0.3219977472855637 -5.9242422273756867
v -0.5375577807426453 0.4107250273227692 -0.0664290115237236
vn -5.6429689640341030 0.9571719395146666 2.5523405601440765
v -0.5391644835472107 0.2982526719570160 -0.0697429403662682
vn -5.4763304079501705 0.4705698137162495 3.0268024183224362
v -0.5466961264610291 0.2681261301040649 -0.0761699229478836
vn -0.1635474289433889 1.7098926122707701 -5.8744768758570318
v -0.5168708562850952 0.4202651083469391 -0.0661277547478676
vn -2.8592621556008888 1.6884303896881412 -4.3861051779744313
v -0.5099417567253113 0.3977706432342529 -0.0676340982317924
vn -5.8119776211313665 1.8653569419926006 1.2904978787996950
v -0.5352480411529541 0.3368146121501923 -0.0806889384984970
vn -3.9644167031473785 -2.0435369639669325 4.3999860776183164
v -0.5263105034828186 0.1760393530130386 -0.0697429403662682
vn -1.2648617623176994 3.5007253182567126 -4.8775405311140219
v -0.4899578690528870 0.4197629988193512 -0.0665294528007507
vn -2.9328524333110408 -1.6931405668745032 5.1947977700473702
v -0.5006025433540344 0.1327575743198395 -0.0710484012961388
vn -1.1733378597899020 4.8477455202960265 -3.7973893427077297
v -0.4554127752780914 0.4308094084262848 -0.0672324001789093
vn -1.4381543504305041 -1.1715527084696498 5.9796117258213721
v -0.4707772731781006 0.0997188016772270 -0.0665294528007507
vn -0.8722528492492223 -1.5748753214576150 5.9578876896828339
v -0.4485840797424316 0.0984133183956146 -0.0639184713363647
vn -0.9118621143758139 5.4640937661520201 -2.9344224262595944
v -0.4298051893711090 0.4353283941745758 -0.0682366043329239
vn -0.0600811001751409 -1.4779844887593465 6.0734911357329278
v -0.4291022419929504 0.0822454094886780 -0.0643201619386673
vn 0.9201910398700428 -3.6209840603198971 4.7182771462229161
v -0.3850170671939850 0.0917854830622673 -0.0675336569547653
vn -0.5141844013249350 5.9844796788116135 -1.8095497438321311
v -0.3651335835456848 0.4417553544044495 -0.0770737528800964
vn -0.3750047047655030 -5.3392832565727453 0.3751199217458108
v -0.3239606618881226 0.0976099520921707 -0.0726551786065102
vn 0.2239038713186763 6.0068186742252898 -1.7635535749848297
v -0.3019682765007019 0.4438642263412476 -0.0755674168467522
vn -1.9084143882435805 -4.1259131336934898 -4.3002356258416530
v -0.2551717162132263 0.0729061961174011 -0.0717513561248779
vn -2.0212184161744067 -4.2159111848061368 -4.1914947781367671
v -0.2137979716062546 0.0531231015920639 -0.0706467106938362
vn 1.3018667624990976 5.6223201350416572 -2.3828199891561814
v -0.1990359574556351 0.4291022121906281 -0.0713496580719948
vn 1.2631247600865059 5.4641509803650443 -2.7475731303117685
v -0.1681060492992401 0.4190600514411926 -0.0777767002582550
vn 0.8798446547895495 5.7168603993138465 -2.3638238285979858
v -0.1330588608980179 0.4171520173549652 -0.0691404342651367
vn -2.0635397061080183 -4.1633400823180793 -4.1951500282543854
v -0.1079534068703651 0.0094396276399493 -0.0773750096559525
vn 0.8858394515086779 5.7429729089529484 -2.3019027260022149
v -0.0931914150714874 0.4095199704170227 -0.0720526054501534
vn -1.9705294511094780 -4.6209990162635863 -3.7313561284343368
v -0.0549307130277157 -0.0155653934925795 -0.0783792138099670
vn -1.5505804595472861 -5.1058690218678988 -3.2774585565240697
v -0.0348463617265224 -0.0312311910092831 -0.0669311434030533
vn -1.2483156900867505 -5.2806919739579836 -3.1546193502719704
v -0.0107451360672712 -0.0337417349219322 -0.0709480270743370
vn 1.1985350077238737 5.9524637268514384 -1.5913148675686215
v 0.0268126074224710 0.3869250714778900 -0.0736593827605247
vn -0.6442949539563244 -5.7129666668427408 -2.4648785608803663
v 0.0668808966875076 -0.0501104816794395 -0.0650231167674065
vn 0.2551556097005389 5.9760909568454608 -1.9036542074108320
v 0.0950994119048119 0.3760795295238495 -0.0776762664318085
vn -0.1512689262227518 -5.3576791257398924 -3.0917277277075996
v 0.1211086511611938 -0.0528218708932400 -0.0701446384191513
vn -0.3165013701118207 5.9192590733520625 -2.0722138294372003
v 0.1234183534979820 0.3768829107284546 -0.0766720548272133
vn -0.1238560970625676 -4.9326647563877168 -3.7771043909016568
v 0.1516368687152863 -0.0525206066668034 -0.0715505331754684
vn -0.8211585598612209 5.9415295160751347 -1.8407177770428211
v 0.1610765308141708 0.3834103345870972 -0.0697429403662682
vn -0.6152654620305951 -4.3249347087001846 -4.4988723449993575
v 0.2271540462970734 -0.0588471777737141 -0.0695420652627945
vn -0.4143405343615724 6.2035169838475719 -0.8319385454288715
v 0.2457320839166641 0.3935528993606567 -0.0697429403662682
vn -1.4416423731018770 -4.5349044280628439 -4.0338038415488793
v 0.2525607645511627 -0.0591484420001507 -0.0728559941053391
vn -1.6791255891421273 -5.2905913830270022 -2.5193713843641259
v 0.2835910916328430 -0.0689897760748863 -0.0724543035030365
vn 0.1043825316328293 -5.8936215924307866 -2.1732201336146164
v 0.3499698638916016 -0.0802370160818100 -0.0697429403662682
vn -0.5974937738506814 5.8398526352357143 -2.1483549959856751
v 0.3751757442951202 0.3955613374710083 -0.0787809044122696
vn -1.5370460766098548 5.0453915408962882 -3.3652454810518648
v 0.4924683570861816 0.4292026460170746 -0.0758686736226082
vn -1.6866960438305507 5.0755655370113768 -3.2247714989089284
v 0.5292227268218994 0.4446676075458527 -0.0700441971421242
vn -1.8929715519155936 4.7172004303193429 -3.6680704409548208
v 0.5896766185760498 0.4685679674148560 -0.0687387362122536
vn 4.3137009812896663 -3.5560649273476637 -2.5116470248248040
v 0.6028319001197815 0.0248041599988937 -0.0736593827605247
vn 4.7638810843926782 -2.8453555627407776 -2.6471643024141800
v 0.6150833964347839 0.0394657365977764 -0.0701446384191513
vn 3.8472818221088634 -1.7642381524363957 -4.6148459425494126
v 0.6429002285003662 0.1068487539887428 -0.0701446384191513
vn -0.5767768374904080 4.1855474096099270 -4.5369545511152429
v 0.6788511872291565 0.4977906942367554 -0.0708475857973099
vn 4.0022977374869502 -1.9217307158414727 -4.1388490450439308
v 0.7155051231384277 0.1813617050647736 -0.0673328414559364
vn -3.0265736704365662 4.4220113768890004 -2.4444086508891023
v 0.7244427204132080 0.5057240724563599 -0.0714500993490219
vn 4.3377306738233168 -1.6895552471126440 -4.1725042382764617
v 0.7143000960350037 0.2158063799142838 -0.0786804705858231
vn -2.5981861774717210 5.4450526763717857 -0.0214357105861049
v 0.7440249323844910 0.5247038006782532 -0.0692408084869385
vn 1.9852617846105014 -3.6852143295646633 -3.7012817033568570
v 0.7828881740570068 0.2498493492603302 -0.0648223012685776
vn 1.2745956941816097 4.2276791826778899 3.7395016657300175
v 0.7905201911926270 0.5318337678909302 -0.0722534880042076
vn 4.6920835651389634 -0.9541566985904215 1.7630554148924107
v 0.8113075494766235 0.5100421905517578 -0.0784796476364136
vn 4.1120608249975694 -0.5969553868174624 -4.5644414425976683
v 0.8411327600479126 0.3343040645122528 -0.0673328414559364
vn 2.4294697382953663 0.2347168364691785 -5.7529823093274359
v 0.8487648367881775 0.2984535098075867 -0.0639184713363647
vn 1.2195693758362889 -1.7366917424278729 -5.5420819970347770
v 0.8561960458755493 0.2693311870098114 -0.0629142671823502
vn -2.1970948552925749 0.5268286713726136 -5.7337997146609876
v -0.9028921723365784 0.1971279233694077 -0.0736593827605247
vn -1.5219279998644244 -0.7924847231714154 -5.9742679745286020
v -0.9028921723365784 0.1760393530130386 -0.0729564353823662
vn -2.5639541095606990 1.3956814592087259 -5.5268921303278340
v -0.8839125037193298 0.2260493934154510 -0.0759691074490547
vn -0.3575459993486156 -1.9585206497863608 -5.8301820871142933
v -0.8819040060043335 0.1667001247406006 -0.0746635869145393
vn 0.9406885420564280 -2.8723530816913350 -5.4479284988217458
v -0.8557943701744080 0.1661980152130127 -0.0727556198835373
vn -2.2079097935121594 1.7807643720528252 -5.5455565791930415
v -0.8459530472755432 0.2707370817661285 -0.0789817199110985
vn 1.2337933668470284 -2.4770451272431666 -5.6038866065463990
v -0.8322957158088684 0.1825667619705200 -0.0754669755697250
vn -2.3702667401900661 2.1078052588468670 -5.2954072807495010
v -0.8160273432731628 0.3056838512420654 -0.0791826024651527
vn 1.3662236328419322 -2.4194873501723384 -5.5759083145607615
v -0.8059852123260498 0.2023498564958572 -0.0779775157570839
vn 1.5340191286285951 -2.1145329611495551 -5.6781467308731814
v -0.7888130545616150 0.2187186032533646 -0.0798855498433113
vn -2.2188217525035414 2.6206003108726907 -5.1260330417392428
v -0.7605944871902466 0.3604137301445007 -0.0793834179639816
vn 1.5780355343819501 -2.4345279486078621 -5.5072301738409921
v -0.7644105553627014 0.2321751266717911 -0.0786804705858231
vn -1.7655277354832666 3.2427734253968894 -4.7674936679220945
v -0.7336814999580383 0.3877284526824951 -0.0762703642249107
vn 1.3198627912505507 -2.0913096824608202 -5.7746798736241507
v -0.7430207133293152 0.2551717162132263 -0.0814922675490379
vn 1.6462446394133710 -2.3351625327989529 -5.5574073005148135
v -0.7216309309005737 0.2602932155132294 -0.0785800293087959
vn -0.8213709170546739 2.9968986031304583 -5.4300575911320790
v -0.7147017717361450 0.3925487101078033 -0.0765716210007668
vn -0.5514851034227839 2.9311282036546888 -5.4915358247253359
v -0.6864832639694214 0.4022896289825439 -0.0748644620180130
vn 2.7022882973137365 -1.6279403013883260 -5.3460733624874326
v -0.6665997505187988 0.3079935610294342 -0.0768728777766228
vn 0.0663503310060408 2.0186327779025834 -5.7898803469597100
v -0.6392850279808044 0.4105241894721985 -0.0750652849674225
vn 0.3440320119313987 1.4672983789317937 -5.9836026332962300
v -0.6158867478370667 0.4107250273227692 -0.0737598240375519
vn 1.4159772594014075 -0.5444294699536183 -5.9633446247817625
v -0.6229162812232971 0.3866238296031952 -0.0759691074490547
vn 0.6839491893327970 0.0430235293187800 -6.0085921966664646
v -0.5827475786209106 0.4091182947158813 -0.0706467106938362
vn -5.1311369828771278 0.0998013346146130 3.5873845061299350
v -0.5508134365081787 0.2443261593580246 -0.0795842930674553
vn -4.4426171906724754 -1.1880714627850182 4.2479740689727237
v -0.5405703783035278 0.1960232853889465 -0.0743623301386833
vn -3.3577671918693901 -1.5733995769845710 5.0609992892009981
v -0.5275155901908875 0.1549507677555084 -0.0779775157570839
vn -2.5028130609026569 -0.8702172912072059 5.6884984712470512
v -0.5051215291023254 0.1113677322864532 -0.0769733116030693
vn -2.0050079618523755 -0.4988898162361542 5.9334685453676705
v -0.4883510768413544 0.0909821093082428 -0.0730568766593933
vn -1.8313804048143059 -0.2624746567456699 6.0003440417587903
v -0.4960835874080658 0.0689897388219833 -0.0774753838777542
vn -0.9550174193833038 -0.8338551151748608 6.1164261749609921
v -0.4697730839252472 0.0631652697920799 -0.0705463290214539
vn -1.6795483458761697 -0.1296382778710116 6.0298094941019933
v -0.5078328847885132 0.0453906245529652 -0.0807893127202988
vn -0.1729268197418195 -1.2843899984440030 6.0536758214588753
v -0.4776059687137604 0.0229965671896935 -0.0771741271018982
vn -2.2052023179170348 5.0727232015462516 -2.7868536137029687
v -0.4697730839252472 0.4096204042434692 -0.0880196839570999
vn 0.5203223432316824 -1.7410286254943239 5.9618904290704453
v -0.4545089602470398 0.0304277800023556 -0.0762703642249107
vn -0.4581731125632841 -1.0314667303180325 6.1645594086707733
v -0.4509941935539246 0.0725044980645180 -0.0672324001789093
vn 0.3074592961009327 -1.6051124173886933 6.0208045710538665
v -0.4461739361286163 0.0474994815886021 -0.0723539218306541
vn -1.6956323168941037 5.3959728136956944 -2.6210586520769774
v -0.4380397796630859 0.4228760898113251 -0.0855091437697411
vn 0.5140803651365472 -1.7190717471655519 5.9813733004739795
v -0.4321148991584778 0.0631652697920799 -0.0689395517110825
vn 1.2829075661949256 -2.2276765005127399 5.7236542954623966
v -0.4196625947952271 0.0489053875207901 -0.0762703642249107
vn 1.1042192676989233 -2.1817088646195186 5.7783633408018549
v -0.4086162149906158 0.0725044980645180 -0.0697429403662682
vn 1.7380826236616318 -2.6190762805730490 5.4198002806424519
v -0.3839124739170074 0.0725044980645180 -0.0758686736226082
vn -1.1124471236954512 5.8470781074740295 -2.0075444006405108
v -0.3887327015399933 0.4353283941745758 -0.0849066302180290
vn 1.2909101634677012 -4.4540208220795918 4.0960141841925815
v -0.3455513119697571 0.0890740975737572 -0.0797851085662842
vn 0.8381972666425813 -5.2380714774139152 -0.7052942506807510
v -0.3044788241386414 0.0980116352438927 -0.0819943994283676
vn -1.3116786276061938 -4.0228092571055063 -4.6061399101906861
v -0.2737497389316559 0.0910825282335281 -0.0808897539973259
vn 0.9631553998888663 5.7992964602107540 -2.1225151621432410
v -0.2626029551029205 0.4380397796630859 -0.0811910107731819
vn 1.1708160124466649 5.6633462957446401 -2.3514715552598995
v -0.2366941273212433 0.4343241453170776 -0.0788813456892967
vn -1.9395652580716063 -3.8394872005958671 -4.5353392371202190
v -0.2340831458568573 0.0717011243104935 -0.0798855498433113
vn -1.8588877470743146 -3.9676906737718851 -4.4742802700571183
v -0.1608756780624390 0.0354488678276539 -0.0781783387064934
vn 0.8782039097113569 5.3844279501929453 -3.0994455472754177
v -0.1520385593175888 0.4113275706768036 -0.0853083282709122
vn -1.9426255111886115 -3.9730525518612065 -4.4172454292422909
v -0.1420968174934387 0.0260092224925756 -0.0781783387064934
vn 0.8848694530011829 5.5314365355174875 -2.7687357549835543
v -0.1123719662427902 0.4094195365905762 -0.0792829766869545
vn -2.1898599147307904 -4.3485260860432255 -3.8831660589557524
v -0.0835509225726128 -0.0021088761277497 -0.0793834179639816
vn 1.0069686163616494 5.7850282159297128 -2.0977427411590668
v -0.0225949082523584 0.3956617712974548 -0.0800863653421402
vn -1.6812073799768552 -4.8242245103431998 -3.6073249460278762
v -0.0262100845575333 -0.0220928080379963 -0.0842036828398705
vn -1.0764572785504352 -5.4585645143007486 -2.9057862511312029
v 0.0182767584919930 -0.0367543883621693 -0.0789817199110985
vn 0.8262531869786311 5.9357353581099837 -1.8629015304975245
v 0.0646716207265854 0.3788913488388062 -0.0795842930674553
vn -0.1668492682553301 -5.1618245649728722 -3.4993471324282517
v 0.0780277177691460 -0.0377586036920547 -0.0899277180433273
vn -0.1041984299728853 -5.0528777423401472 -3.6747831394451067
v 0.1022293642163277 -0.0429805405437946 -0.0828981623053551
vn -0.6089592251377416 5.8674560887057332 -2.1559002176844828
v 0.1421972364187241 0.3773850202560425 -0.0798855498433113
vn 0.2270722606352177 -4.2862191351985750 -4.5714085757006950
v 0.1798553913831711 -0.0421771630644798 -0.0806889384984970
vn -0.3623785812011766 -4.0504986507918952 -4.7768361703384752
v 0.2010443806648254 -0.0430809594690800 -0.0793834179639816
vn -0.8381545894458953 -5.3067907340496152 0.8479685954288357
v 0.3152239322662354 -0.0720024332404137 -0.0867142230272293
vn 0.0843804127764816 -5.9484881630194266 -0.2219411494043456
v 0.3375175595283508 -0.0753163471817970 -0.0832998603582382
vn -0.1944437771626356 6.0757421703259027 -1.5027786503594227
v 0.3493673503398895 0.3943562805652618 -0.0791826024651527
vn 1.0280583532353833 -6.0195727382601145 -0.2691203159341694
v 0.3674432635307312 -0.0725045353174210 -0.0914340540766716
vn -1.1431159522602674 5.4874729424225341 -2.6727888295946447
v 0.3965655863285065 0.3995782136917114 -0.0795842930674553
vn -1.3622929917332585 5.1013213038621128 -3.3000411225503425
v 0.4185579419136047 0.4022896289825439 -0.0836011096835136
vn 1.7778695940129710 -5.7891893506910570 -1.6223446211807708
v 0.4157461524009705 -0.0655754357576370 -0.0789817199110985
vn 2.3278624153035450 -5.3697998732175796 -2.2732622783929846
v 0.4486844837665558 -0.0531231388449669 -0.0793834179639816
vn 2.5801157792434362 -5.2065331938097481 -2.2948497320115848
v 0.4717814922332764 -0.0405704155564308 -0.0812914445996284
vn 2.4703866253807729 -5.0030466779562541 -2.8850507291317844
v 0.4894557297229767 -0.0361518561840057 -0.0748644620180130
vn 2.2810680771110845 -5.1510710961337471 -2.7268558472919171
v 0.5065274238586426 -0.0244025103747845 -0.0793834179639816
vn 1.9861007243645699 -5.2549843936705756 -2.8068767819188043
v 0.5279172658920288 -0.0165696106851101 -0.0789817199110985
vn 2.2201201173871086 -5.1817537833572596 -2.7320395032689975
v 0.5498092174530029 -0.0090379780158401 -0.0788813456892967
vn -1.5720197126346727 4.1958971934562186 -4.3342256664285728
v 0.5748142004013062 0.4517975449562073 -0.0817935243248940
vn 2.7512489532717810 -4.6739068511199076 -3.0412487131872674
v 0.5633661150932312 0.0027113691903651 -0.0886222571134567
vn 3.6298619405628729 -3.9555072574653329 -2.8753893245862550
v 0.5880699157714844 0.0148624042049050 -0.0823960900306702
vn -1.4488442735310452 4.1209818978685568 -4.4236224938920685
v 0.6202049255371094 0.4747941493988037 -0.0753665417432785
vn -1.2675144318994067 3.9242250753069214 -4.6657138029918528
v 0.6033340096473694 0.4624422490596771 -0.0811910107731819
vn 4.5229270707804581 -1.4530712929674405 -4.0187207624810508
v 0.6212090849876404 0.0654749795794487 -0.0767724364995956
vn -1.3120816647725151 3.7240375716740228 -4.8112708716301089
v 0.6410925984382629 0.4775055348873138 -0.0792829766869545
vn 3.9372836058738838 -1.0624750062574098 -4.7605023016900399
v 0.6210082173347473 0.0889736711978912 -0.0817935243248940
vn -0.9387062135518109 3.6753410690947850 -4.9418097706119388
v 0.6598715186119080 0.4841333627700806 -0.0787809044122696
vn 2.3514999610980043 -2.7718463308116608 -5.1082433234947491
v 0.6574613451957703 0.1506326347589493 -0.0791826024651527
vn 2.9942573959017471 -1.6472272447875291 -5.2516572784284419
v 0.6355693936347961 0.1324563026428223 -0.0826973468065262
vn 2.4048238540243156 -3.0056881463114067 -4.9013979279722868
v 0.6839727163314819 0.1671018153429031 -0.0786804705858231
vn -1.3782117967166050 3.8242666533038596 -4.6260390281421975
v 0.7009440064430237 0.4898573756217957 -0.0773750096559525
vn 3.7343249304502590 -3.5454836678973281 -3.3236736142050427
v 0.7265515327453613 0.2398071736097336 -0.0769733116030693
vn -2.1435060765193392 5.2836679448705910 0.3305669930601194
v 0.7589877843856812 0.5346455574035645 -0.0852078869938850
vn 1.2663520079142709 -4.3292180994399621 -4.1867373968779544
v 0.7659168839454651 0.2592889964580536 -0.0729564353823662
vn 2.4589535919831969 -3.9965621203844268 -4.1263837915568544
v 0.7820847630500793 0.2752560675144196 -0.0831994786858559
vn 2.1983254945829671 -3.7601598719837810 -4.3921909725497192
v 0.8083952665328979 0.2798754870891571 -0.0750652849674225
vn 4.0425035915680221 0.8204421071262177 -4.4894215777124300
v 0.7968468070030212 0.4609359502792358 -0.0772745683789253
vn 3.3206557521689084 1.8898912755345667 -4.9579467629969365
v 0.8064872622489929 0.4408515691757202 -0.0780779570341110
vn 2.6383461694496702 2.2106453573554212 -5.2271387400796332
v 0.8274754285812378 0.4305081069469452 -0.0718517899513245
vn 1.6465236749937979 -2.0242010511195714 -5.5524967564255459
v 0.8296847343444824 0.2864028811454773 -0.0703454539179802
vn 2.7515255122936817 2.1129871366672428 -5.1889219847932004
v 0.8405302762985229 0.4098212420940399 -0.0737598240375519
vn 3.1914308245927323 -0.7217819712061337 -5.3363932710816941
v 0.8287808895111084 0.3078931272029877 -0.0757682323455811
vn 3.0805174643934978 -0.2606495096225770 -4.3437477329274401
v 0.8549910187721252 0.3922474384307861 -0.0734585672616959
vn 4.2264622543488155 -0.6373404217507652 -3.9431024612578365
v 0.8384214043617249 0.3586061298847198 -0.0824965313076973
vn -1.4754842468109091 0.0209523588678697 -5.9911766311701147
v -0.8786905407905579 0.2076722085475922 -0.0808897539973259
vn -0.7898172931568870 -0.8492286276675611 -6.1520363346614042
v -0.8711588978767395 0.1890941858291626 -0.0799859315156937
vn -1.9199960583754900 1.1527981709811477 -5.7932831306253032
v -0.8660373687744141 0.2346856594085693 -0.0814922675490379
vn -1.9543370282001717 1.4860558998506286 -5.7218909175464185
v -0.8558947443962097 0.2516569495201111 -0.0807893127202988
vn 0.4908236033353861 -1.6890514438502666 -5.8700237944114466
v -0.8511749505996704 0.1854790002107620 -0.0808897539973259
vn 0.1413327729529295 -1.1311318611103343 -6.1085429711793768
v -0.8442459106445312 0.2042578756809235 -0.0840028077363968
vn -1.7405941446210842 1.3575781032216050 -5.7716886321144472
v -0.8274754285812378 0.2747539579868317 -0.0849066302180290
vn -2.0347765045770578 1.9454773359200419 -5.5993572713682136
v -0.7995581626892090 0.3174332082271576 -0.0810905694961548
vn -2.0203433773233832 1.9391806750317211 -5.6103713273100926
v -0.7783691883087158 0.3307892978191376 -0.0841032490134239
vn -0.9248191126751084 1.8862196461309144 -5.8519737024406480
v -0.7284595966339111 0.3679453432559967 -0.0855091437697411
vn -0.3410347858288840 2.1559779002266968 -5.8443583188309294
v -0.6968266963958740 0.3829081952571869 -0.0831994786858559
vn 1.1514333873086122 -1.2786321755260526 -5.9869904564896128
v -0.7207270860671997 0.2868045568466187 -0.0870154798030853
vn 1.6842607227219248 -1.9284829559516796 -5.7276471122945587
v -0.7004418373107910 0.2796746194362640 -0.0792829766869545
vn 0.8918175275629929 -0.8448500935572377 -6.0958660867382060
v -0.7069692611694336 0.3090982139110565 -0.0888230726122856
vn 1.7175830726306602 -1.6448064927662354 -5.7981165329520863
v -0.6862824559211731 0.2984535098075867 -0.0811910107731819
vn 0.2972442166316426 1.4465838073415334 -5.9956657768944792
v -0.6763406395912170 0.3831090331077576 -0.0834002941846848
vn 1.2742771769852899 -0.6829403181060361 -6.0132376711373876
v -0.6886925697326660 0.3208475410938263 -0.0874171778559685
vn 1.6871558874477428 -0.6287561286819633 -5.9219496719652316
v -0.6650934219360352 0.3399277031421661 -0.0834002941846848
vn 0.3770753277754928 1.2581595224830822 -6.0558422427226244
v -0.6510343551635742 0.3926491141319275 -0.0796846747398376
vn 1.3132922835635559 -0.1878405817775159 -6.0778227704691190
v -0.6475195884704590 0.3720626533031464 -0.0806889384984970
vn 0.8192903414535502 0.2134665220275842 -6.2231273817183155
v -0.6772444844245911 0.3597107827663422 -0.0850070714950562
vn -5.6125769577424869 1.5470544215731401 1.8880376381574981
v -0.5473991036415100 0.3081944286823273 -0.0880196839570999
vn -5.6658680519134625 1.1267166190369537 2.1908738038051614
v -0.5523197650909424 0.2873066663742065 -0.0897268429398537
vn -4.7203512731721240 -0.4982832193029435 4.1072958372150863
v -0.5535248517990112 0.2173127084970474 -0.0849066302180290
vn -4.2108888798854736 -1.0135630798510988 4.5222718716212054
v -0.5506126284599304 0.1807591766119003 -0.0882205665111542
vn -5.0362025662007035 3.3851189557277923 -0.9409846358151748
v -0.5202852487564087 0.3726651966571808 -0.0918357446789742
vn -2.9241328014434158 -1.0620100894342703 5.4505281018379490
v -0.5262100696563721 0.1290419697761536 -0.0840028077363968
vn -3.1043730546715462 -0.5604866017553268 5.4203508703009158
v -0.5359510183334351 0.1120706796646118 -0.0914340540766716
vn -2.3994005518774522 -0.3997699345354224 5.7840862668899167
v -0.5094397068023682 0.0913837999105453 -0.0804880633950233
vn -2.4198452617131467 0.0983561228268936 5.7795007465803074
v -0.5178750753402710 0.0701948031783104 -0.0845049396157265
vn -1.6536699260122687 -0.2123144768265963 6.0220274231432702
v -0.5159671306610107 0.0255071111023426 -0.0831994786858559
vn -0.8604882642300651 -0.7825942118091165 6.1434291622171262
v -0.4980919957160950 0.0160674639046192 -0.0804880633950233
vn -1.5923853523208300 -0.4820519641156017 5.9814864032887733
v -0.5256075859069824 -0.0008033929625526 -0.0875176116824150
vn 0.1781456896302288 -1.7071025611167379 5.9668610537492857
v -0.4946776926517487 -0.0110464142635465 -0.0858104005455971
vn -2.7373127309081431 4.9041508475534394 -2.6250157795964668
v -0.4883510768413544 0.3998794853687286 -0.0886222571134567
vn 1.0765162529857228 -2.3721236993462362 5.6872601962036820
v -0.4696726500988007 -0.0133561147376895 -0.0901285335421562
vn 1.2974632732124742 -2.4756901608810544 5.5899353277810810
v -0.4510946273803711 -0.0010042366338894 -0.0888230726122856
vn 1.4402525886535207 -2.3149913773501485 5.6274040602135393
v -0.4323157370090485 0.0229965671896935 -0.0828981623053551
vn -1.3310955289455300 5.7592719166979549 -2.1169800698889860
v -0.4111267626285553 0.4260895848274231 -0.0971580892801285
vn 1.9879006155814383 -2.6083762501958603 5.3506414735831820
v -0.4093191623687744 0.0228961464017630 -0.0907311066985130
vn 1.8131225233313977 -2.5326834618862213 5.4358233172500503
v -0.3982727527618408 0.0519180372357368 -0.0805884972214699
vn 2.3035976240978857 -3.1516570778628141 4.9151819962462930
v -0.3575015366077423 0.0711990147829056 -0.0878188684582710
vn -0.0664869740491927 5.9445776202103460 -2.0045834034751238
v -0.3380196988582611 0.4387427270412445 -0.0908314809203148
vn 0.7130418441115955 5.6993961997067366 -2.3661134375958586
v -0.2814822196960449 0.4378389120101929 -0.0904298499226570
vn 1.4115680531676416 5.2083808406622314 -3.2133700590623144
v -0.2145009189844131 0.4205663502216339 -0.0929403901100159
vn -1.6498308839049167 -3.5322674226379518 -4.8814012828654167
v -0.2090781480073929 0.0697931200265884 -0.0880196839570999
vn -1.6947117320469949 -3.6247368925822445 -4.7826204744144114
v -0.1849769055843353 0.0549306906759739 -0.0855091437697411
vn 1.2065207197879588 5.2037754934492657 -3.3049716635115640
v -0.1882908344268799 0.4164490699768066 -0.0888230726122856
vn 0.6845835780449024 5.3393711128812846 -3.2358229027130321
v -0.1308495700359344 0.4056035280227661 -0.0895260199904442
vn 0.8114959745856353 5.5663110051691884 -2.7662470403603843
v -0.0720024183392525 0.3996786475181580 -0.0862120911478996
vn -1.6447750808343595 -4.8962865464038785 -3.4712157432453168
v -0.0086362762376666 -0.0230970270931721 -0.0918357446789742
vn 1.0841499776846071 5.7447053003611339 -2.1902846406338612
v 0.0099417520686984 0.3863225281238556 -0.0889235138893127
vn -0.5444164049589457 -5.3688262149149519 -3.1754420114862030
v 0.0481020249426365 -0.0360514372587204 -0.0887226387858391
vn 1.0932101061593440 5.6714734570598102 -2.4512997143743176
v 0.0307290572673082 0.3779875636100769 -0.0974593460559845
vn 0.2018676671996863 -4.5436741008820780 -4.3282772826649367
v 0.1374773979187012 -0.0398674644529819 -0.0850070714950562
vn -0.8401093380795419 5.6719493940540717 -2.5559143167374647
v 0.1564571112394333 0.3730668723583221 -0.0943462923169136
vn 0.3189818262083290 -4.2636623157329518 -4.5993029457080494
v 0.1610765308141708 -0.0378590300679207 -0.0856095850467682
vn -1.1172674133225533 5.7463999964973116 -2.2651787286101768
v 0.1892950534820557 0.3796947002410889 -0.0931412056088448
vn -1.0277722787653916 5.9061618918296910 -1.7861681269762597
v 0.2106848657131195 0.3857200145721436 -0.0887226387858391
vn -2.4096901548485441 -3.9490809934949036 -1.1143861138216624
v 0.2420164793729782 -0.0406708382070065 -0.0871159210801125
vn -0.6838696207174216 6.0757889082151930 -1.3938218253279540
v 0.2382004410028458 0.3890339136123657 -0.0911327973008156
vn -0.2193585440216949 6.1670125299892105 -1.0901627237161580
v 0.2681261301040649 0.3923478424549103 -0.0862120911478996
vn -2.1444201264765392 -4.1626150413819172 1.1133839166476847
v 0.2728459537029266 -0.0573408529162407 -0.0895260199904442
vn 2.4482126655732790 -5.5247465092211048 -1.3134111393806072
v 0.4340229034423828 -0.0532235577702522 -0.0928399562835693
vn -1.3818033341359495 4.6073429754583337 -3.9852623182309181
v 0.4423578977584839 0.4029925763607025 -0.0912331789731979
vn -1.3569366281675264 4.6046396188629908 -4.0066272475886437
v 0.4759992063045502 0.4122313857078552 -0.0916348695755005
vn 2.7314805654899983 -5.2775579736454885 -1.5556367356566727
v 0.4891544580459595 -0.0254067275673151 -0.0940450355410576
vn -1.2313306089943321 4.5187927342285192 -4.1394733937502410
v 0.5216911435127258 0.4284996986389160 -0.0879192501306534
vn 2.5672829630185445 -5.3259244342727285 -2.0291503001008695
v 0.5145611763000488 -0.0136573789641261 -0.0961538851261139
vn -1.3343939280599020 4.3840584938545337 -4.2737981853683165
v 0.5470978021621704 0.4376380741596222 -0.0854087024927139
vn 4.2930249290984328 -1.9480689136126010 -3.9744300584905483
v 0.6036352515220642 0.0441855601966381 -0.0885218158364296
vn -0.6805630875553590 2.8090186301945610 -5.5371057905620109
v 0.6341634988784790 0.4485840499401093 -0.0956517532467842
vn -0.4720308028147779 3.4472279297262212 -5.2230270714788025
v 0.6788511872291565 0.4766017198562622 -0.0856095850467682
vn 3.0065146483438556 -2.1851919435609419 -4.9220940189027145
v 0.6966258883476257 0.1907009333372116 -0.0854087024927139
vn -4.3311089758841659 3.4434843217461846 -2.7732618234322750
v 0.7206266522407532 0.4956818521022797 -0.0890238881111145
vn -3.0604564005196431 3.0540452792631170 -4.1478763440380053
v 0.7106848955154419 0.4769029915332794 -0.0907311066985130
vn 2.9712826432607242 -3.1894410415192715 -4.3645212504222926
v 0.7090781331062317 0.2394054979085922 -0.0940450355410576
vn -4.3331815908486524 4.1991449358485449 -1.1786631322218830
v 0.7350873947143555 0.5153644680976868 -0.0882205665111542
vn 2.8459897710925941 -4.7459472831842486 -2.9112041001429882
v 0.7487447261810303 0.2664189338684082 -0.0949487984180450
vn -1.8846650038505266 5.1864834860587443 -0.0858358890409391
v 0.7859007716178894 0.5457922816276550 -0.1013757809996605
vn 0.7193835651150436 4.6045555857847225 3.1394325003251184
v 0.8042779564857483 0.5422775149345398 -0.0849066302180290
vn 5.0148261456267225 -2.8401897280328239 -1.1536665058051914
v 0.7921269536018372 0.4913637340068817 -0.0934424623847008
vn 5.1328470823538366 -1.1843987307304018 -2.1472372540670364
v 0.7849970459938049 0.4724844396114349 -0.0909319221973419
vn 3.1559857639343551 0.6924221098343161 2.3701962681116937
v 0.8237597942352295 0.5351476073265076 -0.0880196839570999
vn 2.6370725328062257 1.7465922368140925 -5.3994800448939522
v 0.8154247999191284 0.4135368466377258 -0.0821952149271965
vn 3.0632007659534106 -1.6602446491711818 -5.1904833155001118
v 0.8110062479972839 0.3005623519420624 -0.0842036828398705
vn 3.4539809655337534 -1.1993508121594689 -5.0868532624913723
v 0.8214501142501831 0.3276762366294861 -0.0834002941846848
vn 3.3326124616785009 0.1615946985035529 -4.6245618562124076
v 0.8390239477157593 0.3845149576663971 -0.0832998603582382
vn -0.8370267714940269 0.0931033993029828 -6.1447118912866383
v -0.8452500700950623 0.2302671074867249 -0.0866137892007828
vn -0.7745761014885414 0.2177119145431654 -6.1502338972332398
v -0.8246636390686035 0.2479413449764252 -0.0887226387858391
vn 0.5165270712789534 -1.1966316433765805 -6.0502110952504617
v -0.8123117089271545 0.2278569936752319 -0.0875176116824150
vn -0.5645740932910558 0.3616433696140899 -6.1679101436048311
v -0.7993573546409607 0.2714400291442871 -0.0903294086456299
vn -1.0982090974711747 0.7392295773780768 -6.0245746370169346
v -0.7845953106880188 0.3020686805248260 -0.0900281593203545
vn 0.5137194821131030 -0.9879368616213275 -6.1216455295995118
v -0.7958425879478455 0.2467362880706787 -0.0889235138893127
vn 0.5707661396825425 -1.0624135338683622 -6.0686647521751587
v -0.7716409564018250 0.2620004117488861 -0.0897268429398537
vn -0.9278185287270105 1.1343656636175699 -5.9449893045648832
v -0.7581843733787537 0.3314922451972961 -0.0905302315950394
vn 0.1611685780008428 -0.1953818130981934 -6.2485142042823867
v -0.7522595524787903 0.2985539138317108 -0.0915344357490540
vn 0.8961574575689798 -1.2288521000115562 -6.0169413374095555
v -0.7463346123695374 0.2749547958374023 -0.0892247706651688
vn -0.5664365039439505 1.0867957660698109 -6.0665055437772040
v -0.7381000518798828 0.3455512821674347 -0.0897268429398537
vn 0.2751506514497615 -0.0916062833530333 -6.2561783761654253
v -0.7345852851867676 0.3161277472972870 -0.0911327973008156
vn 0.1591111228402601 0.8876999567511669 -6.1471711914757892
v -0.7040570378303528 0.3632255196571350 -0.0881201252341270
vn 0.4942045300197095 0.1484190260063236 -6.2486163320143611
v -0.7063667774200439 0.3391243219375610 -0.0893252044916153
vn -5.7092266130546019 0.9595584415338309 2.0838949213632811
v -0.5633661150932312 0.2549708783626556 -0.1015766635537148
vn -5.4059424478251055 0.3341456195297066 2.8057519204743038
v -0.5652741789817810 0.2295641601085663 -0.0982627347111702
vn -5.7673547976968083 2.3482143362139118 0.3373050348506423
v -0.5421771407127380 0.3266720175743103 -0.0979614779353142
vn -3.7223042312256718 -0.8965916481818983 4.9707292639890994
v -0.5490058660507202 0.1348664164543152 -0.0973589047789574
vn -5.2743530699529648 2.8925369991446708 -0.8401296627641770
v -0.5321350097656250 0.3508736491203308 -0.1048905327916145
vn -3.5062235142178575 0.3926535888420049 5.1246868520113953
v -0.5534244179725647 0.0125527037307620 -0.1004720181226730
vn -2.7477955981285835 0.1107904630378722 5.5872776523784875
v -0.5361518859863281 0.0336412750184536 -0.0905302315950394
vn -2.0467600510096386 -0.1440323839813844 5.8354800149703596
v -0.5451898574829102 -0.0216911230236292 -0.0941454172134399
vn -0.8009462418336715 -0.9537318940245856 6.1436458844869408
v -0.5263105034828186 -0.0215907003730536 -0.0904298499226570
vn -0.2472354891172568 -1.7149892862030935 5.8962404838112281
v -0.5357502102851868 -0.0488050021231174 -0.0958525687456131
vn -3.5089956410209773 0.1088433161795322 5.1804962201479974
v -0.5433822274208069 0.0771239027380943 -0.0984635502099991
vn -2.8320537060068665 0.4098607565843970 5.5451429667350194
v -0.5340430140495300 0.0584454573690891 -0.0908314809203148
vn 0.4400948860411711 -2.0130693671208366 5.8194669801462044
v -0.5096405148506165 -0.0353484824299812 -0.0920365676283836
vn -3.3367043855558962 4.8229617584946469 -2.0842727818628886
v -0.4970877766609192 0.3902390003204346 -0.1036855056881905
vn 1.3314848676879840 -2.8748124131698116 5.3965767828925202
v -0.4812211394309998 -0.0367543883621693 -0.0987648069858551
vn -2.1233689421232218 5.6674610595149391 -1.6726521603321662
v -0.4507933557033539 0.4143402278423309 -0.0985639840364456
vn 1.9797993565975915 -2.8971524697249498 5.1936866729760194
v -0.4225748181343079 -0.0024101415183395 -0.0986644253134727
vn 2.4831266487973145 -2.7669813991042695 5.0559420063686389
v -0.3815023303031921 0.0395661592483521 -0.0941454172134399
vn -0.5794260301010190 5.9014627057901006 -1.9689223029943914
v -0.3662382364273071 0.4333199560642242 -0.1052922233939171
vn 2.4179060681219364 -4.2055831640858736 3.8590573297959052
v -0.3264711797237396 0.0802369788289070 -0.0977605953812599
vn 0.2323024583631383 5.7778121150570509 -2.4180992353908324
v -0.3073910474777222 0.4361317455768585 -0.0974593460559845
vn 0.8021112279167077 -4.4174411972170802 -2.1162121411534640
v -0.2814822196960449 0.1080538108944893 -0.0912331789731979
vn -1.2911862419840103 -3.9336693048295412 -4.6859892447961373
v -0.2600924074649811 0.1005221754312515 -0.0912331789731979
vn 1.3139146154299102 5.2557020183941745 -3.1364944712761069
v -0.2442257553339005 0.4259891211986542 -0.0982627347111702
vn -1.6407852801157423 -3.2692444606777813 -5.0941264769932069
v -0.2288612276315689 0.0876681879162788 -0.0931412056088448
vn 0.9158254388961397 4.9106410578234030 -3.7901010059815250
v -0.1685077399015427 0.4014862179756165 -0.1044888943433762
vn -1.6700484506720805 -3.2632737366843494 -5.0965302102451728
v -0.1473187506198883 0.0498091839253902 -0.0932416468858719
vn -1.5065069038928685 -2.9700149865964609 -5.3265827733581492
v -0.1607752591371536 0.0723036602139473 -0.1019783541560173
vn -1.7804470230722382 -3.4533792604042435 -4.9240653433010548
v -0.1264310181140900 0.0348463356494904 -0.0908314809203148
vn 0.5944523140943676 5.1078438273086011 -3.5723580148740539
v -0.1099618524312973 0.3934524953365326 -0.1051918491721153
vn -2.0954610411944672 -3.4283443772515101 -4.8273585611295839
v -0.1004217863082886 0.0333400107920170 -0.0992669388651848
vn -2.1600232441036855 -3.6362888243416647 -4.6339312755040938
v -0.0845551416277885 0.0135569209232926 -0.0924382582306862
vn 0.6648451014936423 5.1928497224403261 -3.4051588221457099
v -0.0838521942496300 0.3911428153514862 -0.1046897172927856
vn -2.0541432318900905 -3.9417277167541700 -4.4304406103728766
v -0.0650733113288879 0.0036151651293039 -0.0929403901100159
vn 0.6307792508637873 5.5217775615128177 -2.9065048761091488
v -0.0364531092345715 0.3890339136123657 -0.0978610366582870
vn -2.0227769081234950 -4.2327763612249774 -4.1708664238032815
v -0.0392649210989475 -0.0031130935531110 -0.0989656820893288
vn 0.8607318786365442 5.4700021132094783 -2.8998193795459968
v -0.0079333269968629 0.3841132819652557 -0.1000703200697899
vn -0.9783500106698183 -5.0580454971227091 -3.4780686651340362
v 0.0219923630356789 -0.0276160072535276 -0.0974593460559845
vn 0.8247309311486020 5.6212657710350182 -2.6563361419173006
v 0.0574412494897842 0.3718618154525757 -0.1003715768456459
vn 0.4903609682746441 5.8006046319321420 -2.3548978700127980
v 0.0859610363841057 0.3697529435157776 -0.0977605953812599
vn -0.1407147126650842 5.7102586440556564 -2.6011285603694914
v 0.1234183534979820 0.3680458068847656 -0.0986644253134727
vn 0.4073440470338268 -4.4990558646701864 -4.3552976833471053
v 0.1234183534979820 -0.0298252850770950 -0.0967563912272453
vn 0.5449579787121061 -4.2343700170686844 -4.6082123521325817
v 0.1446073502302170 -0.0218919664621353 -0.1017774790525436
vn 0.4660622839021669 -4.0803430199969304 -4.7527495664070463
v 0.1736292392015457 -0.0243020877242088 -0.0959530025720596
vn -1.2842464396302273 -4.5819143082749232 -2.0779138517433329
v 0.2070696800947189 -0.0202852170914412 -0.0966559574007988
vn -3.3109409928838236 -3.7571676575160922 1.3239976442512751
v 0.2299658507108688 -0.0305282380431890 -0.1008737087249756
vn 0.1079990399601512 6.0885560179446188 -1.4918063792255341
v 0.2928298711776733 0.3896364569664001 -0.0996686294674873
vn -1.4578237776997187 -4.0963742003676087 3.3785332110940529
v 0.2882104814052582 -0.0701948404312134 -0.0967563912272453
vn 0.2347354485133312 6.0041125835991105 -1.7987571267257034
v 0.3304880559444427 0.3883309662342072 -0.0975597798824310
vn 0.2827357612508019 5.5734341193718118 -2.7643718460633315
v 0.3658365011215210 0.3879292905330658 -0.0981622934341431
vn 0.0633146330733449 5.2086877096470818 -3.4707690710989536
v 0.3870255053043365 0.3837115764617920 -0.1008737087249756
vn 1.6631604720611379 -6.0028333381178376 -0.3528639721259571
v 0.3972685337066650 -0.0662783905863762 -0.1007732748985291
vn -0.7246430818620796 4.8275505266202288 -3.9495994299295791
v 0.4058043956756592 0.3863225281238556 -0.0998694449663162
vn 2.4724030046571581 -5.7423477090891808 -0.5480167714093906
v 0.4221731424331665 -0.0576421171426773 -0.1097107976675034
vn 2.6148578103973801 -5.5774494875831016 -1.0610420594106487
v 0.4535047113895416 -0.0436834879219532 -0.1003715768456459
vn 2.9755063659099505 -5.4546419358631457 -0.8585836349641440
v 0.4721831977367401 -0.0338421575725079 -0.1051918491721153
vn -1.0681833199063990 4.2582226608906550 -4.4333541595349928
v 0.5048202276229858 0.4142398238182068 -0.0984635502099991
vn 2.7416290153384439 -4.5651790368636593 -3.2271597119645885
v 0.5409720540046692 0.0031130563002080 -0.1061960533261299
vn -0.6966323023787122 3.5310438028840894 -5.0715827991194020
v 0.5553323626518250 0.4213697314262390 -0.1020787358283997
vn -0.7370862859521676 3.2939551010884136 -5.2510172358193188
v 0.5787306427955627 0.4303072690963745 -0.0991664975881577
vn 3.4326315434753756 -3.3189467157050903 -3.8992731356614918
v 0.5762200951576233 0.0247037373483181 -0.1036855056881905
vn -0.5891356334413943 3.0386597691332238 -5.4545474679114658
v 0.6032336354255676 0.4377384781837463 -0.0972585231065750
vn 4.1959692612263595 -0.6893707004374974 -4.6211145051952593
v 0.6008234620094299 0.0677846744656563 -0.0957521870732307
vn 3.8576313611277246 -0.2641235882532728 -4.9423867426685586
v 0.6013255715370178 0.0901787281036377 -0.0970576480031013
vn 3.1211157614060836 -0.7757111250800285 -5.3913140488605933
v 0.6122716069221497 0.1151837557554245 -0.0922374427318573
vn 2.7007397138257971 -1.1321304916565171 -5.5496904631040831
v 0.6128740906715393 0.1378790736198425 -0.0954509302973747
vn 1.9953638676220029 -1.9817291072360594 -5.6011436259193133
v 0.6258285045623779 0.1620807200670242 -0.0965555757284164
vn -0.8328241688186835 2.8025293337562815 -5.5394000159612702
v 0.6598715186119080 0.4584254026412964 -0.0939445942640305
vn 1.8065603039063380 -2.6729506157880794 -5.3832625872475424
v 0.6590681076049805 0.1762401908636093 -0.0926390737295151
vn -0.9373825831175402 2.9935117271826934 -5.4168357149349378
v 0.6883912086486816 0.4589274823665619 -0.0982627347111702
vn 2.1826073652940488 -2.2644054773579034 -5.3903023142640132
v 0.6802570819854736 0.1998393237590790 -0.0969572141766548
vn 2.9510686392496730 -1.6477627162478861 -5.2376800272983193
v 0.6913034915924072 0.2198232412338257 -0.0985639840364456
vn 2.4881338117483724 -4.8062551731569902 -3.0984890096292572
v 0.7257481813430786 0.2556738257408142 -0.1028821244835854
vn 4.9978352153788386 0.2669168814733155 -3.4182386809057648
v 0.7806788682937622 0.4443663358688354 -0.0992669388651848
vn 4.1231817219129585 1.1701673285618865 -4.4719844098878525
v 0.7866037487983704 0.4219722747802734 -0.0979614779353142
vn 3.4462253663740636 -1.9702278172032019 -4.7251959143976645
v 0.7942358255386353 0.3001606762409210 -0.0956517532467842
vn 3.3930380842274719 1.2890802431240296 -5.0942862899457610
v 0.7970476150512695 0.3952600955963135 -0.0981622934341431
vn 3.3788422598605856 -1.1294655414943895 -5.1403618977166827
v 0.7963446378707886 0.3369150161743164 -0.1001707613468170
vn 2.2516663123843639 1.2911753882199186 -5.7110444473701758
v 0.8201445937156677 0.3834103345870972 -0.0900281593203545
vn 2.9404330993931991 -0.4816950563635042 -5.4159905013402909
v 0.8116087913513184 0.3568989932537079 -0.0974593460559845
vn -5.3660975496542953 -0.3453479789068331 2.7657145055574404
v -0.5706969499588013 0.1949186474084854 -0.1076019480824471
vn -5.1388187801647787 -0.6747261942076364 3.2766444971478905
v -0.5655754208564758 0.1667001247406006 -0.1054930984973907
vn -1.3026432979420199 -0.7450186225787443 5.8494294534761604
v -0.5808395743370056 -0.0773247852921486 -0.1064973026514053
vn -1.7132432739691432 -0.3146423438610602 5.9290270425973652
v -0.5591484308242798 -0.0462944582104683 -0.0995681881904602
vn -3.1426955310937448 0.9420478691624432 5.2544504908811556
v -0.5785298347473145 -0.0498092211782932 -0.1075015142560005
vn 0.4183512869764197 -2.3920255818339458 5.6257707074384173
v -0.5545290708541870 -0.0766218304634094 -0.1052922233939171
vn -5.7276118353745362 2.0705430080733764 -0.4035275352401669
v -0.5528218150138855 0.3016670048236847 -0.1141293719410896
vn -4.8934308527677191 -0.6984550323133223 3.5464924278897429
v -0.5640690922737122 0.1474191397428513 -0.1070998162031174
vn -3.3224021453305230 0.6622622340728330 5.2708612004559185
v -0.5631653070449829 -0.0170717220753431 -0.1041875779628754
vn -4.2910189052473253 -0.4923802970563093 4.4511762869218936
v -0.5534244179725647 0.1033339872956276 -0.1040872037410736
vn -4.2373555064479946 0.4448147354797332 4.4628204864375958
v -0.5542278289794922 0.0502108708024025 -0.1033842563629150
vn 1.2422709491680204 -3.3907138716385345 5.0669467240176500
v -0.5288210511207581 -0.0783289968967438 -0.1111166998744011
vn 1.0154978765336033 -2.9785905406622954 5.4051428834817923
v -0.5169712901115417 -0.0592488646507263 -0.1027816832065582
vn -4.1638740428243093 3.9428817214139942 -2.2564790016490117
v -0.5128539800643921 0.3715605437755585 -0.1157360896468163
vn 1.3439184128277346 -3.0601771640663071 5.3012942020400002
v -0.4980919957160950 -0.0480016283690929 -0.1007732748985291
vn 1.7996496007129488 -3.1711616863875891 5.0652943011226590
v -0.4600321650505066 -0.0340429991483688 -0.1030829399824142
vn -2.3885116797317507 5.3410192753552295 -2.1484985166217374
v -0.4589275121688843 0.4063065052032471 -0.1150331348180771
vn 2.0021001008240851 -3.2145611609696649 4.9945384263650965
v -0.4394457042217255 -0.0249046199023724 -0.1056939214468002
vn -1.6001370045306622 5.7675502277635005 -1.8724274873949867
v -0.4318136274814606 0.4180558025836945 -0.1073006913065910
vn 2.4800689393172579 -2.8236560966952000 5.0141176853944112
v -0.3896364867687225 0.0164691526442766 -0.1022796109318733
vn 2.7245188438987844 -3.3521708030564756 4.4929749754747741
v -0.3956617712974548 -0.0074312305077910 -0.1139284968376160
vn -1.2418580964625339 5.7884429982639025 -2.0819062801933694
v -0.3853183686733246 0.4280980229377747 -0.1098112389445305
vn 2.6906814127455330 -3.1773119127765055 4.7030060285425348
v -0.3452500700950623 0.0600522011518478 -0.1013757809996605
vn 3.6807069263969012 -3.9752309890964415 3.1091757474028809
v -0.3054830431938171 0.0812411978840828 -0.1145310625433922
vn 3.5647026184824049 -4.6393476396671653 2.0244829512312705
v -0.2867041826248169 0.1011247113347054 -0.1109158769249916
vn 1.2288599669229767 -4.7920821619442080 -0.6327173716899733
v -0.2670215070247650 0.1159871295094490 -0.1070998162031174
vn 1.0591760148707334 5.0865253074604482 -3.4117201199520619
v -0.2747539877891541 0.4265916645526886 -0.1095099821686745
vn -0.9762589183963860 -4.2385272273978778 -4.2720385236519469
v -0.2438240647315979 0.1102630868554115 -0.1022796109318733
vn 1.4258324724495071 4.6959465845960038 -3.8761374133468904
v -0.2250451892614365 0.4114279747009277 -0.1113175749778748
vn -0.9088494600837647 -3.5718523575289547 -5.0276771401033473
v -0.2161076664924622 0.1094597131013870 -0.1089074090123177
vn -1.3586013018978276 -3.0057717728288735 -5.3457110155521050
v -0.2085760384798050 0.0904799997806549 -0.1002711430191994
vn 1.2776434915255912 4.7526192154384663 -3.8757930740361166
v -0.1956216245889664 0.4056035280227661 -0.1075015142560005
vn -1.3388119726314145 -2.9968807200477792 -5.3559530976167524
v -0.1870857775211334 0.0816428884863853 -0.1006728336215019
vn 0.7142583666184540 4.9926551720428485 -3.7184734892693205
v -0.1496284455060959 0.3981723189353943 -0.1052922233939171
vn 0.5679815172098046 4.9679645723419545 -3.7871691534389864
v -0.1302470415830612 0.3933520615100861 -0.1081040799617767
vn -1.9282088250301499 -3.0897291292549367 -5.1148810094509090
v -0.1201044395565987 0.0536252073943615 -0.1042880192399025
vn -2.3680372571936186 -3.5786598162896199 -4.5816104399977888
v -0.0721028447151184 0.0263104867190123 -0.1072002574801445
vn 0.5107670254828142 4.9593761807562613 -3.7884766337592146
v -0.0666800662875175 0.3806989490985870 -0.1160373985767365
vn -2.3810725509437392 -3.8078742898697322 -4.3918787335314802
v -0.0537256523966789 0.0149628259241581 -0.1080036461353302
vn -1.9961792792153972 -4.3276201974166479 -4.0939893708180692
v -0.0174733921885490 -0.0035147808957845 -0.1087065935134888
vn -1.6136689204948911 -4.4845749074423242 -4.0622847958986226
v 0.0011046357685700 -0.0128540061414242 -0.1080036461353302
vn 0.6584596488717143 5.2133973689504503 -3.3499759177166188
v 0.0103434380143881 0.3744727671146393 -0.1124222129583359
vn -0.2262895623876646 -4.7144444155640786 -4.0831663056963867
v 0.0574412494897842 -0.0227957628667355 -0.1087065935134888
vn 0.3258773334493369 -4.5627672696560948 -4.2744033558480856
v 0.0857601985335350 -0.0223940741270781 -0.1082044616341591
vn 0.4389853933389746 -4.4242159015123512 -4.4165536877680509
v 0.1051415950059891 -0.0214902795851231 -0.1073006913065910
vn -1.0874202542015681 5.2588661591808563 -3.1972661520884471
v 0.1717212349176407 0.3654348254203796 -0.1163386553525925
vn -0.6859963147407855 -4.1440499721993218 -4.3878688293138950
v 0.1732275485992432 -0.0054227947257459 -0.1125225946307182
vn -1.2153416042117180 5.2776088990334786 -3.1077471938373820
v 0.2116890996694565 0.3736694157123566 -0.1177445575594902
vn -0.9715129170518206 5.5898560711766612 -2.4942993178976787
v 0.2316730320453644 0.3833099007606506 -0.1084053367376328
vn -3.7611382019189055 -2.3247790964695905 4.2924088300235717
v 0.2339827269315720 -0.0498092211782932 -0.1085057184100151
vn -2.5712183905821484 -2.5561603596365612 5.0518427610287659
v 0.2525607645511627 -0.0684876739978790 -0.1057943552732468
vn -0.5208421943615124 5.8506240945997723 -2.0469883157234423
v 0.2620004117488861 0.3871259093284607 -0.1078027635812759
vn -1.4688812241840168 -2.1554977416480501 5.6742853483631137
v 0.2645109295845032 -0.0863627418875694 -0.1075015142560005
vn -0.4588247322241035 -2.7771612667290073 5.5528110326466793
v 0.2929303348064423 -0.0875678062438965 -0.1046897172927856
vn 1.2446201140607307 -4.4989708380067688 3.9465087347553061
v 0.3233581185340881 -0.0868648514151573 -0.1062964871525764
vn 1.7944781456861283 -5.7332512584374040 1.7493210974383431
v 0.3556939363479614 -0.0797349065542221 -0.1119200810790062
vn -0.7627937399994629 4.4052841615935074 -4.3932800521519555
v 0.4247841238975525 0.3831090331077576 -0.1073006913065910
vn -1.0755476674748830 4.1091401383967190 -4.6147039150607396
v 0.4500903785228729 0.3887326717376709 -0.1074010729789734
vn -0.8702250346590499 3.6422793258431772 -4.9977721352358300
v 0.4908616244792938 0.3966659903526306 -0.1099116727709770
vn 3.0269283872276804 -5.1114552896481591 -1.6072310127835407
v 0.5008034110069275 -0.0183772034943104 -0.1121209040284157
vn -0.5548081816226649 3.3950626925201144 -5.1994072789698551
v 0.5303273797035217 0.4052018523216248 -0.1098112389445305
vn 4.1853594628080364 -1.5181684029266880 -4.3681587999886204
v 0.5844547152519226 0.0451897829771042 -0.1070998162031174
vn 3.0821877951919170 -0.5963382859252526 -5.4272787040717692
v 0.5934926867485046 0.1312512308359146 -0.1042880192399025
vn 2.2672029654068440 -1.2860397838570792 -5.6998544614592586
v 0.6040369272232056 0.1596706062555313 -0.1037858873605728
vn 3.4645158245979379 -0.1458228056810373 -5.2143305683801682
v 0.5951998829841614 0.1101626679301262 -0.1016770377755165
vn -0.1502542657690196 2.1887244063732210 -5.8694444269495198
v 0.6224141120910645 0.4229764938354492 -0.1055934801697731
vn 1.4941166736898397 -1.9101089076503197 -5.7844668812623157
v 0.6092588901519775 0.1888933330774307 -0.1106146201491356
vn -0.3483176279044746 1.8595411150579062 -5.9775590039583086
v 0.6423980593681335 0.4229764938354492 -0.1057943552732468
vn 1.4014028747769869 -2.2451282018207683 -5.6929214932109025
v 0.6410925984382629 0.1962241381406784 -0.1065977439284325
vn -0.9499589735035153 2.3640930468753334 -5.7034264688794405
v 0.6599718928337097 0.4373368322849274 -0.1016770377755165
vn 1.5769394653332165 -2.2643895725630365 -5.6299013083060059
v 0.6610765457153320 0.2016469091176987 -0.1037858873605728
vn -1.7390647205742271 2.3408848091805345 -5.5258748180471988
v 0.6805583238601685 0.4295039176940918 -0.1097107976675034
vn -2.5405025240859920 2.8449345203002561 -4.8009333500756810
v 0.7071701288223267 0.4596304595470428 -0.1015766635537148
vn 1.6836485541968953 -2.5467159289685841 -5.2763093868413957
v 0.6900984644889832 0.2437236309051514 -0.1047901511192322
vn -4.4346596732297607 2.0516749018256606 -3.8829376423399831
v 0.7253464460372925 0.4806185960769653 -0.1079032048583031
vn -4.3773648373714780 2.9234164879154769 -3.0205540545051912
v 0.7357903122901917 0.5055232048034668 -0.1079032048583031
vn -3.2762605985146749 4.4922808963091558 -2.3613214283724231
v 0.7533641457557678 0.5249045491218567 -0.1067985594272614
vn 3.9014801973722517 -3.1034559000550361 -3.4697712809097641
v 0.7667202353477478 0.2895159423351288 -0.1146314442157745
vn -0.7068062315951036 4.8576861494641213 -1.0799322393312094
v 0.8115083575248718 0.5520185232162476 -0.1156357079744339
vn 4.8847647315734948 -3.9161161958161581 -0.2838730791239822
v 0.8101024627685547 0.5122514963150024 -0.1159369647502899
vn 5.1445463670264804 -3.4353843927350334 0.0296454407831276
v 0.7955412864685059 0.4961839616298676 -0.1118196472525597
vn 1.6288367287953855 1.4302126275398075 0.7282333740159119
v 0.8343040943145752 0.5520185232162476 -0.1060956120491028
vn 4.9500596204209586 -3.4480906329529630 0.4173130164114499
v 0.8249648809432983 0.5293231606483459 -0.1094095408916473
vn -2.9419849315426432 0.2624347910403972 4.9098199694816778
v -0.7206266522407532 -0.3570998609066010 -0.1124222129583359
vn -0.4949557672541647 -0.3891321382762181 6.1027869254981164
v -0.6957220435142517 -0.3699538111686707 -0.1075015142560005
vn -0.3190419467388174 1.2864432277496807 6.0258264134013952
v -0.7028520107269287 -0.3455513417720795 -0.1105141863226891
vn -2.1177951789081741 -2.1947345134865559 4.6996441406777523
v -0.7133962512016296 -0.3797951638698578 -0.1121209040284157
vn -0.5428385127890979 -2.7219366728857142 5.1229069659548756
v -0.6834706068038940 -0.3864229917526245 -0.1101124882698059
vn 0.6053743321346257 0.9469208536674698 5.9820075958054337
v -0.6769431829452515 -0.3606145977973938 -0.1078027635812759
vn 1.4958014998593328 2.2348352846869126 5.2257591883853234
v -0.6769431829452515 -0.3418357372283936 -0.1122213378548622
vn 3.3982547122217825 3.4444039446875636 3.2253741782939485
v -0.6561558842658997 -0.3439446091651917 -0.1232677102088928
vn 2.0055710643814737 0.5823969780816439 4.5968864084745586
v -0.6557542085647583 -0.3699538111686707 -0.1069994419813156
vn 1.3278254239449612 -2.7433624108493788 3.8888352365366412
v -0.6544487476348877 -0.3940550684928894 -0.1132255420088768
vn 4.4692744530936821 1.1663996430465080 3.9989316673510138
v -0.6395862698554993 -0.3707572221755981 -0.1247740462422371
vn -3.2077589741365222 1.3141994641989161 5.1558622400878855
v -0.5929905772209167 -0.0639686882495880 -0.1134264245629311
vn -1.6754690423919210 -0.3184709172138197 5.6571893511039857
v -0.6022294163703918 -0.0900783538818359 -0.1134264245629311
vn 0.4157558708629965 -2.8068303958881762 5.3984182049949716
v -0.5747138261795044 -0.0966057628393173 -0.1126230359077454
vn -5.7978512071537969 1.2823511631400528 -0.5354038519123745
v -0.5698935389518738 0.2429202497005463 -0.1249749287962914
vn -4.6727546801613782 1.4018986477783804 3.6687989278854873
v -0.5776260495185852 -0.0111468350514770 -0.1163386553525925
vn -5.8283581580633701 1.6023031850930005 -0.3540258826909005
v -0.5638682842254639 0.2679252922534943 -0.1203555390238762
vn -5.1877288862028319 -0.7174445568225254 2.8042992299551339
v -0.5674834847450256 0.1220124363899231 -0.1156357079744339
vn -5.2733220186257634 1.1301502507379917 2.7296675886889727
v -0.5687889456748962 0.0258083771914244 -0.1178449913859367
vn -5.2435498503931779 0.1553294110049022 3.0196059916116185
v -0.5632657408714294 0.0749146267771721 -0.1159369647502899
vn -5.1817734093321359 2.6386688326704233 -1.9081096534693520
v -0.5404700040817261 0.3242618739604950 -0.1266820877790451
vn 1.7196971752260832 -3.6631107415290676 4.7783813913082938
v -0.4990961849689484 -0.0699939951300621 -0.1149327605962753
vn 1.8511357876824182 -3.6202152115996196 4.7637328150295337
v -0.4710785448551178 -0.0533239804208279 -0.1127234697341919
vn 2.2690773514915832 -3.3949152143051298 4.7535943136340864
v -0.4182567000389099 -0.0220928080379963 -0.1128238514065742
vn 3.1700976993885037 -3.1377437913577659 4.3330201850294543
v -0.3651335835456848 0.0166699960827827 -0.1161377802491188
vn 0.3307204249231924 5.4397817118876501 -2.9939035726856988
v -0.3380196988582611 0.4274954795837402 -0.1198534071445465
vn 3.7126902023564159 -3.3980493405937429 3.4546766774547053
v -0.3392247557640076 0.0355492904782295 -0.1217614337801933
vn 3.5298780380164270 -3.4207632515721902 3.7889003347459895
v -0.3271741569042206 0.0564370192587376 -0.1152340173721313
vn 0.5034772985008662 5.3195919114221004 -3.1525620134992192
v -0.3111066520214081 0.4279975891113281 -0.1162382215261459
vn 1.2597389091117570 4.5830686805282026 -4.0620347194110664
v -0.2511548697948456 0.4147419035434723 -0.1165394708514214
vn 1.2653730218662189 -5.3790150580483731 -1.4578679806837380
v -0.2424181699752808 0.1213094815611839 -0.1197529658675194
vn -1.1334558752338726 -3.8683526849357435 -4.6451249423674099
v -0.1969271153211594 0.1158867031335831 -0.1166399121284485
vn -1.2805426550406989 -2.8837644682886534 -5.4332802342989490
v -0.1873870342969894 0.1002209112048149 -0.1104137450456619
vn -1.5465054627210506 -2.8931164373354048 -5.3548699795784733
v -0.1610765308141708 0.0911829546093941 -0.1121209040284157
vn -1.8530779122681238 -2.9880015709935721 -5.2014856035476553
v -0.1336613893508911 0.0764209553599358 -0.1126230359077454
vn 0.5488372205565516 4.6547005827442822 -4.1835701180414553
v -0.1502309739589691 0.3832094967365265 -0.1225647628307343
vn -2.3831218329167614 -3.2358010860228807 -4.8268337055175898
v -0.0888732820749283 0.0469973720610142 -0.1140289306640625
vn 0.6417239246600740 5.0196234199197542 -3.6402855798959095
v -0.0296244304627180 0.3777866959571838 -0.1159369647502899
vn -2.2069240512998469 -3.8681911469017138 -4.4026056474278583
v -0.0298252701759338 0.0154649345204234 -0.1221631318330765
vn -0.9349304926568491 -4.5071797919446599 -4.2414375969959766
v 0.0234986897557974 -0.0139586459845304 -0.1137276738882065
vn 0.9393577097772479 5.1301932819709695 -3.4105752390665933
v 0.0364531017839909 0.3670415580272675 -0.1173428595066071
vn 0.4011122934549891 5.4369675256190719 -3.0732308558918859
v 0.0834504887461662 0.3617192208766937 -0.1162382215261459
vn 0.2490332717597202 5.3691305262049820 -3.2111418071210416
v 0.1045390665531158 0.3597107827663422 -0.1168407276272774
vn -0.0133973393698805 5.1618604565549644 -3.5030237620734503
v 0.1229162439703941 0.3555935025215149 -0.1234685927629471
vn 0.6147483362900563 -4.0767639161639400 -4.7354023020157605
v 0.1298453509807587 -0.0108455708250403 -0.1137276738882065
vn -0.5202535830716278 5.1460892460059089 -3.5328494362125373
v 0.1446073502302170 0.3556939065456390 -0.1235690265893936
vn -4.5699517495901771 -2.9495353545272880 2.0376103052072407
v 0.1996384859085083 -0.0224944949150085 -0.1227656379342079
vn -2.6717317459021772 -1.5762421346922133 5.4471393102051184
v 0.2383008599281311 -0.0825467184185982 -0.1163386553525925
vn -1.6193000643615016 -1.5546251370517532 5.8358932136727830
v 0.2577826678752899 -0.1065475195646286 -0.1150331348180771
vn -0.2169809012004577 -1.8500558996701422 5.9256899875420697
v 0.2829885482788086 -0.1063466817140579 -0.1107150018215179
vn 1.3294057613166077 -2.5159740814943401 5.5192477023390136
v 0.3045792281627655 -0.1129745170474052 -0.1154348328709602
vn 0.4714336283863130 5.8901071438709653 -2.0751585370059296
v 0.3187387287616730 0.3836111426353455 -0.1168407276272774
vn 0.9315424691933758 5.7314211535413113 -2.2636696006173116
v 0.3400281071662903 0.3806989490985870 -0.1189495772123337
vn 0.9038980091614675 5.4423373806441813 -2.9718484346872360
v 0.3630247116088867 0.3770837485790253 -0.1160373985767365
vn -0.0111670716017724 4.6993726073925730 -4.1447382920711613
v 0.4068085849285126 0.3726651966571808 -0.1155352666974068
vn 2.1385041892964756 -5.7970304839401097 -0.2285751854426431
v 0.4051014482975006 -0.0650733262300491 -0.1191504523158073
vn 2.6622895198808347 -5.3006330860128372 -1.5496482974345032
v 0.4386423230171204 -0.0492066852748394 -0.1261799484491348
vn 3.0684498416930990 -4.9017657393039693 -1.9339317661537281
v 0.4811207056045532 -0.0273147411644459 -0.1218618154525757
vn 2.9789642117173041 -4.3927773694042198 -3.1349503120527675
v 0.5178750753402710 -0.0024101415183395 -0.1217614337801933
vn 0.0207250946754063 2.3849956638682199 -5.7917396975177740
v 0.5658766627311707 0.3928499519824982 -0.1170416101813316
vn 0.0114785383117515 2.2860957600753928 -5.8162920045161055
v 0.5988150238990784 0.4091182947158813 -0.1110162585973740
vn 3.7685768050240904 0.1374281671890241 -4.9787822908971027
v 0.5746133923530579 0.1291423887014389 -0.1162382215261459
vn 2.8704433481840943 -0.7197674604025032 -5.5179003389121331
v 0.5845551490783691 0.1572604775428772 -0.1119200810790062
vn 4.2473870363795880 0.3654893638976350 -4.5891203966556349
v 0.5758184790611267 0.1006226018071175 -0.1172424256801605
vn 4.2883868988557277 -0.3604469090026838 -4.5536993515933410
v 0.5742117166519165 0.0707973316311836 -0.1211588606238365
vn 2.2433474968886760 -1.0762940346702159 -5.7433921187362955
v 0.5856597423553467 0.1764410436153412 -0.1146314442157745
vn 0.3850342876830062 1.6174921825283288 -6.0564239547665908
v 0.6199035644531250 0.4020887613296509 -0.1115183904767036
vn -0.3972250016924148 1.1660674545110501 -6.1282123572459977
v 0.6480216979980469 0.4019883573055267 -0.1105141863226891
vn 1.1375099824506918 -1.8282907162056754 -5.8846232795527724
v 0.6208074092864990 0.2156055271625519 -0.1183470636606216
vn 1.4719036726516970 -1.4404755435932721 -5.8944344373105313
v 0.6503313779830933 0.2323759645223618 -0.1171419844031334
vn -2.5378738951704127 1.4208487028391588 -5.4875530552329739
v 0.6752359867095947 0.3984735906124115 -0.1173428595066071
vn -1.4098157155104660 0.9995661126681710 -5.7907857911837022
v 0.6605744361877441 0.3808997571468353 -0.1139284968376160
vn 1.9825038160019537 -1.5741908130222322 -5.7019472697202147
v 0.6695119738578796 0.2230367362499237 -0.1090078502893448
vn -0.7258754495423918 -2.6330987055538841 -5.1943780238586612
v 0.6737296581268311 0.2692307829856873 -0.1187487617135048
vn 2.1809706410980443 -1.3875498614290660 -5.7183647627422527
v 0.6696124076843262 0.2420164644718170 -0.1123217791318893
vn -0.4463860120726233 -4.9001328268015865 -3.7177103019829283
v 0.6987347006797791 0.2624020576477051 -0.1213597431778908
vn -3.1367196277004368 2.9101434731781426 -4.4081338183925709
v 0.7145009040832520 0.4465756118297577 -0.1134264245629311
vn 1.7958284500421771 -5.3575435407922525 -2.4568728167102845
v 0.7253464460372925 0.2646113634109497 -0.1211588606238365
vn -2.3780129729831203 4.0103760567135884 -3.8176954627695432
v 0.7801767587661743 0.5315324068069458 -0.1214601770043373
vn 4.7409943294558943 -0.5254927987886990 -3.9095264409303558
v 0.7700341343879700 0.4374372363090515 -0.1163386553525925
vn 5.2990099378816211 -2.2479322512906554 -2.3009518254350407
v 0.7773649692535400 0.4589274823665619 -0.1168407276272774
vn 5.2307344762704409 -2.9751768682461677 -0.8569340689723088
v 0.7885117530822754 0.4781080484390259 -0.1191504523158073
vn 4.4686324426373494 0.8601930596517439 -4.3196505665667528
v 0.7794737815856934 0.3945571482181549 -0.1138281151652336
vn 4.7554491881435839 -0.7363008432681126 -3.8431689218975960
v 0.7687286734580994 0.3407310545444489 -0.1230668947100639
vn 4.1180596595349259 -0.0796924472763507 -4.6851962636573017
v 0.7813818454742432 0.3644306063652039 -0.1158365234732628
vn 4.3653720899348887 -0.8517626944268646 -4.3448180296359862
v 0.7740510106086731 0.3138180077075958 -0.1132255420088768
vn -4.0441646022296354 0.6768559192858039 3.8013450237056565
v -0.7327777147293091 -0.2804780304431915 -0.1313014775514603
vn -3.6273883786721366 0.6188969748164244 3.7351847112425758
v -0.7337819337844849 -0.3028720915317535 -0.1262803822755814
vn 0.9613022010165605 1.2904666015805626 5.6814302083316450
v -0.7052621245384216 -0.3040771484375000 -0.1201546564698219
vn -1.3448444177132952 1.0388693046807074 5.6024571771298266
v -0.7135971188545227 -0.3246636092662811 -0.1156357079744339
vn -5.3605444421425883 -0.1763127236350428 2.1680341618545169
v -0.7387025952339172 -0.3311910331249237 -0.1362221688032150
vn -4.5259434151229927 -0.7445601370458611 2.8225178797876747
v -0.7333801984786987 -0.3699538111686707 -0.1248744875192642
vn -4.7204605193053837 -2.6491599442010489 1.1144845543865600
v -0.7331793308258057 -0.3841133117675781 -0.1382305920124054
vn -2.1260920856187853 -4.2343339402201154 2.4824173729714536
v -0.7145009040832520 -0.3968668580055237 -0.1270837783813477
vn 0.3886602497126336 0.4000965027421011 5.7839252456489270
v -0.7063667774200439 -0.2810805737972260 -0.1223639473319054
vn -0.4489365527734019 -5.3743045103797646 2.4617542722549706
v -0.6869853734970093 -0.4014862775802612 -0.1277867257595062
vn 2.6556691607188654 3.0464631628440433 4.3246580738513298
v -0.6813617348670959 -0.3254669904708862 -0.1214601770043373
vn -0.9936265234945419 0.1612794084489627 5.9407390798720936
v -0.6402892470359802 -0.1262301802635193 -0.1233681514859200
vn 0.1742326771834892 -1.5841261836890901 5.8798670028005855
v -0.6108657121658325 -0.1155854836106300 -0.1196525841951370
vn -2.3421746095425875 0.8991376579355457 5.5693877100322560
v -0.6263306140899658 -0.1014260128140450 -0.1217614337801933
vn -3.6789578262643641 2.4514297798768299 4.3085759984718504
v -0.6124724149703979 -0.0704961046576500 -0.1252761781215668
vn -4.3776684671102473 2.3104373292373133 3.7182223963354408
v -0.6008234620094299 -0.0500100627541542 -0.1257783174514771
vn 1.4888396914300843 -3.3779686868334236 4.9323723879900712
v -0.5918859243392944 -0.1225145906209946 -0.1265816390514374
vn -4.7409221105936323 2.2880062969678967 3.1143117510455935
v -0.5915846824645996 -0.0311307683587074 -0.1255774348974228
vn 1.6111562197693412 -4.0276806773347085 4.4885833384184259
v -0.5635670423507690 -0.1108656600117683 -0.1262803822755814
vn -5.8584408821450760 0.5858889848796210 -0.2061413514084389
v -0.5751155018806458 0.2137979418039322 -0.1262803822755814
vn -5.8256658605946079 -0.1620274666247139 -0.2921917088444037
v -0.5760192871093750 0.1837718337774277 -0.1297951340675354
vn -5.5675118063130444 -0.4069759317197184 -0.7789228828198143
v -0.5741112828254700 0.1502309590578079 -0.1344145834445953
vn -5.7208396240078905 -0.5194489813472543 0.1716242810952679
v -0.5690901875495911 0.0997188016772270 -0.1304980814456940
vn -5.8505889197877288 0.3975990898328799 1.1196889197869182
v -0.5685880780220032 0.0537256300449371 -0.1263808310031891
vn 1.5980277687788123 -4.0249243904970982 4.4952041466876418
v -0.5332396626472473 -0.0951998606324196 -0.1232677102088928
vn 2.0599975853772752 -4.3515071850488907 3.9526172635635866
v -0.4985941350460052 -0.0853585228323936 -0.1285901069641113
vn -3.0679929440020590 4.5567826895546055 -2.8666692721275293
v -0.4867443740367889 0.3837115764617920 -0.1312010288238525
vn 2.2649359036682393 -4.2439700205860511 3.9878422960198865
v -0.4680658578872681 -0.0677847117185593 -0.1267825216054916
vn 2.1725464975409143 -3.8862855257107602 4.3977604736477893
v -0.4460735321044922 -0.0494075305759907 -0.1208576112985611
vn -1.7462820431065003 5.3125066625107014 -2.6486017402968494
v -0.4352279901504517 0.4094195365905762 -0.1298955678939819
vn 2.9075343270694574 -4.2756774414278400 2.8590258278835905
v -0.4265916943550110 -0.0479012057185173 -0.1289918124675751
vn -1.2275536182430820 5.4996278310835489 -2.6795315775751902
v -0.4057039916515350 0.4149427711963654 -0.1330086290836334
vn 3.1253154167884687 -4.1744440614046523 2.9646251368159078
v -0.4058043956756592 -0.0294235982000828 -0.1255774348974228
vn -0.1896283125707864 5.4232091938902620 -2.7980479749183838
v -0.3638280928134918 0.4264912605285645 -0.1254770010709763
vn 1.1540446525966699 4.3509538455461820 -4.3064708931902986
v -0.2932315766811371 0.4146414697170258 -0.1291926205158234
vn 1.1550983279458804 4.1925724787447765 -4.5265540732625720
v -0.2646113932132721 0.4069090187549591 -0.1274854689836502
vn 3.3886791037653459 -4.8565899244385466 2.0026266659174849
v -0.2683269679546356 0.1061457917094231 -0.1251757442951202
vn 0.0478825154419657 -4.8178232840379991 -2.5171677219429660
v -0.2158064097166061 0.1297449171543121 -0.1250753104686737
vn 1.3686089150499665 4.3168701556129481 -4.3549196374317791
v -0.2162080705165863 0.3932516574859619 -0.1266820877790451
vn 1.2014045557228388 4.3596271570963960 -4.3590440733494304
v -0.1979313194751740 0.3837115764617920 -0.1302972584962845
vn 0.7959743294840667 4.5201968218710018 -4.2845431988430436
v -0.1781482398509979 0.3832094967365265 -0.1261799484491348
vn -1.5768554836251121 -3.5310266591438877 -4.8275424819597079
v -0.1659972071647644 0.1088571846485138 -0.1199538409709930
vn -2.1447267219704247 -3.6453664888123409 -4.5176933969814845
v -0.1384816318750381 0.1035348251461983 -0.1266820877790451
vn 0.4900606898581138 4.6031223028393082 -4.2452612062023762
v -0.1308495700359344 0.3763807713985443 -0.1277867257595062
vn -2.3674865108317960 -3.4592093121551537 -4.6253382335063549
v -0.1216107755899429 0.0919863209128380 -0.1267825216054916
vn 0.4419235155309476 4.6051468518977599 -4.2412204030056371
v -0.1040369719266891 0.3745732009410858 -0.1270837783813477
vn -2.2928624965000970 -3.1482795200112133 -4.9226033273416263
v -0.1070496141910553 0.0721028149127960 -0.1209580451250076
vn -2.5570764134168797 -3.4981771111515538 -4.5362086367841377
v -0.0601526498794556 0.0343442298471928 -0.1210584864020348
vn -2.6861508741535052 -3.2137334355549125 -4.6784430695588659
v -0.0743121206760406 0.0537256300449371 -0.1260795742273331
vn 0.6043332651477878 4.6983559319458790 -4.0850575256930588
v -0.0178750790655613 0.3661377727985382 -0.1280879825353622
vn 0.6330893909087665 4.7259360899380498 -4.0685633197505382
v 0.0048202406615019 0.3623217344284058 -0.1287909299135208
vn -1.6308118567780572 -3.9905568156762601 -4.4968661844723199
v -0.0027113927062601 0.0094396276399493 -0.1295943111181259
vn -0.3651216800671304 -4.0433244000907766 -4.7239809935735888
v 0.0398674383759499 0.0013054643059149 -0.1316027194261551
vn 0.5257010824378161 4.8593930161058490 -3.9119204759923738
v 0.0551315471529961 0.3540871441364288 -0.1301968246698380
vn 0.2161614984317796 -4.0261871823559749 -4.7850725451809168
v 0.0679855421185493 -0.0037156245671213 -0.1270837783813477
vn 0.5397086528806972 -4.0019951299580594 -4.8052914389159902
v 0.0953002646565437 -0.0021088761277497 -0.1256778687238693
vn 0.7084914193337707 -3.8648484630920787 -4.8925571933832943
v 0.1151837706565857 -0.0003012839879375 -0.1245732307434082
vn 0.4264577170632901 -3.9283967760441580 -4.8828981087525118
v 0.1511347740888596 0.0072303488850594 -0.1257783174514771
vn -3.8597948124317156 -2.2260971042636868 -2.6648942797632111
v 0.1898975670337677 0.0025105255190283 -0.1254770010709763
vn -4.3671947833214029 -1.3312271945409935 3.9480230493963355
v 0.1986342668533325 -0.0491062663495541 -0.1308997720479965
vn -3.6717595166081138 -1.4809362444099146 4.8341605682127478
v 0.2126933187246323 -0.0711990520358086 -0.1283892393112183
vn -1.1080854988512532 4.6185804818275331 -3.9697614900440645
v 0.2482426166534424 0.3701546490192413 -0.1343141496181488
vn -2.7614459221934862 -1.3195158150135740 5.4716186834113145
v 0.2360915988683701 -0.1058445721864700 -0.1235690265893936
vn -2.5752867190547413 -1.1639944952896224 5.5618337186171232
v 0.2399076074361801 -0.1298453658819199 -0.1268828958272934
vn -0.9659057474228070 5.3844185262523725 -2.9484614712299368
v 0.2657159864902496 0.3791925907135010 -0.1266820877790451
vn -0.4336601019837835 -1.4495484277589210 6.0281159485673355
v 0.2711387574672699 -0.1278369426727295 -0.1181462481617928
vn -1.7960918040236691 -1.1670763825178421 5.8391344958176505
v 0.2538662254810333 -0.1488250941038132 -0.1247740462422371
vn -0.0549626120753284 5.4394402315765253 -2.8376078637628002
v 0.2969472110271454 0.3803976476192474 -0.1302972584962845
vn 2.7606002056215297 -1.7771039159068973 5.1718504650689292
v 0.3113074898719788 -0.1352681517601013 -0.1268828958272934
vn 1.1547201605717727 -1.0091187851215810 6.0369101327538983
v 0.2893151342868805 -0.1562562882900238 -0.1242719739675522
vn 3.9076759200374296 -2.7876481955224812 3.7745815962970424
v 0.3254669606685638 -0.1115686073899269 -0.1255774348974228
vn 3.5254501716465891 -4.6802545679083201 1.3430285676558806
v 0.3445470929145813 -0.0913838371634483 -0.1272845864295959
vn -1.6491641154912027 -1.1323130427365018 5.5695326076138949
v 0.3321952223777771 -0.5147621035575867 -0.1207571700215340
vn 0.0995792987123978 1.0470225539580862 6.0614510535050226
v 0.3493673503398895 -0.4903595447540283 -0.1196525841951370
vn -1.4614874327061385 0.6813587981088016 5.8889743191206554
v 0.3281783461570740 -0.4798152446746826 -0.1224643811583519
vn 0.0870870835752292 -1.6850102623515013 5.5144531924755933
v 0.3605141639709473 -0.5200843811035156 -0.1180458143353462
vn 1.2178993492323729 1.8951356678405165 5.5336287662672330
v 0.3727656304836273 -0.4900582730770111 -0.1210584864020348
vn 2.3702111862058626 -5.6229355470051381 -0.4505403004743845
v 0.3680458068847656 -0.0796344801783562 -0.1308997720479965
vn 2.0935149359316076 -1.0977571713545238 4.3227529198389911
v 0.3903394341468811 -0.5182768106460571 -0.1199538409709930
vn 0.2508902660244718 -5.0030368203976581 3.3479836601438784
v 0.3685478866100311 -0.5409720540046692 -0.1366238147020340
vn 1.1941745771122856 5.0216394626069478 -3.5422576318530927
v 0.3842137157917023 0.3639284968376160 -0.1297951340675354
vn 2.4151233575785973 -5.3032743313898445 -1.8010044918168113
v 0.3908415436744690 -0.0684876739978790 -0.1355192214250565
vn 3.5694627345925913 2.4422919064891131 3.3724476980566838
v 0.3952600955963135 -0.4915646016597748 -0.1300964504480362
vn -0.0193512072181231 3.8027121731890872 -4.9690655619039017
v 0.4364330172538757 0.3627234101295471 -0.1255774348974228
vn -0.6006064760789621 3.2550454034615428 -5.2928164355396792
v 0.4623418450355530 0.3747740387916565 -0.1206567883491516
vn 2.8036477848283541 -4.9264887199189680 -2.0471178281424747
v 0.4620405733585358 -0.0372564941644669 -0.1269833296537399
vn -0.3858164340586568 2.8365250320827697 -5.5860040168141740
v 0.4891544580459595 0.3734685778617859 -0.1231673359870911
vn -0.4674971963899816 2.8486426684826669 -5.5741799273059263
v 0.5141594409942627 0.3848162293434143 -0.1192508935928345
vn -0.0493747221546727 2.4973649445563790 -5.7343844441004377
v 0.5376582145690918 0.3822052478790283 -0.1221631318330765
vn 3.0228560654759606 -3.4712968313991168 -4.0345464619724893
v 0.5291222929954529 0.0128539679571986 -0.1295943111181259
vn 3.0494367255035293 -2.8153134222757910 -4.6534448938107547
v 0.5416750311851501 0.0317332632839680 -0.1327073723077774
vn 3.3932035831967902 -2.1876221794353179 -4.4844418367763108
v 0.5652741789817810 0.0397670045495033 -0.1239707246422768
vn 1.9465207477709527 -1.0975158314318707 -5.8486129866918981
v 0.5743121504783630 0.1961237043142319 -0.1224643811583519
vn 2.6408671610062053 -0.4136804070255379 -5.6163838862222315
v 0.5655754208564758 0.1761397719383240 -0.1228660792112350
vn 3.5276885743758095 0.3186059221363625 -5.1292166531348142
v 0.5584455132484436 0.1570596396923065 -0.1268828958272934
vn 0.4609906594589512 1.5724683647773983 -6.0467609431032789
v 0.5941956639289856 0.3811005949974060 -0.1200542226433754
vn 1.1596099503690327 -1.5582961311389014 -5.9704410140244439
v 0.5920867323875427 0.2150030136108398 -0.1230668947100639
vn 0.7140983587117545 1.3619365191460631 -6.0843354331555384
v 0.6129745244979858 0.3832094967365265 -0.1174433007836342
vn 0.7629814298257862 1.0726016264399012 -6.1402703192378345
v 0.5939947962760925 0.3554930388927460 -0.1250753104686737
vn 0.9354662334151176 0.8850154918710631 -6.1483434618786941
v 0.6229162812232971 0.3573006391525269 -0.1203555390238762
vn 0.4909132554757477 1.0906859390889385 -6.1634295906905709
v 0.6364731788635254 0.3832094967365265 -0.1148323193192482
vn -0.7429047729258480 1.1382964592193667 -5.9216214842451826
v 0.6483229994773865 0.3561960160732269 -0.1169411689043045
vn -0.0737611971310105 0.4845479048554348 -6.1425433939729688
v 0.6413938999176025 0.3361116647720337 -0.1195521503686905
vn -2.6545833198285029 0.1343550908642999 -5.3293606236570819
v 0.6647921204566956 0.3229564130306244 -0.1238702833652496
vn 0.2792210804337753 0.3274150846862720 -6.1874162438503868
v 0.6413938999176025 0.3167302608489990 -0.1207571700215340
vn -0.4198032897570243 -0.0641688281021989 -6.0927005566974790
v 0.6513355970382690 0.2940349280834198 -0.1215605586767197
vn -3.5983167053173180 1.1485403062881776 -4.8673550537586090
v 0.6772444248199463 0.3537859022617340 -0.1295943111181259
vn 1.1164151317002369 -0.4957799603496025 -6.1556747618565657
v 0.6515364646911621 0.2632054388523102 -0.1208576112985611
vn -3.6362983614777975 1.3515097286082589 -4.8752764894330962
v 0.6793532967567444 0.3744727671146393 -0.1258786916732788
vn -2.4994516087597738 2.9398446786483916 -4.9333652583166021
v 0.7091785669326782 0.4301064610481262 -0.1228660792112350
vn -2.7239983428485437 1.1594716672510990 -5.4181046908006056
v 0.7396063208580017 0.4606346487998962 -0.1265816390514374
vn -3.3147691177926881 1.2935946232546540 -4.8213408451909574
v 0.7472383975982666 0.4914641380310059 -0.1276862919330597
vn -3.0183569801692962 3.0887890290461946 -4.2582283119472226
v 0.7572805881500244 0.5126531124114990 -0.1243723556399345
vn 3.3509312304704637 -4.6566709963468158 -2.5076254040868835
v 0.7449287176132202 0.2783691287040710 -0.1254770010709763
vn 4.3327378221898751 1.3976112911363623 -4.2499139143102758
v 0.7641093134880066 0.4120305180549622 -0.1280879825353622
vn 4.9757302695786354 0.6420948828912273 -3.7490866766998332
v 0.7670214772224426 0.3903394043445587 -0.1283892393112183
vn 1.9332638542468361 0.7882879863703676 -1.5399075707012488
v 0.8332998752593994 0.5453906655311584 -0.1264812648296356
vn -5.9055372584297290 -0.3642141406354820 1.0869584760977984
v -0.7373971343040466 -0.3576019704341888 -0.1391344070434570
vn -2.8064351183450804 1.1132596888480015 5.0527396986943938
v -0.7215304374694824 -0.2555734515190125 -0.1287909299135208
vn 1.1251033449065240 -0.0550788369542730 5.8986692962427618
v -0.6952199935913086 -0.2522595226764679 -0.1257783174514771
vn -2.4635509951744812 0.8155341262983681 5.3943674861484592
v -0.7064672112464905 -0.2182165235280991 -0.1289918124675751
vn 0.4247497570635369 -0.1355752642529807 6.0558946453258367
v -0.6863828301429749 -0.2122916430234909 -0.1264812648296356
vn -2.2660208362889627 1.0617708298068904 5.6190106048227282
v -0.6957220435142517 -0.1835710257291794 -0.1308997720479965
vn 4.6918145926917552 -0.6409367755851288 3.1418744956895583
v -0.6791524291038513 -0.2786704599857330 -0.1377284526824951
vn 0.1467124727155350 -0.0821759906764024 6.1267179314006865
v -0.6769431829452515 -0.1911026537418365 -0.1266820877790451
vn -0.9932614993725700 0.4206503316621271 6.0157133587263765
v -0.6735288500785828 -0.1656959503889084 -0.1273850351572037
vn 4.0101930621618100 -1.7165435472767347 3.8502046998002273
v -0.6678048372268677 -0.2331793755292892 -0.1371259391307831
vn 4.2689589920625250 -1.0650564775474987 3.7572532783436756
v -0.6766418814659119 -0.2559750974178314 -0.1355192214250565
vn 5.6409221357136179 0.7126329629018233 1.4842263431207301
v -0.6760393977165222 -0.2988552451133728 -0.1474693715572357
vn 2.7659110557429800 -1.2975117552659463 5.2423357917002100
v -0.6670014262199402 -0.2098815292119980 -0.1314019113779068
vn 1.9641468796382187 -1.4554291517419116 5.5699055900700172
v -0.6540470123291016 -0.1794537305831909 -0.1299960166215897
vn -3.0061313212790166 2.6436883182641715 4.4419670109395462
v -0.6692107319831848 -0.1106648147106171 -0.1380297690629959
vn -1.6673557947449733 0.9085521554760807 5.8445796034341138
v -0.6649930477142334 -0.1367744803428650 -0.1280879825353622
vn 0.9681564665026032 -1.2579837497720949 5.8316018607281119
v -0.6404900550842285 -0.1487246602773666 -0.1259791254997253
vn -3.2581306260908969 3.1796747460897645 3.8847227711737125
v -0.6425989866256714 -0.0919863581657410 -0.1351175308227539
vn 3.3915706835806905 -2.4297835976894357 4.4354336183556269
v -0.6300461888313293 -0.1637879312038422 -0.1363225579261780
vn 4.5668100780260126 -0.2599638747834548 3.7794355012093801
v -0.6286402940750122 -0.3867242634296417 -0.1342137008905411
vn 1.7057230922361608 -3.7245138530563646 2.0130346505377306
v -0.6379795074462891 -0.4095200002193451 -0.1354187875986099
vn 3.3967912057750747 -4.1037382831686466 2.7314585159926783
v -0.6093593239784241 -0.1544487178325653 -0.1459630876779556
vn 1.4729156394932099 -3.0288412106217568 5.1231298624063975
v -0.6114681959152222 -0.1348664611577988 -0.1278871595859528
vn -4.9336307201198482 2.8727249414739240 -0.9003471711234122
v -0.5918859243392944 -0.0204860605299473 -0.1445571333169937
vn -5.4199222973356882 2.0391740319610259 -0.0867186862225195
v -0.5799357295036316 0.0093392059206963 -0.1357200443744659
vn -5.5563400470648325 -0.5478541807582857 -1.5336735884931230
v -0.5708977580070496 0.1208073720335960 -0.1381301432847977
vn -5.1630718347940538 1.7138607022029313 -2.6770328497547178
v -0.5559349656105042 0.2739505767822266 -0.1419462114572525
vn -5.7305648361543389 0.1191303494367622 -1.4440074561471334
v -0.5671821832656860 0.0761196836829185 -0.1377284526824951
vn -4.3046381432054206 3.2599435518197737 -3.0624403149797517
v -0.5214902758598328 0.3454508781433105 -0.1354187875986099
vn -3.8113043022228941 3.5023764811669134 -3.4884249766585529
v -0.5078328847885132 0.3590078353881836 -0.1376280784606934
vn 2.1793246633445742 -4.8491442748678812 3.2158821198828287
v -0.5298252701759338 -0.1079534217715263 -0.1390339732170105
vn -2.2495207104331465 4.8382040935125836 -3.2601708229945161
v -0.4552119076251984 0.3953604996204376 -0.1383310258388519
vn 3.0433419140984932 -4.7711892267371612 1.8926331562849974
v -0.4498895704746246 -0.0691906213760376 -0.1410423815250397
vn -0.2383718120668388 4.8914027097918522 -3.5883832403696179
v -0.3776862919330597 0.4160473942756653 -0.1414440721273422
vn 3.0708118098454564 -4.5799159450356530 1.3004456289047870
v -0.3843141198158264 -0.0219923872500658 -0.1373268216848373
vn 3.7793337624030157 -3.9934305275325674 1.9238115015592303
v -0.3646314442157745 -0.0044185766018927 -0.1354187875986099
vn 4.3042717657783101 -3.6984019986177943 1.0505251770369832
v -0.3462542593479156 0.0145611381158233 -0.1378288865089417
vn 0.8564106112798910 4.2482845525980348 -4.4282904518744983
v -0.3170315325260162 0.4111267328262329 -0.1386322826147079
vn 4.3150332075772013 -4.0452083585972698 0.4548008622821624
v -0.3091986477375031 0.0539264753460884 -0.1454609632492065
vn 4.1867036339034867 -3.8254673387912201 2.4526661476868807
v -0.3000602424144745 0.0694918483495712 -0.1329082399606705
vn 4.1945716426694144 -4.2098022913426867 1.8530434996454503
v -0.2798754870891571 0.0909821093082428 -0.1356196105480194
vn 1.2005416749288575 4.1756289517051428 -4.5322087872071108
v -0.2354890555143356 0.3913436532020569 -0.1344145834445953
vn 2.5607374731205819 -5.5145932172580148 -1.2634108851491219
v -0.2300662994384766 0.1268326789140701 -0.1416449546813965
vn 0.2337491100857509 -5.4209061157639242 -3.0517293003301176
v -0.2037557661533356 0.1342639029026031 -0.1422474682331085
vn -0.7406577290621476 -4.6471714952221514 -4.0558048511717635
v -0.1782486587762833 0.1304478645324707 -0.1372263878583908
vn -1.9525087706450628 -4.0531531731820589 -4.3760446980621666
v -0.1493271738290787 0.1186985224485397 -0.1370255053043365
vn -2.3151267092171670 -3.2594705407548941 -4.8299458505933623
v -0.1019281074404716 0.0894757807254791 -0.1360213011503220
vn -2.6502087263547280 -3.3487947949492352 -4.5802426079374685
v -0.0894758030772209 0.0726049244403839 -0.1299960166215897
vn 0.4361897788884855 4.2299960690152147 -4.5939173460385208
v -0.0743121206760406 0.3640289008617401 -0.1352179050445557
vn -2.4293751172295655 -3.2615458362084571 -4.7800826123788029
v -0.0553324073553085 0.0517171956598759 -0.1359208673238754
vn 0.2969422248861909 4.3536513095635385 -4.5029451988308002
v -0.0390640720725060 0.3619200587272644 -0.1342137008905411
vn -2.2496895334402320 -3.2685070403728713 -4.8480824223657111
v -0.0364531092345715 0.0375577248632908 -0.1359208673238754
vn 0.6118244945901173 4.4279582419370369 -4.4013451230392837
v 0.0292227324098349 0.3534846007823944 -0.1340128928422928
vn 0.4056435597502554 4.8006259655913235 -3.9771075435548635
v 0.0868648290634155 0.3508736491203308 -0.1318036019802094
vn 0.1681793097856564 4.2325359167996988 -4.5817844144194755
v 0.1025306284427643 0.3380196690559387 -0.1444567441940308
vn 0.4894234809274650 -3.5108727299392175 -5.1791938260159904
v 0.1333601176738739 0.0188792739063501 -0.1361217349767685
vn -0.6940467216009115 4.4282007682936610 -4.3637519165275567
v 0.1716208010911942 0.3441453874111176 -0.1431512236595154
vn -1.7961189238700441 -3.0879878309026267 -4.8352341131724899
v 0.1776461154222488 0.0241012070327997 -0.1382305920124054
vn -1.0028203273864651 4.4148282990258538 -4.2996020334663001
v 0.1978308856487274 0.3559951782226562 -0.1363225579261780
vn -3.9376908910379189 -1.5527037430053876 4.4939882959387178
v 0.2178148180246353 -0.1108656600117683 -0.1357200443744659
vn -0.9183374170334622 4.3421753017851721 -4.2792701067013343
v 0.2288612276315689 0.3646314442157745 -0.1361217349767685
vn -3.1889042957367626 -1.2277945280658629 5.1714440181762225
v 0.2344848364591599 -0.1631854027509689 -0.1363225579261780
vn -0.4797935418296078 -1.0174430073102605 6.0807009737546851
v 0.2705362737178802 -0.1676039695739746 -0.1248744875192642
vn -1.7835717187860793 -0.8760793752287804 5.8867970514575418
v 0.2557742595672607 -0.1815625876188278 -0.1298955678939819
vn 0.0542369883869638 -0.9938133432236937 6.0458131402370725
v 0.2763607203960419 -0.1981321722269058 -0.1288913637399673
vn -2.9706571462190361 -1.0513384880560950 5.2881528077943516
v 0.2443261742591858 -0.1975296586751938 -0.1373268216848373
vn -1.1013760290686010 -0.7424042140229491 6.0181184774640286
v 0.2657159864902496 -0.2205262333154678 -0.1332094967365265
vn 2.4113439076265593 -0.8897198661838137 5.5752190638715913
v 0.3001607060432434 -0.1853786259889603 -0.1321048587560654
vn 2.4920208549383185 -0.6358661207780387 5.5468853299401024
v 0.3008636534214020 -0.2098815292119980 -0.1356196105480194
vn 1.7516683218189313 -0.7866031824608016 5.4633769667005918
v 0.2928298711776733 -0.2287608087062836 -0.1334103196859360
vn 3.2202640433074441 -1.2001868916371414 5.1168251275672594
v 0.3101024329662323 -0.1556537598371506 -0.1314019113779068
vn 0.4069514974854334 5.0279035116551105 -3.5369814672382835
v 0.3201446235179901 0.3720626533031464 -0.1420465856790543
vn -3.2178046774568632 0.0398149650794200 5.0945630933550365
v 0.3035750389099121 -0.4641494452953339 -0.1336112022399902
vn 0.4934991330757624 1.5376166230637418 5.7169703492027972
v 0.3281783461570740 -0.4440650939941406 -0.1292930543422699
vn -2.6743841906410686 -0.4285986418367406 5.3536013994172258
v 0.2999598383903503 -0.4446676373481750 -0.1344145834445953
vn -4.0366817264173012 -1.0047371048383031 3.7870741619709274
v 0.3016670048236847 -0.5079333186149597 -0.1353183537721634
vn -3.9565240066417200 -0.1800778773494864 4.5415754444195393
v 0.3027716279029846 -0.4847359359264374 -0.1342137008905411
vn -2.8332044913675594 -3.7842785292380250 3.0730256970484562
v 0.3133159279823303 -0.5319342017173767 -0.1391344070434570
vn 0.3385214689512417 1.5961201491802943 5.8268408071724318
v 0.3364129662513733 -0.4618397653102875 -0.1253766268491745
vn -1.6123255983990967 -3.7667036141858543 3.5613642604411533
v 0.3303876221179962 -0.5352480411529541 -0.1301968246698380
vn 3.0530409174909541 2.9851393324336781 3.9844935829121124
v 0.3488652110099792 -0.4448684751987457 -0.1359208673238754
vn -0.2319550652078148 -4.2334767839926046 3.8953903434311608
v 0.3493673503398895 -0.5366539359092712 -0.1284896731376648
vn 1.4330655843904119 4.9913971104703920 -3.3790860092823660
v 0.3623217642307281 0.3647318780422211 -0.1414440721273422
vn 2.8545238410391232 3.3163460983858153 3.9932865029150877
v 0.3617192208766937 -0.4606347084045410 -0.1344145834445953
vn 3.2910722025985790 3.8977190475640286 3.0150161691019397
v 0.3785901069641113 -0.4725848734378815 -0.1354187875986099
vn 2.5874117676535771 -3.6758777397811846 3.5285551944306253
v 0.3990761339664459 -0.5407713055610657 -0.1433521062135696
vn 4.8033615691192102 0.0472875050661611 3.7372911369635418
v 0.4052018523216248 -0.5136573910713196 -0.1380297690629959
vn 1.1355772262990611 4.2880355761395297 -4.4173029112414604
v 0.4104237854480743 0.3492669165134430 -0.1410423815250397
vn 2.4099409433492882 -5.0665039952353972 -2.3523811620184958
v 0.4151436090469360 -0.0570395886898041 -0.1377284526824951
vn -0.0678119839402865 2.6856202866500483 -5.6677852635583967
v 0.4693713486194611 0.3557943403720856 -0.1298955678939819
vn -0.2330869967657706 2.2421397342435117 -5.8441520564281983
v 0.4905603528022766 0.3542880117893219 -0.1321048587560654
vn 3.0146926858054375 -3.8710268786244018 -3.8041181773943933
v 0.4932717680931091 -0.0083350259810686 -0.1359208673238754
vn 0.0651557521572413 1.9692455845383838 -5.9186074710342691
v 0.5189797282218933 0.3634263873100281 -0.1292930543422699
vn 0.3695184732560938 1.5263726650366354 -6.0496950765715605
v 0.5470978021621704 0.3644306063652039 -0.1279875338077545
vn 0.5146674572339269 0.9944571030231107 -6.1812726407552283
v 0.5514159202575684 0.3386222124099731 -0.1319040358066559
vn 0.5275685725906780 1.3695451090144108 -6.0953205902099326
v 0.5670817494392395 0.3620204627513885 -0.1266820877790451
vn 3.3841777561595849 0.2522902335180358 -5.1965345895586292
v 0.5465956926345825 0.1761397719383240 -0.1330086290836334
vn 2.3410447321086965 -0.1246117944524736 -5.7673544420444891
v 0.5466961264610291 0.2040570229291916 -0.1329082399606705
vn 0.6771688608864098 0.7465631309142916 -6.1954134371598144
v 0.5765213966369629 0.3289816975593567 -0.1311006546020508
vn 1.2416896706669469 -1.1073742956351165 -6.0498652678956288
v 0.5742117166519165 0.2228358983993530 -0.1278871595859528
vn 4.2372692796149831 0.7126097523236808 -4.5789624814121543
v 0.5586463212966919 0.1360714882612228 -0.1293935030698776
vn 4.4811689526159180 0.6855311895669851 -4.3486170684965435
v 0.5614581108093262 0.1097609773278236 -0.1313014775514603
vn 4.2213429246372094 0.0393136168909937 -4.5570440424824685
v 0.5584455132484436 0.0913837999105453 -0.1377284526824951
vn 3.5562572966542025 -1.1831005647756094 -4.9237379612497794
v 0.5564370155334473 0.0596505142748356 -0.1359208673238754
vn 0.8096693791821401 0.8023265808080476 -6.1662238096534470
v 0.5941956639289856 0.3362120687961578 -0.1282888501882553
vn 0.8779479117405070 -0.9130748512269786 -6.1295043081582499
v 0.5960032343864441 0.2433219403028488 -0.1290921866893768
vn 0.9464916806168328 -0.7226365926021101 -6.1612939779093558
v 0.5718016028404236 0.2458324879407883 -0.1325065493583679
vn 0.9702545419116395 0.3980788490883329 -6.1896373311706530
v 0.5979112386703491 0.3126129508018494 -0.1296947598457336
vn 1.1073687630183293 0.6789802431762393 -6.1365568497694998
v 0.6129745244979858 0.3362120687961578 -0.1252761781215668
vn 1.0164544160819049 0.2217900457071988 -6.1887204723627232
v 0.6129745244979858 0.2891142666339874 -0.1284896731376648
vn 0.8572493993624516 -0.0631795586784809 -6.2179858669636694
v 0.5938943624496460 0.2795741856098175 -0.1314019113779068
vn 1.0508613117051031 -0.8028243197045111 -6.1017113358940307
v 0.6230167150497437 0.2505522966384888 -0.1262803822755814
vn 1.2206214058805489 0.4229626099291459 -6.1485639301180566
v 0.6224141120910645 0.3173328042030334 -0.1244727969169617
vn 1.0837067459916867 0.4867496603774820 -6.1691897342396338
v 0.6318537592887878 0.2961437702178955 -0.1243723556399345
vn 1.1087064461453053 -0.1410822987818904 -6.1496752561405232
v 0.6318537592887878 0.2702349722385406 -0.1260795742273331
vn -3.2174705898176947 0.0383587735128968 -5.1950218883689496
v 0.6693111062049866 0.2986543178558350 -0.1278871595859528
vn -4.7898046360830335 -0.5554763427335221 -3.9539718109175741
v 0.6820647120475769 0.3067885041236877 -0.1433521062135696
vn -3.1640241999575394 -3.4017363635437348 -3.8788760141482586
v 0.6872866749763489 0.2783691287040710 -0.1376280784606934
vn -3.0069752397282419 2.4584112124200641 -4.9317809841573066
v 0.7000401616096497 0.4115284383296967 -0.1275859028100967
vn -3.6462186494751991 2.2033837758220818 -4.5867609586396281
v 0.6975296139717102 0.3930507898330688 -0.1358204782009125
vn 0.8332600117684263 1.8970107335298507 -5.4842780256187620
v 0.7448282837867737 0.4295039176940918 -0.1348162144422531
vn 1.9629533978371938 -4.8994199015827329 -2.9064032516080336
v 0.7255473136901855 0.2729463577270508 -0.1401386111974716
vn 1.8128550920307522 -1.2710691337898683 -4.8759122598450109
v 0.7622012495994568 0.4503916501998901 -0.1326069831848145
vn 5.3991915013010248 -0.7063265472657014 -3.0641636146358460
v 0.7599920034408569 0.3267724514007568 -0.1348162144422531
vn 5.1043343232946334 -1.3161387572715744 -3.3280205598689685
v 0.7576822638511658 0.3078931272029877 -0.1363225579261780
vn 0.9813750268122421 -1.6425426497700395 -4.5282012363574413
v 0.7718417644500732 0.4714802205562592 -0.1377284526824951
vn 5.1765788169191982 0.1549267551905682 -3.5142756325059463
v 0.7635067105293274 0.3679453432559967 -0.1370255053043365
vn 2.0389414116519919 -1.5351509480009482 -3.2838924990242626
v 0.7920265197753906 0.4908616244792938 -0.1413436383008957
vn -1.0702004480082923 2.6924731178686740 -5.0392343635064449
v 0.8078931570053101 0.5336412787437439 -0.1328078061342239
vn 1.8449067891449518 -0.6576136422043949 -3.2608823533971596
v 0.8091986775398254 0.5154649019241333 -0.1384314000606537
vn -5.9933479241770105 0.0839644493360704 -0.3049955101807739
v -0.7409118413925171 -0.3084957003593445 -0.1538964062929153
vn -5.2316071651299740 1.5314598797330947 1.4491713423762755
v -0.7310705184936523 -0.2378991991281509 -0.1468668580055237
vn -5.3349988340920440 1.2390687455245075 1.2565143447963312
v -0.7364932894706726 -0.2594898939132690 -0.1448584496974945
vn -5.2271281353673498 1.3595203767635609 1.9943948051386322
v -0.7234384417533875 -0.2135971337556839 -0.1464651674032211
vn -3.1481866833149965 -4.8890868717936007 -0.3337560472023129
v -0.7217313051223755 -0.3967664539813995 -0.1549006104469299
vn -4.5345945139921433 1.5947127578339191 3.3658402885142222
v -0.7133962512016296 -0.1924081444740295 -0.1400381773710251
vn -4.0335397036603364 1.9001304340053740 3.7225181680642172
v -0.6975296139717102 -0.1546495407819748 -0.1400381773710251
vn -1.1008594168388308 -6.1081938625744678 0.5535854082006521
v -0.6957220435142517 -0.4033942818641663 -0.1456617712974548
vn -3.7224381549443368 1.8742730959283760 4.0777264945778828
v -0.6860815882682800 -0.1342639327049255 -0.1380297690629959
vn 5.0538826343225516 2.9842406062318019 1.3555164498602879
v -0.6731271743774414 -0.3224543333053589 -0.1450592577457428
vn -0.9208758327166874 -6.0916172920288414 1.0678847291116695
v -0.6746335029602051 -0.4062060713768005 -0.1532938331365585
vn 4.8489472757370686 -2.6374847650087028 1.8254482211760716
v -0.6489254832267761 -0.2112874239683151 -0.1501807868480682
vn 4.0947454830611196 -2.8637836076680538 3.1569150669400958
v -0.6402892470359802 -0.1921068727970123 -0.1450592577457428
vn 4.4884674255876940 2.7953379943278165 1.0402457706633443
v -0.6304478645324707 -0.3580036461353302 -0.1439546197652817
vn -3.9707556758835616 4.1006892546461646 0.9388590036630220
v -0.6289415359497070 -0.0693914666771889 -0.1452601402997971
vn -4.6232343139406336 3.3328391921972336 -0.0453978170137146
v -0.6111669540405273 -0.0488050021231174 -0.1457622051239014
vn 3.9369240106844186 -0.9135277697329611 0.1831792847203785
v -0.6170917749404907 -0.3929504156112671 -0.1511849910020828
vn 2.7088617929359442 -4.6193254878511141 2.5692701905554705
v -0.5926893353462219 -0.1429002135992050 -0.1447580009698868
vn 2.3425177676672622 -5.1588359180485348 2.1570566284565613
v -0.5730066895484924 -0.1350672990083694 -0.1506828516721725
vn -5.1143873357315304 0.7933022431610597 -3.1648865652266887
v -0.5669813156127930 0.2233380079269409 -0.1452601402997971
vn -5.1674311421951344 0.4368046956279422 -3.3166959928745716
v -0.5685880780220032 0.2043582946062088 -0.1448584496974945
vn -5.0599583030501378 0.4260809104071468 -3.0801992157558682
v -0.5653746128082275 0.0533239431679249 -0.1457622051239014
vn -5.1498022004784110 1.3575354737952547 -2.4861400879138342
v -0.5684876441955566 0.0339425429701805 -0.1452601402997971
vn -4.8796051450063143 1.2503554853757910 -3.5145633057048924
v -0.5575416684150696 0.2470375448465347 -0.1506828516721725
vn 2.0931404627303469 -4.7703857881089862 3.2815729591260836
v -0.5549307465553284 -0.1210082620382309 -0.1406406909227371
vn -4.7465586095894441 2.2569767668602547 -3.1937962027118232
v -0.5410725474357605 0.3034746050834656 -0.1446575671434402
vn -3.9331183789692745 2.6728635748295408 -3.9181164112764235
v -0.5254067778587341 0.3251656591892242 -0.1487748920917511
vn 2.5149619278140247 -5.3399663865251066 1.5277757607395754
v -0.5137578248977661 -0.1064471006393433 -0.1502812206745148
vn -3.2243369425885970 3.2424719204028083 -3.9549351404018509
v -0.4922675192356110 0.3659369051456451 -0.1483731865882874
vn 2.5327629593230725 -5.0455317076250781 2.3788450639472130
v -0.4885519444942474 -0.0924884676933289 -0.1447580009698868
vn 2.9635819604565148 -4.9313205533880398 1.7671837456338415
v -0.4698734581470490 -0.0826471447944641 -0.1452601402997971
vn -2.4121980940525458 4.2510400492922029 -3.8362041105522322
v -0.4698734581470490 0.3829081952571869 -0.1456617712974548
vn 3.4024566136575007 -4.1213329135609182 -1.8369716615052094
v -0.4346254467964172 -0.0597509704530239 -0.1615284085273743
vn -1.2769071635709894 4.1959276004876989 -4.2259412537097170
v -0.4219723045825958 0.3970676958560944 -0.1549006104469299
vn 3.7088774706262528 -4.1818108153817555 -0.9655281342338595
v -0.4114280045032501 -0.0426792725920677 -0.1540972292423248
vn 3.3071541211577884 -4.2256970260952293 -2.4022968989328186
v -0.3969672620296478 -0.0266117881983519 -0.1606246531009674
vn 0.6222723657788546 4.1568193809190408 -4.5463053693476425
v -0.3466559648513794 0.4092186987400055 -0.1450592577457428
vn 3.9219751079639140 -4.2685388799794524 -0.7782181780859092
v -0.3256677985191345 0.0366539284586906 -0.1521891951560974
vn 1.1595678041529016 3.7445870428736994 -4.9084363802139999
v -0.2954408526420593 0.3923478424549103 -0.1470677256584167
vn 1.1008794970583384 3.9227415387400519 -4.7756294446370697
v -0.2742518782615662 0.3950592577457428 -0.1393352299928665
vn 4.4231841527178659 -4.0934644515066987 -0.4057787659219555
v -0.2915244102478027 0.0734082981944084 -0.1500803530216217
vn 3.8385456743411548 -4.8999108842826908 -0.1733571409166351
v -0.2552721500396729 0.1115685701370239 -0.1450592577457428
vn 0.9837890210190010 3.9916628294038468 -4.7475849990969641
v -0.2536654174327850 0.3836111426353455 -0.1453605145215988
vn 1.1345128860817704 4.0196080323344505 -4.6727721742403618
v -0.2164089232683182 0.3741715252399445 -0.1453605145215988
vn 0.8492439385468471 4.0046573302270305 -4.7464167357798424
v -0.1944165527820587 0.3645310103893280 -0.1485740095376968
vn 0.5803222704913695 4.1714921018117694 -4.6320612704692508
v -0.1686081737279892 0.3644306063652039 -0.1450592577457428
vn 0.4996785126392677 4.2111495570221589 -4.6076959261070725
v -0.1485238075256348 0.3632255196571350 -0.1438541859388351
vn -1.8533565363882163 -3.3269529956835133 -4.8304231509093345
v -0.1275356560945511 0.1120706796646118 -0.1427495330572128
vn 0.5280643141624936 3.9586808085671765 -4.8158609783227257
v -0.1284394562244415 0.3553926348686218 -0.1486744433641434
vn 0.5677591798827027 3.9265421993849565 -4.8452875862590910
v -0.1025306284427643 0.3553926348686218 -0.1455613970756531
vn -2.4405510370581971 -2.8763312951342170 -4.9435738958371260
v -0.0697931423783302 0.0736091434955597 -0.1439546197652817
vn 0.3144955474482798 3.7688264961185931 -4.9587915977754848
v -0.0178750790655613 0.3471580743789673 -0.1464651674032211
vn -1.6592368652064051 -3.2354266872002126 -5.0639554224956225
v -0.0062261545099318 0.0307290442287922 -0.1443563103675842
vn 0.5395541897738114 3.9663386875780855 -4.7873395068491762
v 0.0030126480851322 0.3461538255214691 -0.1455613970756531
vn -0.9034885187834980 -3.6787118187778427 -4.9546915852288382
v 0.0197830833494663 0.0169712603092194 -0.1415445208549500
vn 0.3312320766831408 4.0735807099743910 -4.7281134990023315
v 0.0516167879104614 0.3406306505203247 -0.1447580009698868
vn 0.3220452603269887 -3.2405915244148300 -5.3481326930221593
v 0.0661779493093491 0.0214902423322201 -0.1451597064733505
vn 0.1795115110563117 3.9262708970178504 -4.8704329025080400
v 0.0792327746748924 0.3346053361892700 -0.1480719298124313
vn 0.5877442040626659 -3.4441795312267227 -5.1918114604390899
v 0.0950994119048119 0.0151636693626642 -0.1390339732170105
vn 0.6557375982511706 -3.1330715773212283 -5.3922558192238421
v 0.1123719587922096 0.0275155473500490 -0.1442558765411377
vn -0.2147346560152363 4.3123599311529013 -4.5364403325073708
v 0.1305482983589172 0.3364129364490509 -0.1453605145215988
vn -0.6354381017983043 4.3498273662006115 -4.4529687082100349
v 0.1516368687152863 0.3377184271812439 -0.1465656012296677
vn 0.2059671712850756 -3.3479835733750827 -5.2908762692930793
v 0.1516368687152863 0.0244024712592363 -0.1389335393905640
vn -5.3748994297660380 -0.4493181327496905 -2.8005031204791426
v 0.1938140094280243 0.0114480638876557 -0.1485740095376968
vn -5.9551368570126746 0.2423533129004732 -0.1655237532787555
v 0.1896967291831970 -0.0122514748945832 -0.1450592577457428
vn -5.5818065486811914 0.3450696146065900 0.2078534916500546
v 0.1866840720176697 -0.0342438444495201 -0.1505824774503708
vn -5.2614520128686690 -0.5249806772069180 0.5524221621225069
v 0.1859811097383499 -0.0647720620036125 -0.1561056375503540
vn -4.6218318802110359 -1.3726741072223048 3.6912220293719376
v 0.1982325762510300 -0.0867644324898720 -0.1445571333169937
vn -4.6342275795303900 -0.9992761783984137 3.7187287699452249
v 0.2172122895717621 -0.1433018893003464 -0.1446575671434402
vn -3.7950359992588858 -1.0081420847488907 4.6288722449586039
v 0.2433219552040100 -0.2312713712453842 -0.1441555023193359
vn -2.4317776911571332 -0.8969561459629989 5.6064308995088563
v 0.2551717162132263 -0.2476401180028915 -0.1403394341468811
vn -0.5602415312013138 4.5813801778580352 -3.9240633940967751
v 0.2740510106086731 0.3703554868698120 -0.1419462114572525
vn 0.5171739886918520 -0.5729010351353471 6.0528314581954881
v 0.2833902239799500 -0.2476401180028915 -0.1350170969963074
vn -1.5293952559937294 -1.0024430222245555 5.7324972790263580
v 0.2653143405914307 -0.2736493349075317 -0.1393352299928665
vn 1.4578061014729198 -0.1712003126516037 5.8045679086361659
v 0.2925286293029785 -0.2676240503787994 -0.1374271959066391
vn -3.4160766815052015 -0.7466374500131728 4.9108746170470114
v 0.2584856152534485 -0.2982527017593384 -0.1463647186756134
vn -0.8183479198252449 0.0363946811726673 6.0046955333329430
v 0.2833902239799500 -0.2946375012397766 -0.1374271959066391
vn -1.6873624428767080 -0.4899966477561252 5.8714576560069762
v 0.2739506065845490 -0.3158264756202698 -0.1405403167009354
vn -0.5218922148697881 4.0033730875793179 -4.6171848969186025
v 0.2917252480983734 0.3651335537433624 -0.1493773907423019
vn 1.8586037128775161 -0.4015108350660754 5.6644785823944712
v 0.2979514002799988 -0.3100020289421082 -0.1393352299928665
vn 0.6141128424005318 -0.0290481785374897 6.0083536246522371
v 0.2941353619098663 -0.3332999050617218 -0.1397369205951691
vn 2.5741125486684915 0.1395452035045265 5.3444224845567510
v 0.3013657331466675 -0.2852982878684998 -0.1393352299928665
vn -1.2405215836995787 -0.0597091305244864 5.9945987743861009
v 0.2866037189960480 -0.3670416176319122 -0.1406406909227371
vn 2.0621081455875783 0.2161740212885416 5.6809341875253239
v 0.3061859905719757 -0.3558947741985321 -0.1416449546813965
vn -2.5206177194633734 -0.3158981613543038 5.6316446958311799
v 0.2782687246799469 -0.3946575820446014 -0.1443563103675842
vn -0.2731941453271620 0.4437907426168620 6.1281655922983713
v 0.3022695481777191 -0.3970677256584167 -0.1383310258388519
vn -3.6745433605492681 -0.8370846896349329 4.6265477871349834
v 0.2749548256397247 -0.4141393899917603 -0.1470677256584167
vn -1.0661440178046113 0.8448124155576080 5.8751221926872335
v 0.3022695481777191 -0.4217714667320251 -0.1343141496181488
vn 4.7534150524678820 -0.6922801943966617 3.7741558864976819
v 0.3156256377696991 -0.1923077255487442 -0.1448584496974945
vn 4.5264106901798584 -0.5725047139767683 3.9754276357538902
v 0.3143201470375061 -0.2248443663120270 -0.1473689824342728
vn 3.6874191848602633 -0.5038751136913954 4.4947427661057047
v 0.3114079236984253 -0.2477405369281769 -0.1453605145215988
vn 2.1930061574244393 0.8219896823934669 5.5436077976555129
v 0.3116087615489960 -0.3793934881687164 -0.1411428153514862
vn 2.7619887325668118 1.6240074283866450 5.1089790340065289
v 0.3202450275421143 -0.4079132676124573 -0.1404398679733276
vn 5.0514969996040344 -1.0699078178006571 2.9653009682473699
v 0.3215505182743073 -0.1649930030107498 -0.1442558765411377
vn 5.3574805409533965 -1.2926827898043116 1.5658169012766583
v 0.3297850787639618 -0.1343643516302109 -0.1449588239192963
vn 0.7223907257570026 4.3921076101736967 -4.1263515031544031
v 0.3411327600479126 0.3641293346881866 -0.1492769569158554
vn 5.7078428208334024 -2.2914546253566828 -0.1478871285059252
v 0.3351074755191803 -0.1061458289623260 -0.1450592577457428
vn 4.0405425355749216 3.0921645644243636 3.3039595950506477
v 0.3385218083858490 -0.4233782291412354 -0.1461639106273651
vn -1.0373974680051785 -5.8865322318822244 1.6599715149676135
v 0.3399277031421661 -0.5430809259414673 -0.1475698053836823
vn 2.8850982880940750 -4.6197004360578209 -2.8918828837048949
v 0.3615183830261230 -0.0756176114082336 -0.1508837342262268
vn 4.7917791733149198 3.0334347336101821 0.8222765946404372
v 0.4107250571250916 -0.4978911876678467 -0.1558043807744980
vn 1.4123613262774668 3.6981829048963464 -4.8703481699918152
v 0.4240811467170715 0.3369150161743164 -0.1469672918319702
vn 2.5421752301067024 -4.0455051196850409 -3.8735012788836225
v 0.4293031096458435 -0.0414742119610310 -0.1484736353158951
vn 1.1581135695309090 3.0421941331299891 -5.3490989078939783
v 0.4441654980182648 0.3346053361892700 -0.1437537968158722
vn 0.7220425424025742 2.2989011281593945 -5.7971668702365617
v 0.4668608307838440 0.3324964940547943 -0.1406406909227371
vn 2.6793208431793389 -4.0085724528369795 -3.9114557919754018
v 0.4551114737987518 -0.0291223321110010 -0.1431512236595154
vn 0.3788932704636821 1.8671663367600009 -5.9677257511940942
v 0.4860413968563080 0.3362120687961578 -0.1380297690629959
vn 0.4281647307177643 1.4219559446125341 -6.0808424291778076
v 0.5094397068023682 0.3455512821674347 -0.1346154063940048
vn 0.8140495504906281 1.0239949256516852 -6.1403485864447900
v 0.5114480853080750 0.3138180077075958 -0.1395360529422760
vn 2.8851238804833721 -2.7300004655791508 -4.8256661445347122
v 0.5153645277023315 0.0248041599988937 -0.1453605145215988
vn 0.5968877510030650 1.0200161460563328 -6.1685958900469675
v 0.5312311649322510 0.3279775083065033 -0.1355192214250565
vn 0.8254204286595523 0.5221721780705411 -6.1948489847342572
v 0.5376582145690918 0.3008636236190796 -0.1386322826147079
vn 1.2980315064389543 0.5938004724177501 -6.1128829913025102
v 0.5075316429138184 0.2834906578063965 -0.1444567441940308
vn 0.9604794420599252 0.0939392308840688 -6.2074624507778324
v 0.5494075417518616 0.2843944728374481 -0.1370255053043365
vn 1.2011135681133933 -0.0243882792113401 -6.1649305055415304
v 0.5376582145690918 0.2604940533638000 -0.1394356638193130
vn 1.3825944677345698 -0.4785327023893975 -6.1059013421928547
v 0.5482024550437927 0.2438240498304367 -0.1364229917526245
vn 2.2360587324775456 0.3672817928363967 -5.8103132597322977
v 0.5202852487564087 0.2295641601085663 -0.1432516723871231
vn 3.0986337467648726 0.9768364143393026 -5.3552210023037796
v 0.5232978463172913 0.1949186474084854 -0.1460634618997574
vn 3.5799485104124944 1.0366884879563258 -5.0454551746833145
v 0.5295240283012390 0.1760393530130386 -0.1461639106273651
vn 3.9358061929270796 1.1334757132827034 -4.7642600393132595
v 0.5371560454368591 0.1575617492198944 -0.1445571333169937
vn 0.7627085511949745 0.4942390585162659 -6.2051395473074802
v 0.5565374493598938 0.3078931272029877 -0.1357200443744659
vn 0.9250076566964697 -0.1728899863847316 -6.2098732060968107
v 0.5670817494392395 0.2685278058052063 -0.1346154063940048
vn 3.8301943899466817 0.7885809641432177 -4.8874029326550144
v 0.5342438220977783 0.1337617784738541 -0.1527917683124542
vn 3.1495650697235344 -1.4141741746744010 -5.1799547499774112
v 0.5377585887908936 0.0635669678449631 -0.1488752663135529
vn 4.0362812854799088 0.6242663843155198 -4.7230018600326131
v 0.5475999712944031 0.1108656227588654 -0.1455613970756531
vn 0.8414888758362553 0.2204460388498735 -6.2197066494781454
v 0.5753163695335388 0.2985539138317108 -0.1335107535123825
vn -4.7617503460112767 1.0670734179378409 -3.9454528350676616
v 0.6883912086486816 0.3361116647720337 -0.1473689824342728
vn -4.3017195743336663 1.7049913358813158 -4.2300771585858090
v 0.6957220435142517 0.3667403161525726 -0.1455613970756531
vn -0.8257751660077377 -4.7696131457257644 -3.2640167465753960
v 0.7065675854682922 0.2726451158523560 -0.1448584496974945
vn -2.3690024044720324 3.3762370828766652 -4.6733808662630665
v 0.7219321131706238 0.4114279747009277 -0.1417453289031982
vn 3.5854219522870916 -3.5163957045107068 -3.4376738179541428
v 0.7403093576431274 0.2889133989810944 -0.1478710621595383
vn -1.5362720193444217 1.4689290491235911 -5.4868726631910478
v 0.7756578326225281 0.5014058947563171 -0.1390339732170105
vn 4.5116289317013596 1.1833232863195595 -3.9243419728699682
v 0.7560755610466003 0.3923478424549103 -0.1458626538515091
vn 5.6046596391285242 -0.6446874265595838 -2.7290607223918260
v 0.7563768029212952 0.3420365452766418 -0.1488752663135529
vn -5.8955328424811171 0.4946715695285731 -0.4295782710171221
v -0.7400081157684326 -0.2852982878684998 -0.1565073281526566
vn -6.0825456014902297 -0.5000386516395801 -1.1531721172166489
v -0.7363929152488708 -0.3522796034812927 -0.1620305478572845
vn -3.7131901302657231 2.7808775235376624 -0.5519204562338251
v -0.6905001401901245 -0.1145812645554543 -0.1622313559055328
vn -4.8330388822346864 2.0880616348012713 -1.1281963832059114
v -0.7024503350257874 -0.1430006176233292 -0.1678550094366074
vn -2.9758734196286438 3.9438237503183644 0.3825522965887197
v -0.6725246310234070 -0.0971078723669052 -0.1543984860181808
vn 5.4023383155520444 -2.0390290554077208 -1.1136335462802722
v -0.6681060791015625 -0.2508536279201508 -0.1645410805940628
vn 4.1798126648866845 4.6177792933020561 0.4841311093932041
v -0.6554529070854187 -0.3368146419525146 -0.1518879383802414
vn -2.6825917673139985 4.4452294778739736 -2.0773815708638010
v -0.6482225656509399 -0.0872665420174599 -0.1620305478572845
vn 0.8306623813940947 -5.3369565709469029 0.3019868034464934
v -0.6466158032417297 -0.4138381481170654 -0.1535950899124146
vn 4.3506054831938989 -3.7698794115279419 -0.1612083959505746
v -0.6195019483566284 -0.1731271445751190 -0.1640389561653137
vn 4.8475361969205029 -2.4762941850799463 -0.8685547151817862
v -0.6277365088462830 -0.3980719149112701 -0.1724743992090225
vn -3.4832978695414289 1.5344541571952599 -4.5848904036373508
v -0.5662783980369568 0.0122514376416802 -0.1577124148607254
vn -4.7479121052643203 -0.0949641365040372 -3.7020493132867127
v -0.5664792656898499 0.1739304959774017 -0.1521891951560974
vn -4.2971055828897775 -0.3642772724671689 -4.3145344561142078
v -0.5562362074851990 0.0997188016772270 -0.1556035578250885
vn -3.5258967552023162 -0.0413699075858726 -4.9643444345132375
v -0.5513155460357666 0.0666800439357758 -0.1591183096170425
vn 2.7202075841403217 -5.3141703539133518 0.1874299633612244
v -0.5392649173736572 -0.1212090998888016 -0.1601225137710571
vn -3.2733583762014478 2.8257610200680814 -4.4563510846014704
v -0.5078328847885132 0.3393251597881317 -0.1538964062929153
vn -0.2450101370025068 4.0156157089255284 -4.3882811353142301
v -0.3921470344066620 0.4034946560859680 -0.1559048146009445
vn 3.9708286712744156 -3.8334480113138114 -1.9747529419520773
v -0.3606145977973938 -0.0000000187050126 -0.1544989198446274
vn 0.8252411603512529 3.4707121619200905 -5.1607381634899658
v -0.3202450573444366 0.3900381624698639 -0.1542980372905731
vn 0.9136249873547476 3.6613675059883199 -5.0118762599570639
v -0.2694316208362579 0.3725647628307343 -0.1573107093572617
vn 4.2654356714888024 -4.2265384125603074 -1.0029154972192691
v -0.2741514444351196 0.0933922305703163 -0.1544989198446274
vn 0.9748999063091147 3.6634023550376984 -4.9945816591021437
v -0.2392046749591827 0.3672423958778381 -0.1557040065526962
vn 3.3772676057666038 -4.1661070011399177 -3.0179050416227380
v -0.2421169131994247 0.1282385736703873 -0.1660474240779877
vn 0.6803445312025928 -3.5181691056008151 -4.6650116040333724
v -0.1884916722774506 0.1432014405727386 -0.1559048146009445
vn -1.3690836298235700 -1.9198182370730588 -5.7233847716618342
v -0.1050411909818649 0.1182968318462372 -0.1518879383802414
vn 0.5640325525036515 3.0623229309815088 -5.4176378878750651
v -0.0907812938094139 0.3397268652915955 -0.1550010442733765
vn -1.8949384341290159 -1.9722326572539441 -5.6183081672247894
v -0.0732074752449989 0.1020285040140152 -0.1549006104469299
vn 0.3329389697797283 3.5932552372628503 -5.1358983635679918
v -0.0672825872898102 0.3463546931743622 -0.1481723189353943
vn 0.1133143159872309 3.6493835326343191 -5.0866899849679612
v -0.0390640720725060 0.3460534214973450 -0.1477706879377365
vn -1.9940996705062091 -2.8190179103050870 -5.2066536915674932
v -0.0453906469047070 0.0662783533334732 -0.1499799042940140
vn -1.9096265287747962 -2.1053130664185713 -5.5947348609906680
v -0.0482024587690830 0.0839525908231735 -0.1564069539308548
vn -1.6230669217247538 -2.6034463176359290 -5.4343157287896435
v -0.0169712826609612 0.0585458762943745 -0.1562060713768005
vn -0.6303582097765962 -2.6782978024242139 -5.5632632975786533
v 0.0222936272621155 0.0389636307954788 -0.1556035578250885
vn 0.4415657692202786 3.3093214295082261 -5.2847058056334362
v 0.0289214644581079 0.3235589265823364 -0.1590178757905960
vn -0.0762492768100568 -3.2758334266565470 -5.3129806096241285
v 0.0386623777449131 0.0246033146977425 -0.1484736353158951
vn 0.4268546352243526 -2.7563352847722338 -5.6191966510442599
v 0.0857601985335350 0.0355492904782295 -0.1511849910020828
vn 0.4654502767200825 -2.7551500743074246 -5.6214767945317785
v 0.1351676881313324 0.0449889339506626 -0.1509841680526733
vn -0.0397232505292468 -2.4949252120778631 -5.7506090925400359
v 0.1656959205865860 0.0509138219058514 -0.1519883722066879
vn -2.5113394950536452 -1.8015432077035844 -5.0604158060237161
v 0.1870857626199722 0.0401686914265156 -0.1488752663135529
vn -0.4557404708051103 3.6366904378395084 -5.0935161668483744
v 0.1982325762510300 0.3342036306858063 -0.1538964062929153
vn -0.7344668317714105 3.5550350979583936 -5.1194774953641833
v 0.2199236899614334 0.3436433076858521 -0.1499799042940140
vn -5.1525675648085567 -2.2923324869281889 1.4587002551804085
v 0.1991363614797592 -0.1063466817140579 -0.1566077619791031
vn -5.3933125742996930 -1.3190504286821911 -0.4423782450585797
v 0.2047599852085114 -0.1275356709957123 -0.1668508052825928
vn -4.8330986090564476 -1.3039734154279969 3.1904964435642444
v 0.2170114517211914 -0.1628841310739517 -0.1504820436239243
vn -5.2194516773638320 -1.4283990422096384 1.9037955114727774
v 0.2193211615085602 -0.1813617348670959 -0.1566077619791031
vn -4.7579446091346540 -1.2513185038308008 3.1383662285225249
v 0.2256477177143097 -0.2003414630889893 -0.1529925763607025
vn -0.7962672225466767 3.1937594288090612 -5.3309019335952570
v 0.2430206984281540 0.3427394926548004 -0.1537959724664688
vn -5.2366708921750504 -1.4162507038885650 2.2387741760314537
v 0.2290620654821396 -0.2194215953350067 -0.1572102755308151
vn -4.7347280250649089 -1.0439208437959262 3.4229155253041710
v 0.2417152076959610 -0.2601928412914276 -0.1523900777101517
vn -1.1245702878143271 3.2336969333629164 -5.2102101297218573
v 0.2645109295845032 0.3544888496398926 -0.1514862477779388
vn -4.5075467292596132 -0.1452284300549447 3.8871317537004453
v 0.2534645497798920 -0.3229564428329468 -0.1529925763607025
vn -3.0198980112134599 -0.5322543587723266 5.2894424905884749
v 0.2650130391120911 -0.3513757884502411 -0.1477706879377365
vn -4.5191878315511893 -0.7022496247138433 3.6683074363295818
v 0.2558746635913849 -0.3746736645698547 -0.1570094674825668
vn -5.0161746736444552 -1.7823095649534195 2.8757678558329127
v 0.2791725397109985 -0.4451697468757629 -0.1543984860181808
vn -5.4122094385243056 -1.0580396090760524 2.6937758546644996
v 0.2875075340270996 -0.4723840355873108 -0.1537959724664688
vn -5.8091021289284868 -1.0102881954277692 1.7755801081476446
v 0.2902188897132874 -0.5007029771804810 -0.1591183096170425
vn -3.8952415407450394 -3.5831633264827163 1.9009346169261345
v 0.3011648952960968 -0.5311307907104492 -0.1543984860181808
vn 5.3706942373627795 -0.2515761139522995 1.3443597722081142
v 0.3205462992191315 -0.2593894600868225 -0.1599216908216476
vn 5.0163559090732512 0.2796340714524583 2.5076099365884916
v 0.3191403746604919 -0.2897168397903442 -0.1542980372905731
vn 4.8677033760374577 0.4194824150242455 3.0462366782472605
v 0.3202450275421143 -0.3135167956352234 -0.1549006104469299
vn 3.7841456848602686 0.6186563415731551 4.2125030610579657
v 0.3179353177547455 -0.3347057998180389 -0.1483731865882874
vn 4.9904381519690881 0.8273039921222199 3.2111662693013283
v 0.3269732892513275 -0.3782888352870941 -0.1538964062929153
vn 4.7657010454001512 -3.0078354362462396 -2.4982482257779983
v 0.3394255936145782 -0.0890741348266602 -0.1590178757905960
vn 4.7757505613121776 3.7825188680296744 0.7593704829673138
v 0.3583048880100250 -0.4457722902297974 -0.1541976630687714
vn 4.1516111916311775 4.4860224121006862 0.4385365201133054
v 0.3769833445549011 -0.4646515548229218 -0.1544989198446274
vn 1.4122764264378134 3.7323243384139260 -4.6475216576415006
v 0.3867242634296417 0.3437437117099762 -0.1561056375503540
vn 2.4292436214077071 -3.9872254929900777 -4.1279054312704329
v 0.3761799633502960 -0.0596505552530289 -0.1589174866676331
vn 0.9193298034392725 -5.3176846700369271 1.1655923888358251
v 0.3918457627296448 -0.5520185232162476 -0.1581141054630280
vn 4.3542946945513421 4.3634562638498782 0.2552802601405664
v 0.3938542008399963 -0.4808194935321808 -0.1572102755308151
vn 2.1310119809460191 -3.9171570058405094 -4.3042023653853718
v 0.4019883573055267 -0.0485037378966808 -0.1560052633285522
vn 4.4726564245769751 -0.0267070148766438 1.2493680231433024
v 0.4211689233779907 -0.5206868648529053 -0.1551014333963394
vn 1.2904164423218878 1.6744374526360475 -5.8996186962140689
v 0.4738903343677521 0.3107049763202667 -0.1474693715572357
vn 2.4702803738710362 -3.1354655513610044 -4.8200798561977871
v 0.4622414112091064 -0.0072303861379623 -0.1557040065526962
vn 2.7343566847703138 -2.9048676312888388 -4.8002892568334286
v 0.4883510768413544 0.0100421588867903 -0.1529925763607025
vn 1.3600492554774746 1.0307783723676307 -6.0457769613940311
v 0.4895561337471008 0.2985539138317108 -0.1463647186756134
vn 1.8320850224050413 1.1139322502382418 -5.9000107088808393
v 0.4739907681941986 0.2858003675937653 -0.1525908857584000
vn 1.9576819177248139 0.7386080917801069 -5.9146777270860751
v 0.4903595149517059 0.2609961628913879 -0.1510845571756363
vn 1.4830161591391873 0.2468880729525719 -6.0959520009026607
v 0.5176742672920227 0.2590881586074829 -0.1434525400400162
vn 2.2666041588228598 0.8850178775778650 -5.7512433974724306
v 0.4997991621494293 0.2420164644718170 -0.1496786475181580
vn 3.1445050147321951 1.2237700725138354 -5.2940580762666478
v 0.5043181777000427 0.2022494375705719 -0.1564069539308548
vn 3.5303117444751955 -0.3628378941081557 -5.0942957939823330
v 0.5430809259414673 0.0913837999105453 -0.1501807868480682
vn -3.4920209944090423 -2.2007342802400758 -4.0864064144413854
v 0.6956216096878052 0.2913235425949097 -0.1568086445331573
vn -2.6594833187156239 2.6653708237550600 -4.7713014640175002
v 0.7173126935958862 0.3906406760215759 -0.1539967805147171
vn 0.7430106765317415 2.8350486461979578 -4.5846306754145907
v 0.7395059466362000 0.4081140756607056 -0.1515866816043854
vn 4.4801703895710174 -2.1727828190078160 -3.4191376263271853
v 0.7444266080856323 0.3110062181949615 -0.1613276004791260
vn -5.0921311063068666 0.8478143753523757 -3.0431105818370368
v -0.7309701442718506 -0.2679253220558167 -0.1757883429527283
vn -5.0207501887740387 -2.3703522183328323 -1.4500525244305869
v -0.7317734360694885 -0.3826069831848145 -0.1672525107860565
vn -5.5846786650710900 1.5526252795068995 -0.9087286893740312
v -0.7189195156097412 -0.1915043443441391 -0.1639385819435120
vn -5.1040320750717250 1.8319556647219188 -0.8836163276956781
v -0.7123920917510986 -0.1676039695739746 -0.1652440428733826
vn -1.5910418645190323 -5.9909651063069651 -0.4264815052383716
v -0.6849769353866577 -0.4061056673526764 -0.1718719005584717
vn 5.3695635230006680 2.8170031472496317 -0.8558206570742988
v -0.6735288500785828 -0.3178349137306213 -0.1639385819435120
vn 5.2756708887846333 -0.6471467701083190 -2.6302312704428479
v -0.6784495115280151 -0.2746535837650299 -0.1747841387987137
vn 4.9588820795079815 -2.6285078209709445 -2.4029748003630713
v -0.6587668657302856 -0.2258486002683640 -0.1703655570745468
vn -2.6788656029995410 3.8994437584191171 -3.2357420334442484
v -0.6309500336647034 -0.0755171924829483 -0.1640389561653137
vn 4.4817470339678103 -3.3035161713151746 -1.8080195289345544
v -0.6333601474761963 -0.1885921061038971 -0.1712693274021149
vn 4.6508560689058056 4.0278403029771690 -0.8382820433234996
v -0.6398875713348389 -0.3516770899295807 -0.1636373251676559
vn -2.7086928298371098 3.3246943373990958 -4.2197917590458953
v -0.6129745244979858 -0.0656758621335030 -0.1650432199239731
vn 5.7357985027189722 2.1212194951603505 -1.2024602417692463
v -0.6296445727348328 -0.3701546788215637 -0.1638381332159042
vn -3.0707119326371535 2.6147908659182493 -4.3495120123763291
v -0.5945973396301270 -0.0403695702552795 -0.1618297249078751
vn 2.6837364828968022 -3.6490284462442757 -3.0146383739904374
v -0.6003214120864868 -0.1493271887302399 -0.1820144951343536
vn -2.7783083581760790 1.9297598115880454 -5.0435640817965393
v -0.5766218900680542 -0.0203856397420168 -0.1618297249078751
vn -4.0317232295177297 0.4369543647303055 -4.7278252282528985
v -0.5475999712944031 0.2231371551752090 -0.1650432199239731
vn -3.9355003447404959 0.2668492075084966 -4.8676107068216439
v -0.5483028888702393 0.2021490186452866 -0.1649427860975266
vn -3.8345758405431756 -0.2562897110456602 -4.8092387338320108
v -0.5528218150138855 0.1562562584877014 -0.1634364426136017
vn -3.8796680745734213 -0.4398347150850105 -4.6494057620664417
v -0.5541273355484009 0.1290419697761536 -0.1613276004791260
vn -2.3201649629821879 0.2886024582446968 -5.7092756293785616
v -0.5420767068862915 0.0424783937633038 -0.1638381332159042
vn -3.7087999163763907 1.5228933699838847 -4.6759596752202741
v -0.5370556712150574 0.2709379196166992 -0.1645410805940628
vn -3.5569828651266828 1.8929386885869670 -4.7452820878285289
v -0.5283189415931702 0.2926290333271027 -0.1625326722860336
vn -3.1351118634310331 2.2597920559576683 -4.8969162241282511
v -0.5168708562850952 0.3080939948558807 -0.1640389561653137
vn -2.8421962284429814 2.7024380941585169 -4.8727393847264890
v -0.4881502687931061 0.3503715693950653 -0.1596204340457916
vn 2.7779370857735386 -4.7821941764360236 -1.3156219546041275
v -0.4900582432746887 -0.0973087176680565 -0.1640389561653137
vn -2.0100140324387219 2.9033304298282232 -5.1131133340480517
v -0.4657562077045441 0.3606145679950714 -0.1652440428733826
vn 3.0550058953980179 -4.4129730137103342 -2.2250655930172236
v -0.4665595889091492 -0.0805382803082466 -0.1670516282320023
vn -1.6306054295883068 3.4244060704090260 -4.7452622217378648
v -0.4443663358688354 0.3806989490985870 -0.1618297249078751
vn 0.7015316057906438 3.2896456794543663 -5.2704663201881354
v -0.3729664683341980 0.3926491141319275 -0.1601225137710571
vn 3.3865475271826644 -3.9207287483362290 -2.7144197550359754
v -0.3761799633502960 -0.0119502097368240 -0.1590178757905960
vn 0.6143355483678545 3.0573006893597090 -5.4482991403391372
v -0.3508736789226532 0.3810001909732819 -0.1632356196641922
vn 3.7271872933323116 -3.3258143248803687 -3.2388888767529957
v -0.3528821468353271 0.0180759001523256 -0.1661478579044342
vn 3.0665182667265447 -3.6050588788911528 -3.9131313430740988
v -0.3402289748191833 0.0386623628437519 -0.1725748479366302
vn 0.8262805770092754 3.4382614138760283 -5.1858905159523783
v -0.3000602424144745 0.3712592720985413 -0.1635368764400482
vn 3.7656424203952699 -3.5151593985732568 -3.2831950083280645
v -0.2932315766811371 0.0829483717679977 -0.1722735911607742
vn 3.8001074749329193 -4.1200724047697479 -2.3940414471955864
v -0.2634063363075256 0.1075517013669014 -0.1649427860975266
vn 2.2913868612577919 -3.3487638985198278 -4.4911215144302927
v -0.2136975377798080 0.1472183018922806 -0.1647419631481171
vn 0.8347040219678121 3.4795256575498716 -5.1619597115934370
v -0.2061659097671509 0.3456517457962036 -0.1640389561653137
vn 0.5015147868570180 3.4877566054060600 -5.1952135614763781
v -0.1767423152923584 0.3387226164340973 -0.1651435941457748
vn 0.2708931962896109 -2.2858950335602577 -5.4061200408888501
v -0.1685077399015427 0.1455111354589462 -0.1552018672227859
vn 1.6475276070782532 -0.9204262144274274 -5.9788460205696765
v -0.1848764866590500 0.1669009774923325 -0.1604237705469131
vn 0.8528210378443428 -0.2734468040922011 -6.1805847403439449
v -0.1614782214164734 0.1631853580474854 -0.1543984860181808
vn 1.5979112147437218 -0.6261381837494715 -5.9837296907141351
v -0.1693111211061478 0.1948182135820389 -0.1580136716365814
vn 0.6010942493274574 3.2962588481053858 -5.2823235898725480
v -0.1506326645612717 0.3385217785835266 -0.1628339290618896
vn 0.0860124126077759 -0.3727810265773522 -6.1931048707174643
v -0.1425989270210266 0.2043582946062088 -0.1545993536710739
vn 1.5053332169770024 -1.0530660964723650 -5.9258737100874823
v -0.1592689305543900 0.2236392796039581 -0.1589174866676331
vn -0.0435285480283693 -0.2749642540154117 -6.2445732174716664
v -0.1413938552141190 0.1784494817256927 -0.1538964062929153
vn -0.5797290216627983 -2.0771569690374760 -5.5251217224070359
v -0.1461136788129807 0.1366740167140961 -0.1528921425342560
vn 1.5044092218632859 -1.6352057390162520 -5.7848616716937746
v -0.1581642925739288 0.2460333257913589 -0.1638381332159042
vn 0.0498433394113153 -0.8859947210749840 -6.1277105524566791
v -0.1402892321348190 0.2231371551752090 -0.1563065052032471
vn -0.2647535547043325 -0.3033384120868839 -6.2582838043631703
v -0.1331592798233032 0.1572604775428772 -0.1534947156906128
vn 0.7629267706804291 2.7696461444997551 -5.5194217412344280
v -0.1212090849876404 0.3345049321651459 -0.1621309816837311
vn -0.3311475558679416 -1.0582984900484642 -6.1015103292126360
v -0.1256276369094849 0.2436231970787048 -0.1603233963251114
vn -0.4262192867714142 -1.0852630945950215 -6.1287230679284761
v -0.1261297613382339 0.1384816020727158 -0.1529925763607025
vn -1.1731986282147111 -0.4479618968317178 -6.1381669320814787
v -0.1209078282117844 0.2042578756809235 -0.1574111580848694
vn -1.1168077039591326 -0.5122193497522205 -6.1484390053153106
v -0.1146816760301590 0.1714199483394623 -0.1565073281526566
vn -1.0575438619806428 -0.7950632141155169 -6.1225153459283286
v -0.1049407646059990 0.1431010067462921 -0.1551014333963394
vn -1.7318566992305988 -0.5196770518415940 -6.0159567020912501
v -0.0955011099576950 0.1852781474590302 -0.1627334952354431
vn -1.7369275122183465 -0.8938890544943343 -5.9695400048258431
v -0.0870656892657280 0.1564571112394333 -0.1620305478572845
vn -1.5836158197106922 -1.1197640790528207 -5.9657996624683651
v -0.0830488055944443 0.1286402642726898 -0.1578128486871719
vn 0.2488358926406498 2.3186274071902639 -5.7667234066861246
v -0.0670817494392395 0.3264711499214172 -0.1602229475975037
vn -1.8123113339025114 -1.2565119072836095 -5.8788310524057987
v -0.0637678280472755 0.1291423887014389 -0.1643402725458145
vn 0.1296022357271195 2.3709258506341557 -5.7504609164946849
v -0.0460935980081558 0.3258686661720276 -0.1599216908216476
vn 0.0075332856060969 2.7718385022193113 -5.6037124515181631
v -0.0249046031385660 0.3278770744800568 -0.1584153622388840
vn 0.1190224990352490 3.2215729943984739 -5.3653922427032983
v 0.0010042123030871 0.3277766406536102 -0.1583149284124374
vn -0.8161810158668060 -2.2967313379413579 -5.7418530704752913
v 0.0103434380143881 0.0542277395725250 -0.1603233963251114
vn 0.2283008630489661 -2.4144012933477859 -5.7526870287973946
v 0.0481020249426365 0.0436834506690502 -0.1580136716365814
vn 0.3135358995394834 2.9796986573205757 -5.5019307263144004
v 0.0574412494897842 0.3128138184547424 -0.1631351858377457
vn 0.3794580350983591 -2.1966480600261842 -5.8580786492289292
v 0.0648724585771561 0.0525205694139004 -0.1601225137710571
vn -0.0018234149329695 3.1138947026309256 -5.4264875433285127
v 0.0950994119048119 0.3163285553455353 -0.1601225137710571
vn 0.3273974181787692 -2.0563621965962606 -5.9182461037017351
v 0.0857601985335350 0.0611568391323090 -0.1619300991296768
vn 0.4639356674834194 -2.3974335338787309 -5.7741699313716417
v 0.1067483425140381 0.0532235205173492 -0.1576119661331177
vn -0.3642877263852521 3.0664186543125034 -5.4074888625402542
v 0.1351676881313324 0.3134163618087769 -0.1638381332159042
vn 0.3999961167989120 -2.1065201262055262 -5.9000695148800038
v 0.1421972364187241 0.0702952221035957 -0.1611267775297165
vn -0.5077419602786335 3.5742409432616591 -5.1098397073316129
v 0.1526410877704620 0.3222534656524658 -0.1594195663928986
vn -0.3638679235238237 3.6213999717448626 -5.0803005402146244
v 0.1728258728981018 0.3276762366294861 -0.1575115919113159
vn 0.2044540031173502 -1.9437742130944957 -5.9688123544502618
v 0.1716208010911942 0.0799357146024704 -0.1623318046331406
vn -1.4947312777819755 -1.1819610443068329 -5.7393769098510576
v 0.1975296288728714 0.0798352956771851 -0.1622313559055328
vn -2.7732068736289741 -0.7920401056952980 -5.2437313695495842
v 0.1963245719671249 0.0557340681552887 -0.1574111580848694
vn -5.3021379164208504 0.9262813075229182 -2.9792844531497700
v 0.1979313194751740 -0.0022092976141721 -0.1656457334756851
vn -5.0211052863304531 1.0920295701378830 -3.3980027745899548
v 0.1978308856487274 -0.0214902795851231 -0.1708676964044571
vn -4.9379617985797477 -1.1848055744530761 -0.7112179404985322
v 0.1891946196556091 -0.0875678062438965 -0.1639385819435120
vn -4.4445154037605725 0.5546811088076538 -4.3646961366734018
v 0.2093794047832489 0.0349467583000660 -0.1708676964044571
vn -0.3382325372350618 2.9347343931396597 -5.5321459855636732
v 0.2222333848476410 0.3250652551651001 -0.1616288572549820
vn -5.5569204489164452 -1.2073427740922242 -0.5561094514733158
v 0.2104840427637100 -0.1557541936635971 -0.1680558323860168
vn -5.5016648342188876 -1.1939849307853980 0.1078724873006203
v 0.2306688129901886 -0.2411126941442490 -0.1687587797641754
vn -5.2076903980145470 -1.1827203302725737 1.4643312537477546
v 0.2402088791131973 -0.2905202209949493 -0.1642398387193680
vn -0.6186494794336692 2.3713663647306666 -5.7767700731130427
v 0.2680257260799408 0.3259690701961517 -0.1652440428733826
vn -5.4344110355716353 -0.5167739763646403 2.3157403177996461
v 0.2460333406925201 -0.3421370089054108 -0.1659469902515411
vn -4.7863942410860378 -1.2405312964389428 3.1979158509068033
v 0.2591885626316071 -0.3980719149112701 -0.1584153622388840
vn -5.3902033192989141 -2.3152719126218271 1.0323020601732908
v 0.2669210731983185 -0.4280980527400970 -0.1677545756101608
vn -0.6457921459924327 2.4193708923517949 -5.7281635625340650
v 0.2929303348064423 0.3414340019226074 -0.1624322384595871
vn -0.0303541242006999 3.3031179868694038 -5.1582206542677067
v 0.3140189051628113 0.3560955822467804 -0.1578128486871719
vn -1.8225361003465830 -5.8212109398469867 0.1942460306480456
v 0.3199437856674194 -0.5425788760185242 -0.1702651232481003
vn 5.7043523730308170 -0.4611456135381785 -0.5637732801123747
v 0.3244627416133881 -0.1818638592958450 -0.1639385819435120
vn 5.7123017867664014 -0.2062833643900958 0.1596700142338121
v 0.3228560090065002 -0.2193211764097214 -0.1639385819435120
vn 5.6185888384171196 0.8811966807697365 -0.6460887706802384
v 0.3265716135501862 -0.3306889235973358 -0.1727756559848785
vn 5.2499785546808093 0.6532732797761438 2.7654772328015178
v 0.3261699080467224 -0.3509741425514221 -0.1586161702871323
vn 5.4757113779309705 -1.1933095563417242 -2.6853603146854765
v 0.3282787799835205 -0.1077525839209557 -0.1696626096963882
vn 5.7451241426760440 -0.6674750497684608 -1.6363377529072356
v 0.3271741569042206 -0.1438039988279343 -0.1645410805940628
vn 5.4902109215653416 2.2310278126823690 0.8526529665046144
v 0.3376179933547974 -0.4078128337860107 -0.1639385819435120
vn 5.2526715623065945 3.0304980539922655 -0.2972693439173691
v 0.3467563688755035 -0.4265916943550110 -0.1649427860975266
vn 0.9187035730432114 3.2806687750351711 -5.0450705280894272
v 0.3657360970973969 0.3452500402927399 -0.1609258949756622
vn -0.4358106373685229 -6.1448572275338051 0.9779510907962186
v 0.3658365011215210 -0.5491062998771667 -0.1639385819435120
vn 1.3694074618388430 2.8211792687454667 -5.2619303988048074
v 0.4056035578250885 0.3275758028030396 -0.1617292910814285
vn 3.9855473365966252 -2.6945825703481199 0.4027673204084413
v 0.4161478281021118 -0.5403695702552795 -0.1634364426136017
vn 1.7734908503942364 2.5323655193363841 -5.3775643767045098
v 0.4251857697963715 0.3203454315662384 -0.1588170528411865
vn 2.2077762925601152 -3.0966175363795170 -4.9762145298204246
v 0.4299055933952332 -0.0228961836546659 -0.1612271517515182
vn 1.7655476250553861 1.8899340342706956 -5.6945076883058787
v 0.4480819404125214 0.3047800660133362 -0.1570094674825668
vn 1.9678180919935573 1.3322381250794528 -5.8106630509028374
v 0.4529021978378296 0.2818838953971863 -0.1611267775297165
vn 2.2549866391801396 1.1337066333676771 -5.7533354974320945
v 0.4717814922332764 0.2632054388523102 -0.1577124148607254
vn 2.4704669883215491 1.3037020626241940 -5.6193741768349854
v 0.4820245206356049 0.2441253215074539 -0.1572102755308151
vn 2.7637292797796960 1.4897346852266937 -5.4382748135090004
v 0.4906607866287231 0.2227354794740677 -0.1591183096170425
vn 2.5608132090132432 -2.0928326313525378 -5.3259450811978075
v 0.4893553256988525 0.0344446487724781 -0.1637376993894577
vn 2.8265248321517848 -1.8710238475475158 -5.2582000667766531
v 0.5127535462379456 0.0501104444265366 -0.1582145392894745
vn 3.1020733371017051 1.1555255035173284 -5.3202162340594281
v 0.5030127167701721 0.1657963246107101 -0.1673528850078583
vn 3.4124370711972341 1.1373661301838696 -5.0882513349610665
v 0.5189797282218933 0.1547499448060989 -0.1605242043733597
vn 2.9424958298585646 -0.9763545945332792 -5.4526226019542428
v 0.5211889743804932 0.0774251669645309 -0.1605242043733597
vn 3.3423314458976692 0.0417963300261448 -5.2933688853636474
v 0.5271138548851013 0.1078529655933380 -0.1601225137710571
vn -4.6706191919882114 -0.0170832986493954 -3.9455947755497656
v 0.6931110620498657 0.3165293931961060 -0.1590178757905960
vn -4.1644938423188291 2.0229123327685965 -4.1957000411314027
v 0.7077726721763611 0.3556939065456390 -0.1633360087871552
vn -1.9326642266259260 2.4251631396517457 -5.0023805134307189
v 0.7191203236579895 0.3741715252399445 -0.1636373251676559
vn -0.3190500338134283 -3.0581533529214342 -4.1388057504845079
v 0.7152038812637329 0.2930307388305664 -0.1694617271423340
vn 1.7487486672101258 1.5654379210934812 -4.8140117290811997
v 0.7424181699752808 0.3852179050445557 -0.1618297249078751
vn 3.7913418089715325 1.0800802347810907 -4.1002953236665718
v 0.7495481371879578 0.3602128922939301 -0.1635368764400482
vn 3.8451598724512959 -0.0796852644420396 -4.0906680543333280
v 0.7441253662109375 0.3361116647720337 -0.1729765385389328
vn -5.1635260803294196 1.3022754810316433 -2.5419335990263368
v -0.7270536422729492 -0.2382004708051682 -0.1737798601388931
vn -5.2327078627288843 1.1612580354841824 -2.5343073241327820
v -0.7211287617683411 -0.2120908051729202 -0.1714701950550079
vn -2.0410890163432018 3.8016187927622536 -4.2782124214736745
v -0.6612774133682251 -0.1033340245485306 -0.1726752817630768
vn 5.5431548406180093 0.7115327550950117 -2.5999680703943198
v -0.6809600591659546 -0.3017674386501312 -0.1783993095159531
vn 4.1139780850858720 4.4042028303191039 -1.4476314939805683
v -0.6590681076049805 -0.3348062038421631 -0.1743824332952499
vn 0.0009121949264900 -5.8327608632524104 -0.3937270970822526
v -0.6560554504394531 -0.4131352007389069 -0.1760895848274231
vn 4.2781498790789980 -3.0635986075630348 -2.9490282563103518
v -0.6485238075256348 -0.2039566487073898 -0.1760895848274231
vn -1.5617873530399988 2.0783631892887415 -5.7182863950012530
v -0.5924885272979736 -0.0591484420001507 -0.1686584055423737
vn -1.5419422658516595 2.1240108905105490 -5.6985306676358611
v -0.5727053880691528 -0.0606547668576241 -0.1742819994688034
vn 2.4821949618653636 -4.8301423285976215 -1.6301337971904284
v -0.5652741789817810 -0.1348664611577988 -0.1735790520906448
vn -1.2691720112027980 1.6357058577044672 -5.9091107494130970
v -0.5641695261001587 -0.0352480635046959 -0.1680558323860168
vn -1.3616766319855707 1.0671405720268998 -6.0289149213039330
v -0.5545290708541870 -0.0098413527011871 -0.1657461673021317
vn -3.4552678833823358 0.0386899068087273 -5.2268526642155129
v -0.5459931492805481 0.1831693053245544 -0.1674533188343048
vn -2.4728149265283066 -0.5052828753076835 -5.7117860457342253
v -0.5373569130897522 0.1384816020727158 -0.1709680706262589
vn -1.2327696470565697 0.4979726391839318 -6.1233421748763979
v -0.5403695702552795 0.0136573426425457 -0.1657461673021317
vn -1.6191955737496277 1.6319562727530375 -5.7864531881657815
v -0.5391644835472107 -0.0264109447598457 -0.1712693274021149
vn -3.5284187532899312 0.9640296914375431 -5.0400110670941647
v -0.5355492830276489 0.2471379637718201 -0.1708676964044571
vn -2.0919593184355363 -0.6479816101659702 -5.8547607918726765
v -0.5285198092460632 0.1195018887519836 -0.1722735911607742
vn -2.3897849224495467 -0.3184222726264496 -5.7555781975499496
v -0.5365535616874695 0.0920867472887039 -0.1667503714561462
vn -1.2935128878334337 0.9143591651668719 -6.0287134936144717
v -0.5357502102851868 -0.0050211073830724 -0.1676541417837143
vn -1.4403515719996154 -0.3836621230601360 -6.0896583610971051
v -0.5189797282218933 0.0677846744656563 -0.1702651232481003
vn -1.4204753199025240 0.5262338604109467 -6.0436130375194725
v -0.5214902758598328 0.0185780096799135 -0.1678550094366074
vn -1.3744261129622668 -0.1363165601751830 -6.1180024341483632
v -0.5139586329460144 0.0459931530058384 -0.1695621758699417
vn 2.3848636332435178 -4.1665136649759420 -2.9368114817882751
v -0.5180759429931641 -0.1071500480175018 -0.1772946715354919
vn -2.5430505160232841 2.1491718371972621 -5.2911444456831234
v -0.4936734139919281 0.3185378313064575 -0.1720727086067200
vn -1.8738250017200020 2.2511058799059973 -5.4873192415646237
v -0.4672625362873077 0.3348061740398407 -0.1771942377090454
vn -0.7165464677151454 2.7043868643142810 -5.5964222567014508
v -0.4226752519607544 0.3739706873893738 -0.1687587797641754
vn -0.1986150684909067 2.7812945416415462 -5.5573582171008447
v -0.3967664241790771 0.3836111426353455 -0.1670516282320023
vn 0.5120261958721302 2.5671024388515469 -5.6971900429573497
v -0.3754770159721375 0.3735689818859100 -0.1701646745204926
vn 2.4836380306569876 -2.8403391538500506 -4.9509156644607391
v -0.3850170671939850 0.0090379407629371 -0.1794035285711288
vn 0.4550361958688863 3.0405499365434707 -5.4623305835462501
v -0.3187387287616730 0.3541876077651978 -0.1764912903308868
vn 3.6231291938599712 -3.5534362839267550 -3.1256045416272054
v -0.3182366192340851 0.0528218336403370 -0.1690600961446762
vn 3.5510202416130499 -3.4502319909916332 -3.4849197282293130
v -0.3069893717765808 0.0694918483495712 -0.1735790520906448
vn 0.7400662396974048 3.0902348687625536 -5.4093905020405559
v -0.2834906578063965 0.3467563688755035 -0.1762904077768326
vn 3.1333581609828096 -2.9960388110614189 -4.3237788156981161
v -0.2827877104282379 0.1057441085577011 -0.1823157519102097
vn 0.8833178213774635 3.3317690305714076 -5.2524993274508240
v -0.2581844031810760 0.3542880117893219 -0.1673528850078583
vn 0.8650623296209756 3.3401395258085667 -5.2509464860872859
v -0.2343844324350357 0.3456517457962036 -0.1686584055423737
vn 2.6232720455414440 -1.1899049482924431 -5.5698930934752466
v -0.1973287910223007 0.1841735094785690 -0.1680558323860168
vn 2.6184382527893160 -1.0300096186041152 -5.5839484750523036
v -0.1869853585958481 0.2044587135314941 -0.1663486808538437
vn 2.5891693698814020 -1.2134318508422273 -5.5739232440007722
v -0.1846756488084793 0.2250451743602753 -0.1694617271423340
vn 1.9440010902161005 -1.5954783695218069 -5.7492380109860637
v -0.1722233593463898 0.2629041969776154 -0.1746836900711060
vn 0.8684313489758977 -1.4709041350495140 -6.0130196505775579
v -0.1403896510601044 0.2681261301040649 -0.1674533188343048
vn -0.3005444264508126 -0.8810635320153616 -6.1900921983112269
v -0.1073508858680725 0.2607953250408173 -0.1649427860975266
vn 0.3614435884356845 -0.8583760519849034 -6.1953806343587141
v -0.1214099302887917 0.2805784344673157 -0.1693613529205322
vn 0.1068274425120556 -0.3160126222136249 -6.2643926437251833
v -0.0955011099576950 0.2772645056247711 -0.1672525107860565
vn -0.9748262354020847 -0.1527654872011793 -6.2017030734999166
v -0.0955011099576950 0.2420164644718170 -0.1651435941457748
vn -1.4961280085440556 -0.2088118028965627 -6.0930420605003226
v -0.0934926867485046 0.2144004702568054 -0.1653444766998291
vn 0.8097187494341260 0.9599512865944477 -6.0609242998372475
v -0.1096605807542801 0.3080939948558807 -0.1693613529205322
vn 0.4673535491696949 1.9207052341524111 -5.9511726825711042
v -0.0861618891358376 0.3173328042030334 -0.1638381332159042
vn 0.2018500495752862 0.8379024161726822 -6.2030385226141700
v -0.0720024183392525 0.3020686805248260 -0.1660474240779877
vn -0.5470843669826808 -0.0120015344761455 -6.2523539006398687
v -0.0837517678737640 0.2607953250408173 -0.1671520620584488
vn -1.1125929625864592 0.4414880513761822 -6.1611419763259505
v -0.0699939802289009 0.2442257255315781 -0.1697630435228348
vn -1.8111048920806958 -0.5191933234090436 -5.9880375813717084
v -0.0743121206760406 0.1831693053245544 -0.1693613529205322
vn -0.3920234166632859 0.3889598718545410 -6.2508025575161099
v -0.0650733113288879 0.2715404629707336 -0.1676541417837143
vn -1.6419439418252342 -0.9040624767350155 -5.9870787847156031
v -0.0564370416104794 0.1544486731290817 -0.1712693274021149
vn -0.6638191134689929 0.8554359743627523 -6.1782254359211795
v -0.0442860126495361 0.2837919294834137 -0.1685579717159271
vn -0.3294344660713683 1.4920865044366614 -6.0839443034075709
v -0.0377585887908936 0.3050813376903534 -0.1654449105262756
vn -1.6760694810713852 -1.4738438778488163 -5.8699521529031378
v -0.0410725139081478 0.1097609773278236 -0.1663486808538437
vn -1.3888705009631916 -1.1295086018867766 -6.0057231907753605
v -0.0363526828587055 0.1299457550048828 -0.1723739653825760
vn -1.5151757055078496 -1.7779982310529356 -5.7775982963506562
v -0.0273147281259298 0.0889736711978912 -0.1654449105262756
vn -0.4519748351025777 2.1472595601864004 -5.8594887896474006
v -0.0129544148221612 0.3092990219593048 -0.1668508052825928
vn -1.0794556587305200 -1.2816870131360905 -6.0395982716568364
v -0.0178750790655613 0.1078529655933380 -0.1717714518308640
vn -0.7859789825148057 -1.8852627885560274 -5.9122863868687112
v 0.0026109616737813 0.0736091434955597 -0.1660474240779877
vn 0.1566545145304803 2.3700038760761739 -5.7190502431614982
v 0.0103434380143881 0.3071901798248291 -0.1693613529205322
vn 0.0007380667856751 -1.8050166318662049 -6.0057609070257092
v 0.0392649099230766 0.0687889009714127 -0.1663486808538437
vn 0.2688360685267387 2.3177110193010573 -5.8045192300644359
v 0.0423779822885990 0.2961437702178955 -0.1719722747802734
vn 0.2345778824222195 -1.4797435387197679 -6.0953115703324308
v 0.0687889158725739 0.0915846377611160 -0.1714701950550079
vn 0.3066921676892065 2.0941547670947651 -5.9073000601023118
v 0.0691905990242958 0.2901184856891632 -0.1721731573343277
vn -0.0296502054293708 1.9447753008482587 -5.9602447282273880
v 0.0969070047140121 0.2902188897132874 -0.1712693274021149
vn 0.3371412191725736 -1.7586108638530991 -6.0171550836400094
v 0.1039365306496620 0.0782285481691360 -0.1662482470273972
vn -0.2758315736332020 2.1482834743046375 -5.8808597000310234
v 0.1160875707864761 0.2978509664535522 -0.1695621758699417
vn 0.3091698413555021 -1.4375451987556982 -6.1007732893870603
v 0.1216107606887817 0.0999196469783783 -0.1711689531803131
vn 0.3371503273579693 -1.6990407131598388 -6.0332825663834928
v 0.1444064974784851 0.0908816903829575 -0.1675537675619125
vn -0.4200273401498150 2.2722918473039844 -5.7684095313047452
v 0.1610765308141708 0.3005623519420624 -0.1722735911607742
vn 0.2459951089178898 -1.4175406951439991 -6.1130331076415549
v 0.1645912826061249 0.1059449538588524 -0.1700643002986908
vn -0.1277988077294696 2.5601680058317591 -5.6778683899008806
v 0.1906005293130875 0.3075918853282928 -0.1702651232481003
vn -0.3161659523738993 -1.5135500170056888 -6.0762639979663282
v 0.1892950534820557 0.0997188016772270 -0.1681562662124634
vn -4.6966214005000309 1.1380915173118877 -3.5612669282919382
v 0.1965253949165344 -0.0406708382070065 -0.1768929809331894
vn -2.6406457757279975 -0.2630561005428457 -5.4635758190486090
v 0.2189194560050964 0.0965053066611290 -0.1723739653825760
vn -4.7126454044760928 1.0332822921759686 -3.7977778113786029
v 0.2071701139211655 0.0155653562396765 -0.1742819994688034
vn -0.0487377064520822 2.4461457558843973 -5.7798005362552498
v 0.2175135612487793 0.3069893419742584 -0.1693613529205322
vn -3.5451045223349502 0.5471522185724984 -4.9539297595693439
v 0.2185177654027939 0.0726049244403839 -0.1724743992090225
vn -4.1339360048723659 0.5172961172646464 -4.6638283465366577
v 0.2158063948154449 0.0532235205173492 -0.1738803088665009
vn -5.6762372000556116 -1.0876185880544260 -0.9778092211792865
v 0.2220325320959091 -0.2006427198648453 -0.1736794859170914
vn -0.3656889873250049 2.3935470541265049 -5.7910063125698539
v 0.2411126792430878 0.3114079236984253 -0.1689596623182297
vn -5.3726428358817024 -0.7567646855377694 -1.7801441889380070
v 0.2374974936246872 -0.2676240503787994 -0.1808094233274460
vn -5.1726721900784156 -0.4098661863188213 -1.1158184765075096
v 0.2427194267511368 -0.3166298866271973 -0.1792026460170746
vn -4.9752764143612493 -0.7552088808374103 -1.6827346982225877
v 0.2462341785430908 -0.3594095408916473 -0.1810102313756943
vn -5.1197243388969405 -1.0394774385277852 -1.1438944933323583
v 0.2502510547637939 -0.3854188024997711 -0.1791022717952728
vn -5.1671432063246900 -1.8108451738635118 -1.0476944557977914
v 0.2567784786224365 -0.4076120257377625 -0.1778971850872040
vn -5.5877201487096606 -1.9414741368323498 -1.2776122407059491
v 0.2787708342075348 -0.4546093940734863 -0.1804077327251434
vn -0.4360371929358187 2.0538601771353369 -5.9191946887364750
v 0.2855994999408722 0.3167302608489990 -0.1696626096963882
vn -6.0102761773840783 -1.3135808658203596 -0.2311690593889682
v 0.2837919294834137 -0.4735891222953796 -0.1732777953147888
vn -5.1042424584354151 -1.8417314866203398 -0.6144245742072965
v 0.2891142964363098 -0.5206868648529053 -0.1801064759492874
vn -3.2091389809603212 -4.4119080641939883 -0.2353961562785419
v 0.2997590005397797 -0.5361518859863281 -0.1761900335550308
vn -0.2382816328800340 1.9026682658470715 -5.9784674453211961
v 0.3140189051628113 0.3182365894317627 -0.1715706437826157
vn 0.0687123175483060 2.2813185168322820 -5.7922765754284562
v 0.3305884897708893 0.3350070118904114 -0.1671520620584488
vn 4.6015795600680311 0.5222866605579531 -3.3117606448979586
v 0.3152239322662354 -0.2732476890087128 -0.1846254169940948
vn 5.1242324692492724 0.6393753166034470 -2.1776047755431924
v 0.3216509222984314 -0.3029725253582001 -0.1818136274814606
vn 5.3496868158173543 1.2187446767427257 -1.6357548292806621
v 0.3295842409133911 -0.3511749505996704 -0.1808094233274460
vn 5.7546913341535859 0.3953498666275121 -0.4795693724434027
v 0.3328981697559357 -0.3713597655296326 -0.1757883429527283
vn -1.3073725380810588 -5.9708536096629610 0.0141223171799886
v 0.3399277031421661 -0.5480017066001892 -0.1732777953147888
vn 0.7012450605719688 2.0222500151712262 -5.8463327985241262
v 0.3668407499790192 0.3267724514007568 -0.1684575229883194
vn 3.1543710805860057 -3.0677302512482694 -4.4345680609274645
v 0.3490660786628723 -0.0603535063564777 -0.1728761047124863
vn 4.7937773251740445 3.4086765085329755 -2.0378157758825286
v 0.3534846305847168 -0.4450693130493164 -0.1774954944849014
vn 4.0178176926574931 4.1571445632654456 -2.2605007616819117
v 0.3666398823261261 -0.4618397653102875 -0.1814119368791580
vn 3.8864240319057215 4.5058361634847106 -1.6682596621120007
v 0.3852179348468781 -0.4762000739574432 -0.1782988756895065
vn 0.8558499507589405 -5.1784529600169051 -2.3715057534730386
v 0.3858204782009125 -0.5485037565231323 -0.1928600519895554
vn 0.8861141823517537 1.7109276487951450 -5.9396695183079977
v 0.3882305622100830 0.3130146563053131 -0.1696626096963882
vn 1.9785533902940646 -2.7573086360126302 -5.2775977242717200
v 0.3943562805652618 -0.0264109447598457 -0.1726752817630768
vn 2.1729601748313665 -3.0125513720378843 -5.0537034890398953
v 0.3804980814456940 -0.0402691513299942 -0.1706668138504028
vn 1.3508361255772610 1.5112746377436634 -5.9217786167088038
v 0.4101225137710571 0.3070897758007050 -0.1671520620584488
vn 1.6075694455813414 1.4152381672210375 -5.9017515750561946
v 0.4344245791435242 0.2847961187362671 -0.1660474240779877
vn 1.2683042085389054 1.3896937327166587 -5.9927457415170107
v 0.4149427711963654 0.2810805439949036 -0.1711689531803131
vn 5.7338146174594984 1.7427072030201409 -0.4781896875120346
v 0.4147419035434723 -0.5120506286621094 -0.1763908416032791
vn 2.1015576298013467 1.4396281406893932 -5.7391397246244820
v 0.4543080925941467 0.2520586550235748 -0.1672525107860565
vn 2.0098837377336629 -2.5288483305639184 -5.3696886346881412
v 0.4354288280010223 0.0021088384091854 -0.1724743992090225
vn 2.0443165294951773 -2.3511176511073346 -5.4348391020917406
v 0.4513958692550659 0.0170716829597950 -0.1732777953147888
vn 2.3595419697844688 -2.5363324614553329 -5.2260509865641254
v 0.4693713486194611 0.0159670449793339 -0.1652440428733826
vn 2.2608412047559012 1.6676077941086773 -5.6109172266224236
v 0.4647519588470459 0.2244426459074020 -0.1711689531803131
vn 2.6189917597292092 1.5606436106901183 -5.4479354878510806
v 0.4788110256195068 0.2074713706970215 -0.1706668138504028
vn 2.6858729572160085 1.3015672522093729 -5.4948568420452961
v 0.4825266003608704 0.1858806759119034 -0.1742819994688034
vn 2.5312343249708964 -1.5333446040480405 -5.5201948194815840
v 0.4960835576057434 0.0601526238024235 -0.1694617271423340
vn 2.8026332450839599 -0.5669998287277833 -5.5445529389432124
v 0.5087367296218872 0.0936935022473335 -0.1701646745204926
vn 2.9046445844950992 0.3405295015272630 -5.4912321297025590
v 0.5094397068023682 0.1244225576519966 -0.1706668138504028
vn -3.8007484615146443 1.2444210050124147 -4.5147615112937896
v 0.7077726721763611 0.3369150161743164 -0.1726752817630768
vn -3.5084044878732898 -0.6488747871370624 -4.5086123297650262
v 0.7061659097671509 0.3173328042030334 -0.1743824332952499
vn -5.1659111318734512 0.2311225753686141 -3.2339142545631274
v -0.7309701442718506 -0.3039767146110535 -0.1824162006378174
vn -5.3806219409705642 -0.1817166166733681 -3.0096707756780230
v -0.7301667332649231 -0.3417353332042694 -0.1820144951343536
vn -4.9887957575410766 -1.2000940777250879 -3.0541861342985439
v -0.7278569936752319 -0.3699538111686707 -0.1839224696159363
vn -3.2916938497982109 -4.2204313974478120 -2.3030804025885674
v -0.7138984203338623 -0.3932516872882843 -0.1841233521699905
vn -4.1341846205856490 1.1931705345889605 -4.3349600455725685
v -0.7074714303016663 -0.1891946345567703 -0.1812111139297485
vn -3.6130807604975468 1.1473484400771741 -4.8281556186182284
v -0.6958224773406982 -0.1712191551923752 -0.1861317604780197
vn -3.0265291657113127 2.2342296905050989 -4.6608666490022808
v -0.6847761273384094 -0.1383812278509140 -0.1845250427722931
vn -1.9087005963078036 2.8149542034563346 -5.1338222829036235
v -0.6686081886291504 -0.1269331425428391 -0.1853283792734146
vn -1.1270221637884283 3.0605576472466556 -5.3287100558969636
v -0.6381803750991821 -0.1107652336359024 -0.1830187141895294
vn -1.5270517678099738 2.8392536627670664 -5.3769929817933484
v -0.6196023225784302 -0.0984133556485176 -0.1805081665515900
vn 4.3215358595717426 2.1546426680840618 -2.2387347332673206
v -0.6328580379486084 -0.3659369647502899 -0.1894456893205643
vn -1.4236114929621932 2.6216584381487920 -5.5196864830794574
v -0.5944969058036804 -0.0772243663668633 -0.1753866374492645
vn -1.7564133065355232 2.1110296574668066 -5.6469760204121000
v -0.5462945103645325 -0.0499096401035786 -0.1779976189136505
vn 1.6224453074440661 -2.9096038512241682 -4.4995372607455728
v -0.5520185232162476 -0.1164892762899399 -0.1865334510803223
vn -2.9029531900975627 0.3697646820505046 -5.4745954175556450
v -0.5261096954345703 0.2248443216085434 -0.1799055933952332
vn -2.9035637289340479 -0.0985916483611660 -5.5204870251469460
v -0.5282185673713684 0.1984333992004395 -0.1788010150194168
vn -2.4484447139682830 -0.5051355718832672 -5.7342202170267678
v -0.5264109373092651 0.1679051965475082 -0.1775959283113480
vn -1.8748650750057809 1.8309458485154804 -5.7003297520197034
v -0.5185779929161072 -0.0375577621161938 -0.1833199560642242
vn -2.3127825758924798 1.1463490765087463 -5.6611916585657198
v -0.5084354877471924 0.2608957588672638 -0.1827174574136734
vn -1.7513871730263169 -0.6389114978299567 -5.9997787582175484
v -0.5167704224586487 0.1409921497106552 -0.1773950457572937
vn -1.5349301558205115 -0.6917918545874817 -6.0520583256625979
v -0.5065274238586426 0.0990158468484879 -0.1754870861768723
vn -2.0866647897609600 1.5233915038835821 -5.7098448843888647
v -0.5116489529609680 -0.0120506314560771 -0.1769934147596359
vn -2.4888594597540594 1.6146095100208471 -5.4848551294459655
v -0.5044186115264893 0.2950391471385956 -0.1756878942251205
vn -1.6322655096719045 -0.6958954789566663 -6.0271464848029419
v -0.5070295333862305 0.1195018887519836 -0.1777967512607574
vn -1.4861923655899376 -0.4613144540979576 -6.0569358408887384
v -0.4975899159908295 0.0725044980645180 -0.1741815656423569
vn -1.8490983814541320 0.1952246381172707 -5.9806387955834062
v -0.4935730397701263 0.0407712236046791 -0.1747841387987137
vn -1.9950098082264369 0.8430857319236069 -5.8541096106526229
v -0.4977907240390778 0.0189796965569258 -0.1748845130205154
vn 2.0054662462779285 -2.6114216559999051 -5.1061549525171044
v -0.4958827197551727 -0.0807391256093979 -0.1839224696159363
vn -2.0168402433708805 -0.1043174502647244 -5.9394582310397102
v -0.4791122972965240 0.0632656961679459 -0.1796043366193771
vn 2.2279464732790286 -2.7067785032245455 -5.0556345849393924
v -0.4776059687137604 -0.0711990520358086 -0.1814119368791580
vn 2.5747342592731917 -2.9744093753448064 -4.7477035479466245
v -0.4596304893493652 -0.0642699524760246 -0.1765917241573334
vn -0.8742915390742654 2.5022546603426590 -5.6863273374029424
v -0.4322153329849243 0.3540871441364288 -0.1758887767791748
vn 2.1903822402753454 -2.6033083528864540 -5.1787214299211186
v -0.4472785890102386 -0.0419763214886189 -0.1827174574136734
vn 2.6372169758781641 -2.8901960015408230 -4.7847509134718962
v -0.4279976189136505 -0.0307290814816952 -0.1796043366193771
vn -0.0702343728088816 2.4377575822190574 -5.7815103509093513
v -0.3938542008399963 0.3585057258605957 -0.1770938038825989
vn 2.5138996977843213 -2.6293768527711689 -5.0072407277380062
v -0.4087166190147400 -0.0121510531753302 -0.1799055933952332
vn 0.2391259542387302 2.8399695452966722 -5.5858878554982825
v -0.3567985594272614 0.3553926348686218 -0.1760895848274231
vn 2.0625815903881595 -2.5968107994320277 -5.2601832316847936
v -0.3379192948341370 0.0676842555403709 -0.1896465122699738
vn 2.9674837195252604 -2.9350919318841258 -4.5729011200977148
v -0.2627033889293671 0.1251255124807358 -0.1810102313756943
vn 0.7548718808746264 2.8534127211975204 -5.5263303398087062
v -0.2599920034408569 0.3308897316455841 -0.1820144951343536
vn 0.7220810804076214 2.8258092287620435 -5.5292655765446082
v -0.2342839986085892 0.3265716135501862 -0.1809098571538925
vn 2.7730250558018192 -2.4942268895561166 -4.9751117888819012
v -0.2440249174833298 0.1478208452463150 -0.1828178316354752
vn 2.9863376898650662 -1.7086422149991392 -5.2336089342531915
v -0.2293633222579956 0.1646916866302490 -0.1811106801033020
vn 0.9913201219447976 2.9414347261678331 -5.3808315011300643
v -0.2084756046533585 0.3249648511409760 -0.1784996986389160
vn 3.0974123850560629 -1.5466839436714199 -5.2389971110396534
v -0.2152038663625717 0.1763406097888947 -0.1758887767791748
vn 3.0129820446487701 -1.0859978062599931 -5.4010107353823873
v -0.2064671665430069 0.2032536566257477 -0.1775959283113480
vn 0.8133245294266085 1.9138716236991797 -5.8263141292115712
v -0.1930106580257416 0.3126129508018494 -0.1817131936550140
vn 2.4165352498535340 -1.1669579128797614 -5.6749725957971382
v -0.1957220435142517 0.2467362880706787 -0.1800060272216797
vn 0.7730331967289457 2.3368605520215313 -5.6163078862231108
v -0.1685077399015427 0.3202450275421143 -0.1763908416032791
vn 1.1699700684218792 0.7861447632305051 -5.9080630529944917
v -0.1516368836164474 0.3066880702972412 -0.1774954944849014
vn 1.3973283092150206 -0.3669338485787990 -5.9384164690012735
v -0.1647921353578568 0.2916248142719269 -0.1807089745998383
vn 1.0402542518666942 0.4274527731597983 -6.0148535012355522
v -0.1308495700359344 0.3055834472179413 -0.1734786182641983
vn -1.3548065808557785 0.5079734692802562 -6.1056189313285287
v -0.0567383058369160 0.2302671074867249 -0.1739807426929474
vn -1.5097255119473050 -0.0336582514317954 -6.0833809444535518
v -0.0543281883001328 0.2014460563659668 -0.1759891510009766
vn -1.5660524706828489 -0.5636141631764924 -6.0494430627781917
v -0.0543281883001328 0.1759389340877533 -0.1744828820228577
vn -1.1544978162759278 0.9075906538786076 -6.1089754602550483
v -0.0460935980081558 0.2514561116695404 -0.1731773614883423
vn -1.2343741824085939 0.6688758065562344 -6.1174180591338345
v -0.0367543771862984 0.2305683791637421 -0.1780980080366135
vn -1.1335365214664777 -0.6354491735993201 -6.1319538575211521
v -0.0294235832989216 0.1700140386819839 -0.1796043366193771
vn -1.0538060893822703 0.9909557918045353 -6.1136218546036112
v -0.0161679107695818 0.2527616024017334 -0.1784996986389160
vn -0.9234683964844421 -0.8877216171763164 -6.1357339282924048
v -0.0177746638655663 0.1478208452463150 -0.1788010150194168
vn -0.9324652202280516 1.2011562299867482 -6.0957246469010666
v -0.0178750790655613 0.2773649096488953 -0.1737798601388931
vn -0.6842033519722418 1.5511909337912344 -6.0455945920491665
v -0.0014059098903090 0.2891142666339874 -0.1735790520906448
vn -0.6472032435567469 -0.9678131678143080 -6.1657500193713108
v -0.0008033803314902 0.1290419697761536 -0.1778971850872040
vn -0.5555134940777423 1.1491851293142665 -6.1160535047290745
v 0.0083350026980042 0.2646113634109497 -0.1808094233274460
vn -0.6526618444708960 -1.2080563943842892 -6.1267026229776249
v 0.0010042123030871 0.1101626679301262 -0.1746836900711060
vn -0.4219355244745551 -1.4628546817314856 -6.0759909904858240
v 0.0115484977141023 0.0925888568162918 -0.1720727086067200
vn -0.0397421678811045 1.7970886807536042 -5.9722187693053996
v 0.0197830833494663 0.2863024473190308 -0.1763908416032791
vn -0.1543534790959699 -1.0641362774376764 -6.1759580150194546
v 0.0197830833494663 0.1185980960726738 -0.1776963621377945
vn 0.2529296004463333 1.4717650300036635 -6.0923565033262017
v 0.0408716574311256 0.2729463577270508 -0.1790018230676651
vn 0.0694873528866019 -1.1296514833003775 -6.1791217854810796
v 0.0397670157253742 0.1121711060404778 -0.1761900335550308
vn 0.0500487516818312 -1.3801817213297189 -6.1204617467435893
v 0.0409720763564110 0.0913837999105453 -0.1722735911607742
vn 0.3719868149927489 1.4054174154548384 -6.1045732373383785
v 0.0749146416783333 0.2704358100891113 -0.1775959283113480
vn 0.1146810025017234 -1.0712245539765208 -6.1862865233360012
v 0.0595501065254211 0.1193010509014130 -0.1772946715354919
vn 0.2450285060114045 -1.2681289673342591 -6.1469124305045213
v 0.0892749577760696 0.1078529655933380 -0.1740811765193939
vn 0.1697837472810758 -0.9720768952379512 -6.2039804310319493
v 0.0798353031277657 0.1341634690761566 -0.1791022717952728
vn 0.2064566749049149 0.9048829569155992 -6.2071294323584985
v 0.0939947739243507 0.2501506209373474 -0.1804077327251434
vn 0.2741900329013747 -1.0111636019297201 -6.1919027437225225
v 0.1095601543784142 0.1312512308359146 -0.1776963621377945
vn -0.2650341601328478 1.4482721143791517 -6.1060338810757084
v 0.1186985373497009 0.2796746194362640 -0.1746836900711060
vn -0.0394476455782852 1.0196999494372230 -6.1872411957935185
v 0.1136774420738220 0.2607953250408173 -0.1787005662918091
vn -0.1250781775287766 0.8406809818671839 -6.2197963388636204
v 0.1327575892210007 0.2636071443557739 -0.1782988756895065
vn 0.3137246232489684 -1.0548086884037309 -6.1858167928453396
v 0.1421972364187241 0.1295440644025803 -0.1754870861768723
vn -0.4433290113108075 1.3692480098490674 -6.0953659041777595
v 0.1469170451164246 0.2818838953971863 -0.1759891510009766
vn 0.3210749664866828 -1.2018280550950451 -6.1553829658427741
v 0.1421972364187241 0.1101626679301262 -0.1721731573343277
vn -0.3197903366507577 1.1868754518026416 -6.1248147651282974
v 0.1704157441854477 0.2792729437351227 -0.1784996986389160
vn 0.1997075530232665 -0.6594627923231287 -6.2417828217907916
v 0.1670014113187790 0.1567583680152893 -0.1784996986389160
vn 0.3144595340039279 -0.7195424981718088 -6.2260186923425263
v 0.1441052407026291 0.1527415066957474 -0.1792026460170746
vn 0.1020148451326890 -1.1088092383153652 -6.1825605912615327
v 0.1775456964969635 0.1243221387267113 -0.1733782291412354
vn -0.1736011766029503 1.1995309826468052 -6.1390251705619905
v 0.1949186623096466 0.2749547958374023 -0.1801064759492874
vn -0.1994166422333135 -0.8411945006451361 -6.2180877857198418
v 0.1933119148015976 0.1462140828371048 -0.1767925471067429
vn -0.7218871584819126 -0.9269357140403555 -6.1342280340744129
v 0.2069692760705948 0.1220124363899231 -0.1729765385389328
vn -4.3161295598495011 -0.1265269861856404 -3.7027381762606426
v 0.1977304667234421 -0.0686885118484497 -0.1855292469263077
vn -4.4927796710012933 -1.4720959133123872 -3.5699977730037511
v 0.2023498713970184 -0.0957019701600075 -0.1835207790136337
vn -0.0672395805450030 1.8655926107876344 -5.9821293341129156
v 0.2152038514614105 0.2894155383110046 -0.1766920983791351
vn -4.2949535132238541 -0.6528233975470931 -4.2158603710498967
v 0.2189194560050964 -0.1467162221670151 -0.1857300698757172
vn -1.7298247989471078 -0.5626507201230618 -5.9495210022729683
v 0.2293633222579956 0.1551516205072403 -0.1816128045320511
vn -2.3639331861022317 -0.3534605063254294 -5.7163598200893437
v 0.2269532084465027 0.1266318261623383 -0.1780980080366135
vn -4.5730895511012841 -0.9113529869493908 -3.6555917628880832
v 0.2258485555648804 -0.1840731352567673 -0.1856296807527542
vn -0.2111391443639327 1.5603861517541537 -6.0719761833323407
v 0.2381000220775604 0.2811809480190277 -0.1792026460170746
vn -4.8239396051789072 -0.9749911058788079 -3.0581053222267784
v 0.2304679751396179 -0.2175135761499405 -0.1842237859964371
vn -0.3569353677129987 1.9434425561065325 -5.9585261273954444
v 0.2645109295845032 0.2958425283432007 -0.1761900335550308
vn -0.3496763761409655 1.9454676705626079 -5.9613326474969606
v 0.2999598383903503 0.2992568612098694 -0.1770938038825989
vn -6.0529349201085392 -0.5790044248079399 -1.0699068239751908
v 0.2879092395305634 -0.4943763911724091 -0.1827174574136734
vn 0.0098317145948981 1.6823457937212378 -6.0352266675197024
v 0.3181361854076385 0.2897168099880219 -0.1809098571538925
vn 4.2591113432162748 -0.5080659562057132 -4.4207340794690033
v 0.3144205510616302 -0.1392850279808044 -0.1843241602182388
vn 4.1758664206639668 -0.1843084330862388 -4.4162998425346354
v 0.3130146563053131 -0.1711187213659286 -0.1840229183435440
vn 4.3758895883237274 0.1030135369836538 -4.1772290032750865
v 0.3131150901317596 -0.1993372440338135 -0.1840229183435440
vn 4.6890636525395788 0.0241033381728431 -3.5848055702543196
v 0.3161277472972870 -0.2252460569143295 -0.1822153180837631
vn 4.4482804896752546 -0.0629798599931661 -3.7767665947855322
v 0.3137176036834717 -0.2476401180028915 -0.1848262995481491
vn 0.2848412239059664 1.6544163993204917 -6.0523174571301883
v 0.3422373831272125 0.3078931272029877 -0.1741815656423569
vn 0.4314925338595624 1.6194372701931030 -6.0488949012117246
v 0.3409318923950195 0.2804780006408691 -0.1822153180837631
vn 4.1415859581738443 -1.7443809751401478 -4.3328431007695265
v 0.3267724514007568 -0.0770235210657120 -0.1837216615676880
vn 5.4039509286257719 1.0552439449305742 -2.3375816549996582
v 0.3344044983386993 -0.4053022861480713 -0.1835207790136337
vn 4.9874953993293989 2.3339493388830301 -2.8937243595531981
v 0.3394255936145782 -0.4263908565044403 -0.1834204047918320
vn 0.6830718689536648 1.5285707714386769 -6.0508279138690684
v 0.3676441013813019 0.2889133989810944 -0.1766920983791351
vn -0.3779763994664451 -5.8323005443243181 -0.7782493969352381
v 0.3599116206169128 -0.5514159798622131 -0.1827174574136734
vn 0.4794394500963626 1.3286835351224178 -6.1168078855429622
v 0.3681462407112122 0.3078931272029877 -0.1728761047124863
vn 2.4341740298821408 -2.8052550611427751 -5.0427207613667484
v 0.3599116206169128 -0.0446877107024193 -0.1776963621377945
vn 2.0281939889810907 -2.0745680776835718 -5.5595393984990853
v 0.3598112165927887 -0.0246033519506454 -0.1864330172538757
vn 0.9694663107589939 1.3327262512777820 -6.0607788250152019
v 0.3964651823043823 0.2891142666339874 -0.1729765385389328
vn 1.0992597617083915 1.6181687274947618 -5.9677702849696592
v 0.3973689675331116 0.2701345682144165 -0.1777967512607574
vn 3.5468541028324547 3.6282757156807892 -2.7470742324115403
v 0.3989757001399994 -0.4933722019195557 -0.1928600519895554
vn 2.8547608621668656 -3.8765282384616842 -1.8008829422706678
v 0.4068085849285126 -0.5442860722541809 -0.1894456893205643
vn 1.5472325832974589 1.5527168855888251 -5.8839200121758228
v 0.4258887171745300 0.2589877247810364 -0.1744828820228577
vn 1.7948484003028948 -2.5178926243120334 -5.4530462021009578
v 0.4131351709365845 -0.0073308078572154 -0.1758887767791748
vn 1.5103533469746844 1.6478627900946243 -5.8602168666925039
v 0.4222735464572906 0.2342839837074280 -0.1826170086860657
vn 2.2499677986719004 -1.8513759811652275 -5.5338750864471820
v 0.4651536643505096 0.0346454940736294 -0.1749849468469620
vn 1.9517956874271909 1.3790224040221863 -5.8049970350049671
v 0.4520988166332245 0.1970275044441223 -0.1831191480159760
vn 2.0024569705623243 -1.2532505731268744 -5.7981083921583920
v 0.4631452262401581 0.0633661225438118 -0.1835207790136337
vn 2.2880566301170968 -0.9478105196965160 -5.7314765485707779
v 0.4847359061241150 0.0771239027380943 -0.1786001324653625
vn 2.5029791190869854 0.8799422992055446 -5.6711237431974020
v 0.4806185960769653 0.1640891581773758 -0.1794035285711288
vn 2.5740029385516743 0.5024890278839818 -5.6906035556867991
v 0.4905603528022766 0.1384816020727158 -0.1778971850872040
vn 2.2443483072885542 -0.1697118371372612 -5.8575122941447892
v 0.4855392873287201 0.1090580299496651 -0.1804077327251434
vn -0.4894508168569434 2.1674784593420795 -4.8308623347152970
v 0.7236393094062805 0.3559951782226562 -0.1759891510009766
vn 0.7645748689737855 -1.9652791143414177 -4.3417583131911837
v 0.7239405512809753 0.3087969422340393 -0.1800060272216797
vn -1.9522874172629607 0.5725635666049418 -5.5219558734968874
v -0.7038562297821045 -0.2278570234775543 -0.1908515840768814
vn -2.6519076560617747 0.7908223536688823 -4.9993026529805320
v -0.7147017717361450 -0.2478409409523010 -0.1903495192527771
vn -0.2568507039988532 0.6031118897897400 -5.4439575810701690
v -0.7061659097671509 -0.2726451456546783 -0.1950692832469940
vn -1.4532461580450358 -5.2364707102973211 -2.4718944601377419
v -0.6773448586463928 -0.4032938778400421 -0.1997891068458557
vn 2.6118804519172412 0.8861354849564709 -4.9833092550076534
v -0.6954208016395569 -0.2946375012397766 -0.1961739212274551
vn 2.3414170154972860 -0.6844854880309523 -5.1133247990147863
v -0.6876883506774902 -0.2497489750385284 -0.1911528408527374
vn 2.4672178426400286 -1.4984201721432047 -5.0801243060757582
v -0.6744326353073120 -0.2227355092763901 -0.1897469460964203
vn 4.2899089123158944 3.4635851540275984 -2.8286419574443560
v -0.6815626025199890 -0.3246636092662811 -0.1918557882308960
vn 3.6162762078177701 4.2169263034699735 -2.9066484777347901
v -0.6658967733383179 -0.3417353332042694 -0.1963748037815094
vn -0.8887654890486423 2.6063334256304485 -5.5903107697688581
v -0.6486242413520813 -0.1257280856370926 -0.1892448663711548
vn 3.9179078576417350 3.6449380914250389 -2.6996718706165486
v -0.6484233736991882 -0.3526812791824341 -0.1940650790929794
vn 2.1747978949250073 -2.1206759513003690 -5.0356254311020807
v -0.6369752883911133 -0.1661980450153351 -0.1921571046113968
vn 2.2270173441434884 -1.9020439114337724 -5.0827193871142127
v -0.6487246751785278 -0.1816630065441132 -0.1916549801826477
vn 2.2476294320159806 -2.2605909133731181 -4.5718444565898313
v -0.6204057335853577 -0.1558546125888824 -0.1910524666309357
vn 3.9271056781600784 -0.1924768457748493 -2.8187591544958321
v -0.6300461888313293 -0.3911428451538086 -0.1969773173332214
vn -0.9006186139029784 2.1395495989746176 -5.7277285295473881
v -0.5990158915519714 -0.0992167294025421 -0.1864330172538757
vn -0.7524766801453527 1.2654539200185804 -5.9415947669501072
v -0.5721028447151184 -0.0928901582956314 -0.1885419189929962
vn 1.0231643804172308 -1.5056991242012601 -5.4143553388933121
v -0.5806387066841125 -0.1242217570543289 -0.1907511502504349
vn -1.0503448259038233 1.5903662996940879 -5.9227699739654147
v -0.5500100255012512 -0.0780277401208878 -0.1879393458366394
vn -1.1480282816841438 1.1707693529582019 -5.9492890914569418
v -0.5296244621276855 -0.0640691146254539 -0.1889435499906540
vn 0.8181868811345142 -1.0685995488328244 -5.8616341368576652
v -0.5183771848678589 -0.0808395519852638 -0.1903495192527771
vn -1.9524178002236277 0.3935182430285292 -5.9201132915999644
v -0.5041173696517944 0.2255472987890244 -0.1886423081159592
vn -2.0287477479835547 -0.6447408152897119 -5.8707038747927456
v -0.5005021691322327 0.1821650862693787 -0.1894456893205643
vn -1.9391563915717174 -1.0005339819696673 -5.8809410337893331
v -0.5074312090873718 0.1619803160429001 -0.1826170086860657
vn -1.8337688323078127 -0.7701577451740319 -5.9592250482359743
v -0.4980919957160950 0.1384816020727158 -0.1826170086860657
vn -1.4061681236874024 1.1755209769132284 -5.9351273130157889
v -0.5000000000000000 -0.0329383611679077 -0.1882406026124954
vn -1.4332227871484620 1.0733748422991940 -6.0050617923282879
v -0.4800160527229309 0.2815826237201691 -0.1865334510803223
vn -1.2917120826715531 0.8661747677311971 -6.0595625728912648
v -0.4856397211551666 0.2525607347488403 -0.1905503273010254
vn -1.5271095718091252 -0.9153586358364276 -6.0111076671701333
v -0.4795140027999878 0.1494275927543640 -0.1902490705251694
vn -1.6262307969976963 -0.8244708585188694 -6.0122501174628606
v -0.4874473214149475 0.1195018887519836 -0.1832195222377777
vn -1.5986248967727719 0.9238732660898202 -5.9310309726614596
v -0.4816228449344635 -0.0118497889488935 -0.1893452554941177
vn -1.9331998236118100 1.4648598387033331 -5.7828910302610952
v -0.4792127311229706 0.3031733036041260 -0.1824162006378174
vn -1.5304096304950308 -0.6533666718938078 -6.0567145515428553
v -0.4704760313034058 0.1036352515220642 -0.1855292469263077
vn -2.0940851681390824 0.5363582753374909 -5.8919463972237818
v -0.4676642417907715 0.0347459167242050 -0.1848262995481491
vn -1.2269701287767505 0.5445383173268968 -6.0341841791103450
v -0.4608355462551117 0.0093392059206963 -0.1915545314550400
vn -1.4439424820162106 1.2320860850142299 -5.9508976299340413
v -0.4600321650505066 0.3101024329662323 -0.1866338849067688
vn -1.6964244550829566 -0.2198596152497829 -6.0414410250571118
v -0.4606346786022186 0.0796344429254532 -0.1862321943044662
vn -1.9249014524658024 0.1584876759884926 -5.9741444863278410
v -0.4611368179321289 0.0537256300449371 -0.1865334510803223
vn 0.5699504249406786 -0.8985305309547656 -5.9840176207690998
v -0.4797148108482361 -0.0438843332231045 -0.1908515840768814
vn -0.9094106423409526 1.8350522490478978 -5.8442620323289951
v -0.4415545463562012 0.3265716135501862 -0.1868347078561783
vn 1.2054592955091796 -1.1970067148468342 -5.8859768374232777
v -0.4401486515998840 -0.0131552712991834 -0.1911528408527374
vn -0.4095467227491739 1.9681149161744382 -5.9145007571796464
v -0.4194617569446564 0.3327977359294891 -0.1865334510803223
vn 0.8575155180552195 -1.2079164818164450 -5.9893908653118055
v -0.4294035136699677 0.0044185393489897 -0.1924583613872528
vn -0.1340233310091284 2.2108248320923454 -5.8422828747122200
v -0.3874272108078003 0.3373167216777802 -0.1866338849067688
vn 1.0895119429835820 -1.7734304439256290 -5.8312547978568627
v -0.4108254611492157 0.0206868667155504 -0.1933621317148209
vn -0.0222353204092955 2.5693360256943625 -5.6832737180641271
v -0.3662382364273071 0.3373167216777802 -0.1868347078561783
vn 1.8899448081143979 -2.2776996348581156 -5.4487570805661791
v -0.3741715550422668 0.0390640497207642 -0.1900482028722763
vn 0.1765708073848004 2.4274091446090154 -5.7458049922286918
v -0.3362120985984802 0.3334002792835236 -0.1882406026124954
vn 1.9168013854524331 -2.3447307825048096 -5.4110788704369721
v -0.3568989932537079 0.0537256300449371 -0.1903495192527771
vn 0.4108469413180039 2.4464052294585739 -5.7529192194163903
v -0.3111066520214081 0.3291825652122498 -0.1882406026124954
vn 2.2378146199644191 -2.4668794759986112 -5.2055532572381491
v -0.3177344799041748 0.0868648141622543 -0.1911528408527374
vn 0.5709645050146930 2.3549267672348129 -5.7786630083035186
v -0.2862020432949066 0.3192407786846161 -0.1903495192527771
vn 2.3658900275017340 -2.3048865281698734 -5.2085580405283745
v -0.3035750389099121 0.1030327156186104 -0.1926591843366623
vn 0.7547772751529753 1.9293408630482107 -5.9193192341200191
v -0.2367945462465286 0.3088973760604858 -0.1881402283906937
vn 0.8755211842702457 1.5228072847467704 -5.9996943762553263
v -0.2156055569648743 0.3058846890926361 -0.1864330172538757
vn 2.8574515501569691 -1.1214289100766919 -5.4682359268271803
v -0.2283591181039810 0.1900984048843384 -0.1870355904102325
vn 2.7006688014066067 -0.7503266271679722 -5.6142144615922112
v -0.2201245427131653 0.2202249318361282 -0.1877385377883911
vn 1.3163335825002813 -0.1945257591261627 -6.0506452619393389
v -0.1866840869188309 0.2855994999408722 -0.1844246089458466
vn 2.1390271206911828 -0.4493675413710663 -5.8839424501349429
v -0.2159068137407303 0.2512552440166473 -0.1886423081159592
vn 1.3261524986846700 0.2615263778296552 -6.0979701753593112
v -0.2145009189844131 0.2798754870891571 -0.1901486366987228
vn 1.8976717215512053 -0.9221749603499807 -5.9036517042564105
v -0.1967262625694275 0.2655151486396790 -0.1843241602182388
vn -1.0461143360092429 0.0113330995841713 -6.1573437580560872
v -0.0273147281259298 0.2019481658935547 -0.1822153180837631
vn -0.9278606463614647 0.6407360534842391 -6.1612976951306386
v -0.0154649605974555 0.2313717454671860 -0.1821148842573166
vn -0.4367966511241837 0.1218131841681092 -6.2600754736877668
v 0.0010042123030871 0.2137979418039322 -0.1846254169940948
vn -0.5815220839909082 -0.2825028319478924 -6.2380816141784736
v -0.0084354337304831 0.1878891140222549 -0.1838220953941345
vn -0.4755041132806381 -0.6295456288685937 -6.2217179309439068
v 0.0010042123030871 0.1667001247406006 -0.1831191480159760
vn -0.4665359288301145 0.6255517165413310 -6.2050208444344861
v 0.0103434380143881 0.2420164644718170 -0.1842237859964371
vn -0.2235637636924446 -0.3232285138291267 -6.2636432968152960
v 0.0150632588192821 0.1819642335176468 -0.1849267333745956
vn -0.2515639832220985 -0.8167015781787091 -6.2203202823793724
v 0.0139586199074984 0.1431010067462921 -0.1808094233274460
vn -0.0884734037329249 -0.7175543735909183 -6.2388361294456214
v 0.0257079675793648 0.1596706062555313 -0.1831191480159760
vn 0.1671527424962475 0.9518232606401591 -6.1924423611202446
v 0.0386623777449131 0.2514561116695404 -0.1834204047918320
vn 0.0644345172943793 0.3837408435003497 -6.2536389894532700
v 0.0362522527575493 0.2325768172740936 -0.1855292469263077
vn 0.0128775415462405 -0.0192395933398202 -6.2725421271137751
v 0.0386623777449131 0.2043582946062088 -0.1861317604780197
vn 0.0305190200293466 -0.4576053203785572 -6.2604184916007277
v 0.0409720763564110 0.1761397719383240 -0.1849267333745956
vn 0.0450970865504177 -0.8918034072010068 -6.2191445717571092
v 0.0481020249426365 0.1384816020727158 -0.1802069097757339
vn 0.1004828926159714 -0.7300219682789679 -6.2363336800514251
v 0.0574412494897842 0.1572604775428772 -0.1828178316354752
vn 0.3809474294787516 0.5030761368771215 -6.2445674919666381
v 0.0574412494897842 0.2325768172740936 -0.1844246089458466
vn 0.3767403189691942 0.8649383712913725 -6.2099805188157804
v 0.0691905990242958 0.2490459829568863 -0.1816128045320511
vn 0.3134951390584552 0.3661893752141587 -6.2606479260252650
v 0.0728057771921158 0.2208274602890015 -0.1843241602182388
vn 0.2578085468692075 -0.0674764635368047 -6.2716742142394555
v 0.0668808966875076 0.1973287761211395 -0.1852279901504517
vn 0.2353704078453955 -0.3617324719874661 -6.2649620502764538
v 0.0751154795289040 0.1778469532728195 -0.1841233521699905
vn 0.3334955633042024 0.0648137665745773 -6.2720501616716380
v 0.0903795957565308 0.2043582946062088 -0.1839224696159363
vn 0.2186965468725949 -0.7280582290779178 -6.2334503154086658
v 0.0915846526622772 0.1525406539440155 -0.1814119368791580
vn 0.3196831693417622 0.4042464818185664 -6.2590157538267288
v 0.0950994119048119 0.2231371551752090 -0.1830187141895294
vn 0.3119889930702074 -0.1274164667945223 -6.2719347930049389
v 0.1045390665531158 0.1878891140222549 -0.1831191480159760
vn 0.2860657873018873 -0.5340604040568738 -6.2495522738887654
v 0.1121711209416389 0.1619803160429001 -0.1815123707056046
vn 0.1936461476904708 0.4845723285284688 -6.2605031950403207
v 0.1139787063002586 0.2349869310855865 -0.1812111139297485
vn 0.2831493215779447 0.1590444282157376 -6.2739714279743177
v 0.1151837706565857 0.2119903415441513 -0.1823157519102097
vn 0.2855275458017154 -0.1794062783054838 -6.2716910987938492
v 0.1304478794336319 0.1849768757820129 -0.1818136274814606
vn 0.0212909948792361 0.2401973153797587 -6.2766262128947687
v 0.1434022933244705 0.2290620505809784 -0.1810102313756943
vn 0.1401272480660463 -0.0653094811939313 -6.2804839713851548
v 0.1516368687152863 0.2037557512521744 -0.1811106801033020
vn -0.3091450714110709 0.4050538814149546 -6.2581480694374054
v 0.1592689305543900 0.2502510547637939 -0.1805081665515900
vn 0.1886199617675039 -0.3207301211400082 -6.2715285178764075
v 0.1610765308141708 0.1778469532728195 -0.1801064759492874
vn -0.1613895286064023 -0.0614502255131910 -6.2791900020853735
v 0.1704157441854477 0.2231371551752090 -0.1813115477561951
vn -0.3426381567724361 0.3743867540838408 -6.2525897845723142
v 0.1892950534820557 0.2525607347488403 -0.1823157519102097
vn -0.2160737400708962 -0.3403690576966862 -6.2643115182556368
v 0.1868849098682404 0.1961237043142319 -0.1805081665515900
vn -0.4564003905989912 -0.1672253669738271 -6.2632208015328930
v 0.1940148621797562 0.2231371551752090 -0.1825165748596191
vn -0.1098721749888051 -0.4525452745722643 -6.2621508154160361
v 0.1892950534820557 0.1761397719383240 -0.1794035285711288
vn -0.3831110250568665 0.2338963143109049 -6.2555989554059686
v 0.2163085043430328 0.2402088642120361 -0.1845250427722931
vn -0.7291598529937355 -0.1777546307600638 -6.2333944031039890
v 0.2163085043430328 0.2125928699970245 -0.1842237859964371
vn -0.8540348667943395 -0.4977938867216323 -6.1884062816101846
v 0.2146013230085373 0.1772444099187851 -0.1810102313756943
vn -2.9811017946231404 0.9685770340977886 -5.3653470312976612
v 0.2167101800441742 -0.0402691513299942 -0.1919562369585037
vn -0.1218477993731111 1.0192518758527569 -6.1892089903633867
v 0.2175135612487793 0.2679252922534943 -0.1816128045320511
vn -3.6184762966227080 0.6926374068384333 -4.9782883939433606
v 0.2176139652729034 -0.0039164680056274 -0.1872363984584808
vn -3.0596302029308196 -1.0193173481134654 -5.1908779645803769
v 0.2222333848476410 -0.1123719811439514 -0.1933621317148209
vn -3.8942839581374766 0.6418545226360060 -4.7306389258333050
v 0.2289616465568542 0.0537256300449371 -0.1885419189929962
vn -3.1112772892837031 0.4181650103159679 -5.3239884262636226
v 0.2313717603683472 0.0230969898402691 -0.1928600519895554
vn -0.4970781792556601 0.6137418877407304 -6.2247107412878275
v 0.2362924218177795 0.2438240498304367 -0.1855292469263077
vn -0.8968736559213129 0.2897843923045679 -6.2098787808604818
v 0.2433219552040100 0.2149025797843933 -0.1880397945642471
vn -1.2786259173057473 -0.0303642209806184 -6.1467755289836328
v 0.2432215362787247 0.1949186474084854 -0.1883410513401031
vn -1.6799463702381858 -0.2933061888297445 -6.0416711192587744
v 0.2362924218177795 0.1760393530130386 -0.1859309375286102
vn -3.6803475053755665 0.6912367961025995 -4.9817396725662206
v 0.2342839986085892 0.0811407789587975 -0.1876381039619446
vn -0.4592933575138241 1.0771116763634503 -6.1672424224698332
v 0.2572805881500244 0.2573809921741486 -0.1853283792734146
vn -2.3972628482742357 0.0410345087025664 -5.7959410960460644
v 0.2464350312948227 0.1502309590578079 -0.1890439987182617
vn -2.9001127384739709 0.4748068105179667 -5.5252829331750037
v 0.2481421977281570 0.1195018887519836 -0.1915545314550400
vn -2.9664914796332367 -0.5565763375183181 -5.0248838577663886
v 0.2492468506097794 -0.2534645795822144 -0.1957722306251526
vn -3.6012000757350209 -0.5294220985175437 -4.3454659426068156
v 0.2484434694051743 -0.2842940390110016 -0.1922574937343597
vn -0.3510376159385078 1.4550843936421538 -6.1007510875126041
v 0.2705362737178802 0.2726451158523560 -0.1828178316354752
vn -0.6326851528503378 0.7586265890246093 -6.2024384608455803
v 0.2646113634109497 0.2334806174039841 -0.1891444325447083
vn -4.2015458289424554 -1.5091658104028181 -3.5761672732170924
v 0.2731472551822662 -0.4288010001182556 -0.1932616978883743
vn -0.3551891598862086 1.1834742525058417 -6.1560889205050682
v 0.2881100475788116 0.2538662254810333 -0.1879393458366394
vn -0.2766664678689755 1.5269866445608917 -6.0817683416495907
v 0.2928298711776733 0.2796746194362640 -0.1825165748596191
vn -4.6536882384519904 -0.3817432826495338 -3.7842130427173508
v 0.2925286293029785 -0.4722836315631866 -0.1995882987976074
vn -0.0717111785115721 1.3923873504594153 -6.1218604911266432
v 0.3187387287616730 0.2598915100097656 -0.1878389120101929
vn -3.1779091558863723 -3.7570434059912405 -2.5708608965298816
v 0.3053826093673706 -0.5318337678909302 -0.1980819553136826
vn 4.2811590604098475 -0.8695128520279682 -4.4320524100529202
v 0.3160273432731628 -0.1064471006393433 -0.1870355904102325
vn -1.5115635322719287 -5.8467592439997382 -1.6312137619170937
v 0.3374171555042267 -0.5431813597679138 -0.1917554140090942
vn 2.8232933658095281 -2.0616886901606968 -5.1973811356732638
v 0.3405302464962006 -0.0451898202300072 -0.1868347078561783
vn 3.8961832977065098 2.9619633769175762 -3.8686816213086042
v 0.3420365452766418 -0.4457722902297974 -0.1942659616470337
vn 0.6997463020887081 1.6196537623169143 -6.0202947150575330
v 0.3683470487594604 0.2596906721591949 -0.1854288130998611
vn 1.6542417154226856 -2.0251849096872068 -5.7052603679174512
v 0.3922474384307861 0.0079333009198308 -0.1882406026124954
vn 1.1035305800122819 1.6456233516340368 -5.9609022432672356
v 0.3968668282032013 0.2468367069959641 -0.1842237859964371
vn 1.0794707163199371 1.5494887191656563 -5.9883690380957448
v 0.3995782136917114 0.2262502461671829 -0.1894456893205643
vn 1.7282158050543037 -2.0356862963960762 -5.6834452356591481
v 0.4212693274021149 0.0206868667155504 -0.1843241602182388
vn 1.3213896654359147 1.3557214052338380 -5.9851826787727509
v 0.4164490997791290 0.2043582946062088 -0.1914540976285934
vn 3.1737919433161186 1.8271138533166928 -2.3571494121873662
v 0.4155453145503998 -0.5110464692115784 -0.1987849026918411
vn 3.4174278289312978 -1.3288164410322534 -0.3776421849433347
v 0.4201647043228149 -0.5292228460311890 -0.1923579275608063
vn 1.7114737218977594 1.4420123423013278 -5.8442837893694310
v 0.4342237412929535 0.2137979418039322 -0.1851275563240051
vn 1.7924288390876115 -1.6637416644126650 -5.7745194946239513
v 0.4414541125297546 0.0393653176724911 -0.1844246089458466
vn 1.6349960597811475 -1.0396792784849394 -5.9671178209251021
v 0.4371359646320343 0.0661779344081879 -0.1917554140090942
vn 2.0726895316458274 1.1032969654637461 -5.8176359095794545
v 0.4611367881298065 0.1760393530130386 -0.1847258657217026
vn 1.9033672555401893 0.5524467492953301 -5.9484152066943876
v 0.4576219916343689 0.1514360159635544 -0.1894456893205643
vn 2.1567887399474346 0.2905477817793780 -5.8747158886048716
v 0.4718818962574005 0.1382807642221451 -0.1856296807527542
vn 1.9823564794439110 -0.5224604134824189 -5.9314147668444885
v 0.4699738919734955 0.0889736711978912 -0.1848262995481491
vn 1.8296788486467843 -0.3113504497451006 -5.9985194780227031
v 0.4549106359481812 0.1008234396576881 -0.1904498934745789
vn 0.2698432608946187 0.3537267250897951 -5.2566560886629379
v 0.7259489893913269 0.3314922451972961 -0.1826170086860657
vn -2.5828504725258239 0.7975407438419991 -5.1596742303101948
v -0.7169110774993896 -0.3017674386501312 -0.1968768835067749
vn -3.2787564297981113 0.4852520499291897 -5.0128305552100976
v -0.7144005298614502 -0.3308897614479065 -0.2006929367780685
vn -4.0609984632840677 -0.5733016487706606 -4.5845113039993795
v -0.7139988541603088 -0.3606145977973938 -0.2009941935539246
vn -3.4341842013347832 -2.7848413012064688 -3.8819096816311154
v -0.7056638002395630 -0.3863225877285004 -0.2008937597274780
vn -1.2557098943739684 0.0477587048867166 -5.8094637978285304
v -0.6934123635292053 -0.2098815292119980 -0.1930608749389648
vn -1.1876909240107907 0.1499572661697305 -5.8789323776571116
v -0.6807592511177063 -0.1817634403705597 -0.1950692832469940
vn -1.9586648197166654 1.2014250756211857 -5.7113830562029673
v -0.6763406395912170 -0.1557541936635971 -0.1933621317148209
vn 1.2396310757667157 1.7861552877121951 -5.2642937991476950
v -0.6980317831039429 -0.3135167956352234 -0.2013958841562271
vn 1.6055117594169430 -1.2089293105134098 -5.6885483684210225
v -0.6675035953521729 -0.1958224773406982 -0.1932616978883743
vn -0.2564268817133317 0.6318673359199880 -5.8997250548447777
v -0.6524402499198914 -0.1481221467256546 -0.1970777511596680
vn 0.8656116269145795 -3.8294608322107995 -3.8522127314938119
v -0.6563566923141479 -0.4020887911319733 -0.2059148401021957
vn 1.4087116472590600 -2.8752252989432292 -1.5969288969887161
v -0.6391845941543579 -0.4123318195343018 -0.1968768835067749
vn 0.5719326322600251 0.5896884455646179 -5.8844562465707790
v -0.6279373168945312 -0.1359710991382599 -0.1948684602975845
vn 0.0400037863829432 0.5846544004204026 -5.8516767061573454
v -0.6133762001991272 -0.1234183833003044 -0.1928600519895554
vn 0.1893332056986624 -0.6160284065121324 -5.9422940362206269
v -0.5450894236564636 -0.0969070270657539 -0.1914540976285934
vn -0.2321132163822727 0.1678766422226176 -6.0650353495636891
v -0.5051215291023254 -0.0545290410518646 -0.1909520328044891
vn -1.4837908515223697 -0.0474943654232239 -6.0298180913784432
v -0.4867443740367889 0.1996384710073471 -0.1950692832469940
vn -0.7986388136548341 0.4671418751114665 -6.1870631342710247
v -0.4722836315631866 0.2223337888717651 -0.1960735470056534
vn -0.6174119417719991 0.7653450608111828 -6.1964509015891824
v -0.4627435207366943 0.2490459829568863 -0.1941655129194260
vn -0.8887399691179503 -0.6614233064099813 -6.1323340781656484
v -0.4697730839252472 0.1765414625406265 -0.1966760605573654
vn -0.7894547491592122 -0.7507747179669477 -6.1846468866562647
v -0.4603334367275238 0.1549507677555084 -0.1941655129194260
vn -1.1295791947839831 -0.8629766298810553 -6.1095988337641769
v -0.4603334367275238 0.1290419697761536 -0.1914540976285934
vn 0.2710749800847094 -0.5772501428185491 -6.0347758193490506
v -0.4603334367275238 -0.0215907003730536 -0.1931613087654114
vn -0.9068659519463078 0.6265307029397694 -6.1834483959545246
v -0.4509941935539246 0.2891142666339874 -0.1905503273010254
vn -0.5805577018595540 0.6152205112842853 -6.2156741987512287
v -0.4462743699550629 0.2691303193569183 -0.1934625655412674
vn -0.2054065551168980 0.4680398129893993 -6.2465383092613349
v -0.4511950314044952 0.2321751266717911 -0.1967764943838120
vn -0.3126568663420690 -0.3211441479476653 -6.2600644508544647
v -0.4437638223171234 0.1760393530130386 -0.1978811472654343
vn -0.7170921086870968 0.8650738320651505 -6.1483419668083616
v -0.4392448663711548 0.3078931272029877 -0.1907511502504349
vn -0.6349750091665328 -0.3179977339339179 -6.2405120563055023
v -0.4319140315055847 0.1570596396923065 -0.1975798308849335
vn -0.9796268532660688 -0.5366396660506622 -6.1812654819940347
v -0.4403494894504547 0.1289415359497070 -0.1944667696952820
vn -1.4596909291950819 -0.1949100998917401 -6.1053642473521093
v -0.4415545463562012 0.0913837999105453 -0.1915545314550400
vn -1.3465410725734637 0.1124802199919752 -6.1309427612296403
v -0.4326170086860657 0.0631652697920799 -0.1939646452665329
vn -1.5200041858986593 0.3936686386284245 -6.0775209512360231
v -0.4392448663711548 0.0440851412713528 -0.1932616978883743
vn -0.8649574860191681 -0.0706677535537531 -6.1004105713253640
v -0.4401486515998840 0.0250050034373999 -0.1948684602975845
vn -0.4359763000092918 0.4520469790425679 -6.2499263400267999
v -0.4262904524803162 0.2819843292236328 -0.1937638223171234
vn -0.2470889761747873 0.3836300348792241 -6.2653968004428355
v -0.4248845279216766 0.2437236309051514 -0.1959731131792068
vn -0.9777872773777851 -0.1712918232005250 -6.2024146475025184
v -0.4130347669124603 0.1290419697761536 -0.1986844688653946
vn -1.3893119518447827 -0.0536364952172932 -6.1245528346509843
v -0.4232777655124664 0.1008234396576881 -0.1961739212274551
vn -1.3169354596846254 -0.0217311124530589 -6.1429611722258723
v -0.4228760898113251 0.0817433074116707 -0.1959731131792068
vn -0.3915316268411294 0.9194278993752041 -6.1824883932483949
v -0.4080136716365814 0.3067885041236877 -0.1930608749389648
vn -0.0879500581537652 0.2161164122661954 -6.2778617624003177
v -0.4398473799228668 0.2042578756809235 -0.1977806985378265
vn -0.6247323056339047 0.3684807420334917 -6.2305385722627351
v -0.4027917385101318 0.2236392796039581 -0.1980819553136826
vn -0.5919482904487963 0.4327647060020920 -6.2357636379439612
v -0.3950592875480652 0.2570797204971313 -0.1969773173332214
vn -0.4455449690055493 0.3770267221319731 -6.2548499973727356
v -0.3944567441940308 0.2796746194362640 -0.1955714225769043
vn 1.3310519673622401 -1.6990246264980340 -5.8173872269240414
v -0.3944567441940308 0.0348463356494904 -0.1943663358688354
vn -0.2102923728836830 -0.4443769739724373 -6.1398942583789315
v -0.4133360087871552 0.0433821901679039 -0.1981824040412903
vn -0.3945299242839380 1.2996937634859593 -6.0950784469080581
v -0.3850170671939850 0.3150230944156647 -0.1933621317148209
vn -0.5984055108304994 0.5570272766039577 -6.2285437000808743
v -0.3753766119480133 0.2817834913730621 -0.1970777511596680
vn 0.0890791914202052 -0.6990314004189089 -6.1503423161385555
v -0.3984736204147339 0.0574412345886230 -0.1991866081953049
vn -0.2535335717132617 1.2889278520185650 -6.1005711271023193
v -0.3626230359077454 0.3106045126914978 -0.1954709738492966
vn 0.5021571705493675 -1.1459346454050710 -6.0675903900023762
v -0.3781884014606476 0.0713998600840569 -0.2003916800022125
vn -0.0730569888682564 1.3615145947481617 -6.1075155190519457
v -0.3297851085662842 0.3003615140914917 -0.1981824040412903
vn 0.9518918178902921 -1.5102658987271145 -5.9337089972805943
v -0.3491665124893188 0.0901787281036377 -0.2011950165033340
vn 0.2797935345609048 1.8942106935539416 -5.9626311950130582
v -0.3026712238788605 0.3085960745811462 -0.1955714225769043
vn 0.6344416915770905 1.4189748843719607 -6.0714372268613950
v -0.2749548256397247 0.2899176478385925 -0.1984836459159851
vn 1.6716522284859505 -1.4020713254561741 -5.7907918791633541
v -0.2943362295627594 0.1423980593681335 -0.2024000883102417
vn 1.6309341228126695 -1.7340481894627731 -5.7164762597323007
v -0.3088973760604858 0.1205061152577400 -0.2007933706045151
vn 1.9479420566530268 -1.7294043443723996 -5.6280110420248111
v -0.2744527161121368 0.1525406539440155 -0.1988853514194489
vn 0.7291809951802306 1.9607066944171538 -5.8957626781788477
v -0.2627033889293671 0.3078931272029877 -0.1922574937343597
vn 1.0152774078488953 1.0544155268087254 -6.0952178348441031
v -0.2421169131994247 0.2871058285236359 -0.1942659616470337
vn 2.4573433570552980 -1.2936278859554231 -5.5963388968909085
v -0.2536654174327850 0.1740309149026871 -0.1962743699550629
vn 2.3547213953382933 -0.6924073899080223 -5.7698959403760535
v -0.2442257553339005 0.2034545093774796 -0.1965756267309189
vn 2.0345707764975525 -0.3338414714735033 -5.8980174757594988
v -0.2439244985580444 0.2228358983993530 -0.1985840946435928
vn 2.0823531290785899 -0.0678914389001384 -5.8932267536648286
v -0.2338823080062866 0.2420164644718170 -0.1956718564033508
vn 1.5354527840503556 0.3117819708522814 -6.0720055715648336
v -0.2366941273212433 0.2616991102695465 -0.1956718564033508
vn -2.4287181034159482 0.1464670883654077 -5.5968082374292454
v 0.2181160897016525 -0.0686885118484497 -0.1976802647113800
vn -2.7580116726692792 -0.6808385936991521 -5.4409933298178048
v 0.2171118706464767 -0.0875678062438965 -0.1955714225769043
vn -2.1210847897295384 0.4546414474921333 -5.8847964731963556
v 0.2360915988683701 -0.0051215291023254 -0.1958726793527603
vn -1.8491618531829255 0.6007875315295144 -5.9662358395421284
v 0.2365936934947968 -0.0306286588311195 -0.1982828378677368
vn -2.0013308913051260 -0.4258730373923194 -5.8704112981697376
v 0.2362924218177795 -0.1246234402060509 -0.1979815214872360
vn -1.8889775592196905 -0.2446800884670388 -5.9230967803592067
v 0.2438240647315979 -0.1440048366785049 -0.1990861594676971
vn -2.7788241552395418 -0.5292200318506444 -5.4745699037098667
v 0.2358907461166382 -0.1699136644601822 -0.1951697170734406
vn -2.3143769895730242 0.4560237057907979 -5.7646409505819705
v 0.2527616024017334 0.0642699152231216 -0.2001908123493195
vn -2.3015360822359217 0.2640624704590988 -5.7645412773674600
v 0.2456316649913788 0.0439847186207771 -0.1988853514194489
vn -1.5964320111402333 -0.3816489349036160 -5.8650813588824171
v 0.2505523264408112 -0.1876883208751678 -0.1995882987976074
vn -1.8273516462276933 -0.0340027106991877 -5.7999411044412303
v 0.2530628442764282 -0.2087768912315369 -0.1996887326240540
vn -2.8866983012588729 -0.3191766749958769 -5.3044493358891547
v 0.2455312311649323 -0.2287608087062836 -0.1962743699550629
vn -1.4719487817447663 0.3059233493960601 -6.0908821007690932
v 0.2598915398120880 0.1784494817256927 -0.1927596181631088
vn -2.1764527015197421 0.5420338589214094 -5.8131175167700526
v 0.2618999779224396 0.0892749428749084 -0.2016971409320831
vn -2.6131190260454571 -0.3010713760702988 -5.3422948052476338
v 0.2591885626316071 -0.3100020289421082 -0.1967764943838120
vn -0.9698528108937395 0.4989454914642975 -6.1822538063700136
v 0.2646113634109497 0.2090781182050705 -0.1918557882308960
vn -1.6240597696353321 0.5389191069060674 -6.0221728417334646
v 0.2701345682144165 0.1551516205072403 -0.1973790079355240
vn -2.5375789535941085 -0.0979611186199222 -5.4787543416752458
v 0.2645109295845032 -0.3320948183536530 -0.1979815214872360
vn -2.9881594391582107 -0.2894599952172848 -5.3029517813410765
v 0.2643100917339325 -0.3606145977973938 -0.1967764943838120
vn -3.2358439796513490 -0.6906781577573921 -4.9170459798368693
v 0.2662181258201599 -0.3888331353664398 -0.1964752376079559
vn -2.9336078663067964 -0.7737907231200400 -5.1606348510793847
v 0.2742518484592438 -0.4080136716365814 -0.1981824040412903
vn -0.6419527144529892 0.9061720334553173 -6.1805200794610844
v 0.2833902239799500 0.2231371551752090 -0.1926591843366623
vn -0.8204253588848842 0.6391371773840429 -6.1907572359196053
v 0.2848965525627136 0.2033540755510330 -0.1953705996274948
vn -0.8628124113102004 0.6843350054407222 -6.1801940792260774
v 0.2928298711776733 0.1785499006509781 -0.1989857852458954
vn -2.6205122153688514 -0.5032305966007553 -5.0407520169151887
v 0.2914239764213562 -0.4441655278205872 -0.2042076885700226
vn -0.3184405848931007 1.1594752836399056 -6.1655633556696028
v 0.3081944286823273 0.2372966259717941 -0.1920566707849503
vn -0.4809993432142012 0.9018344697607018 -6.1921601329948990
v 0.3019682765007019 0.2138983607292175 -0.1958726793527603
vn -4.8891540177004620 -0.7956867537985386 -3.3983453818087286
v 0.2952400147914886 -0.5018076300621033 -0.2011950165033340
vn 1.7061973072024725 -0.2369183804888406 -5.8929215233631957
v 0.2853986918926239 -0.1546495407819748 -0.1998895555734634
vn 2.4169732194173803 -0.6900935112937767 -5.6387128464091134
v 0.2974492609500885 -0.1215103715658188 -0.1977806985378265
vn 1.4578293433083445 0.0334642953771423 -5.9608317202811829
v 0.2829885482788086 -0.1828680634498596 -0.1996887326240540
vn 2.6437637436172499 0.3420651555784650 -5.5689693232300375
v 0.2929303348064423 -0.2005423009395599 -0.1969773173332214
vn 2.4312766445698628 -0.0709422124503294 -5.6952284077557653
v 0.2938340902328491 -0.2264511138200760 -0.1964752376079559
vn 2.2309239872732824 -0.1554652000824708 -5.7093007228022863
v 0.2921269237995148 -0.2476401180028915 -0.1974794417619705
vn 0.6408639751146777 0.0306323973636689 -6.0189449331582985
v 0.2822855710983276 -0.2692308127880096 -0.1997891068458557
vn 2.5060476422031441 0.6541676431358897 -5.4832990760089242
v 0.3022695481777191 -0.2934324443340302 -0.1968768835067749
vn -0.2360746689365019 1.0478263134715096 -6.1881776764370242
v 0.3211488127708435 0.2204257696866989 -0.1957722306251526
vn 3.0791594359957819 -0.9777065681760994 -5.2066527134638809
v 0.3103032708168030 -0.0781281590461731 -0.1979815214872360
vn 2.7377885864633829 -0.7971715919684690 -5.4916431924388647
v 0.3024703860282898 -0.0966057628393173 -0.1987849026918411
vn 2.5755495950848157 0.7559186286138855 -5.2797699036276535
v 0.3066880702972412 -0.3337015509605408 -0.1989857852458954
vn 0.0429970047826595 1.3311663963973195 -6.1315155442605347
v 0.3304880559444427 0.2420164644718170 -0.1919562369585037
vn 2.4567955701869733 -0.8547187820533878 -5.6289400289786951
v 0.3138180375099182 -0.0539265125989914 -0.1996887326240540
vn 3.7038057829646998 0.5709214080886117 -4.2517181190127404
v 0.3215505182743073 -0.3652340173721313 -0.1978811472654343
vn 0.1308853991995602 1.1512045790060608 -6.1644271625665530
v 0.3442458212375641 0.2183169275522232 -0.1966760605573654
vn 2.1084560897479134 -1.0084098615419261 -5.8032379728584740
v 0.3292829990386963 -0.0284193791449070 -0.1970777511596680
vn 2.9315854096163316 0.2454395721831921 -4.9340965486933488
v 0.3186382949352264 -0.3854188024997711 -0.2007933706045151
vn 2.6276619283524569 0.8218583423520180 -5.3547273001850648
v 0.3201446235179901 -0.4169512391090393 -0.2003916800022125
vn 0.3951061522237921 1.4197170089699671 -6.1071202819704764
v 0.3576019406318665 0.2349869310855865 -0.1921571046113968
vn 0.2854912781461640 -5.3519858274905534 -3.0803788834974979
v 0.3630247116088867 -0.5415745973587036 -0.2050110697746277
vn 0.3514977240998909 1.2203254173193161 -6.1499756194277824
v 0.3670415878295898 0.2095802277326584 -0.1971781849861145
vn 0.6952051677677312 1.4858731018759475 -6.0584115657568596
v 0.3775858581066132 0.2302671074867249 -0.1917554140090942
vn 1.3348837213451736 -1.4445659972346663 -5.9526920099591418
v 0.3700542449951172 0.0215906631201506 -0.1983832120895386
vn 1.4100653194853709 -1.7462878135527320 -5.8542607997176495
v 0.3516770601272583 -0.0028118283953518 -0.1961739212274551
vn 0.7486872114463951 1.2914596613960805 -6.0898647998669162
v 0.3875276148319244 0.2041574567556381 -0.1967764943838120
vn 1.2552006943560827 -1.2910060365337981 -6.0028002325143994
v 0.3865234255790710 0.0393653176724911 -0.1989857852458954
vn 3.4134091095084371 3.9995605498763105 -3.3732392249012513
v 0.3675436973571777 -0.4810203313827515 -0.2055131494998932
vn 0.8404428568202623 1.0868256606635218 -6.1158181813566648
v 0.3973689675331116 0.1834705621004105 -0.1995882987976074
vn 1.5547393177407107 -1.6153535799825809 -5.8577271781873748
v 0.4105242192745209 0.0360514000058174 -0.1924583613872528
vn 1.3843794299766659 -0.9825318389124446 -6.0269235394262299
v 0.4095199704170227 0.0587467178702354 -0.1978811472654343
vn 1.3101675755806386 0.9577664170730060 -6.0513574184612251
v 0.4181562662124634 0.1735288053750992 -0.1976802647113800
vn 1.6894172226833228 0.9962668388619706 -5.9490644394886045
v 0.4388431608676910 0.1737296432256699 -0.1924583613872528
vn 1.4788208260454845 0.3372625440667965 -6.0849071049681172
v 0.4280980229377747 0.1472183018922806 -0.1979815214872360
vn 1.7677843857888949 -0.0588724851436140 -6.0140555495370736
v 0.4529021978378296 0.1220124363899231 -0.1920566707849503
vn 1.4579256511423353 -0.1354599363601525 -6.1068879579325319
v 0.4307090044021606 0.1160875558853149 -0.1974794417619705
vn 1.6093520582962864 -0.5909856798496607 -6.0265371243741788
v 0.4411528408527374 0.0867643952369690 -0.1936633884906769
vn 1.1486141068885296 2.5986883896213704 -4.2478581828036654
v -0.6826672554016113 -0.3361116945743561 -0.2119401842355728
vn 3.8564441164258452 0.8677677896366174 -4.7489704642067512
v -0.6472183465957642 -0.3793934881687164 -0.2036051750183105
vn -0.2981707494429029 0.0928639031731397 -6.2392857472761847
v -0.4603334367275238 0.1973287761211395 -0.1983832120895386
vn -0.4897052353735132 0.0808204388463995 -6.2615415796779459
v -0.4144406616687775 0.1808595955371857 -0.1992870420217514
vn -0.3825875647188788 0.2747556423792772 -6.2570625991272992
v -0.4133360087871552 0.2043582946062088 -0.1982828378677368
vn -0.8176524818573845 0.0171516507306089 -6.2281973080466955
v -0.3968668580055237 0.1631853580474854 -0.2011950165033340
vn -0.8576513095174452 -0.2301315365348712 -6.2081335346714379
v -0.4014862477779388 0.0913837999105453 -0.2002912461757660
vn -0.8672393372869031 0.2340829402525697 -6.2175172677664721
v -0.3944567441940308 0.1949186474084854 -0.2010946273803711
vn -0.8575044837583926 -0.0487590429565695 -6.2212264368813734
v -0.3897368907928467 0.1313516646623611 -0.2025005370378494
vn -0.9566481767826950 0.4787888227318311 -6.1912743135231896
v -0.3850170671939850 0.2325768172740936 -0.2001908123493195
vn -0.9141056734162882 0.3597494280300416 -6.2015583156064888
v -0.3720626831054688 0.2119903415441513 -0.2040068656206131
vn -0.9221734670112535 0.1227120388673669 -6.2134141235150118
v -0.3756778538227081 0.1854790002107620 -0.2042076885700226
vn -0.7781889076589830 -0.0764227005124726 -6.2312273159992495
v -0.3756778538227081 0.1478208452463150 -0.2045089453458786
vn -0.3854754030079396 -0.4031902586274673 -6.2339264735123088
v -0.3773850500583649 0.1043381989002228 -0.2036051750183105
vn -0.7856819555381304 0.7317919206660450 -6.1902675637483249
v -0.3662382364273071 0.2607953250408173 -0.2002912461757660
vn -0.7295451804884192 0.6187636491296059 -6.2039668939684844
v -0.3544888794422150 0.2455312162637711 -0.2038059979677200
vn -0.7325047941560858 -0.0171199938971361 -6.2351920766187297
v -0.3666398823261261 0.1656959056854248 -0.2058144658803940
vn -0.3509740643878207 -0.2706841435394692 -6.2588485650163967
v -0.3570998311042786 0.1340630501508713 -0.2060152739286423
vn -0.1241072315546149 -0.4873259394665335 -6.2304321703360497
v -0.3603133261203766 0.1148824915289879 -0.2052118927240372
vn -0.5079865207884209 0.7815631024646017 -6.2110567549885713
v -0.3503715991973877 0.2796746194362640 -0.1999899893999100
vn -0.6106151925065242 0.2142916633124835 -6.2383627474374181
v -0.3493673503398895 0.2043582946062088 -0.2074211835861206
vn -0.6534354888043477 0.0444270861193703 -6.2443420383061827
v -0.3567985594272614 0.1859810948371887 -0.2068186700344086
vn -0.4503640074273240 0.3450132706425649 -6.2469612553613247
v -0.3344044983386993 0.2209278941154480 -0.2079233080148697
vn 0.7780412251271692 -1.1350295736672280 -6.0665238792379386
v -0.3370154798030853 0.1135770082473755 -0.2042076885700226
vn -0.3625687015209271 0.8278111868993409 -6.2111816277511949
v -0.3271741569042206 0.2571801245212555 -0.2049106359481812
vn -0.2407614970990894 0.9576473485401650 -6.2049252887641337
v -0.3191404044628143 0.2796746194362640 -0.2015967071056366
vn 0.2140063502196391 -0.6413671975523580 -6.2167036640903879
v -0.3338019847869873 0.1359710693359375 -0.2068186700344086
vn 0.8277586383881466 -0.9319123642561175 -6.1267630618307756
v -0.3146214187145233 0.1384816020727158 -0.2055131494998932
vn 0.1792221996078467 1.2166240275280182 -6.1405934288329691
v -0.3003615438938141 0.2867041528224945 -0.2010946273803711
vn 0.3091614014603302 0.7681790125700947 -6.2104430801059918
v -0.2953404486179352 0.2571801245212555 -0.2055131494998932
vn 0.8359363578924471 0.7510806943625639 -6.1523214020272601
v -0.2697328925132751 0.2667202353477478 -0.2021992802619934
vn 0.6966139011432653 -0.5772909124880989 -6.1970736708672511
v -0.2998594343662262 0.1736292243003845 -0.2072203606367111
vn 1.2436573951874585 0.2991575255009124 -6.1328402375587290
v -0.2590881884098053 0.2402088642120361 -0.2024000883102417
vn 0.8732013326313965 -0.1980417005499552 -6.2100874599403255
v -0.2837919592857361 0.2019481658935547 -0.2069191038608551
vn 1.4691574117662154 -0.8976871864123165 -5.9747237177915355
v -0.2720426023006439 0.1761397719383240 -0.2034042924642563
vn 1.7472608083333401 -0.4864807482327249 -5.9746282880528643
v -0.2627033889293671 0.1949186474084854 -0.2027013450860977
vn 1.3820743669581452 -0.1326631970718053 -6.1027207335459668
v -0.2650130689144135 0.2139987945556641 -0.2041072547435760
vn -1.5129025872232680 0.1523497751447973 -6.0302984507380577
v 0.2363928407430649 -0.0663788095116615 -0.2028017938137054
vn -1.4770826060131790 -0.6842574717019704 -6.0569579444673787
v 0.2363928407430649 -0.0875678062438965 -0.2009941935539246
vn -1.3203010355199354 0.6768602170988793 -6.0478987051260873
v 0.2470375597476959 -0.0470978319644928 -0.2038059979677200
vn -0.7253651817628671 -0.4482255941642302 -6.1867674772193046
v 0.2563767731189728 -0.1034344434738159 -0.2035047411918640
vn -1.6711588132058937 -0.1267492682788043 -6.0346958331875227
v 0.2504518926143646 0.0255071111023426 -0.1999899893999100
vn -1.2515539897082009 0.2429513245535861 -6.1352702861084429
v 0.2551717162132263 -0.0039164680056274 -0.2012954503297806
vn -0.6607047122912484 0.5271351681071947 -6.2089543824350955
v 0.2636071443557739 -0.0321349874138832 -0.2043081223964691
vn -0.5948728520956900 -0.2907789611741848 -6.1967153774134438
v 0.2563767731189728 -0.0731070712208748 -0.2061157226562500
vn -0.1857197904495609 -0.2773920997783731 -6.2191616435858368
v 0.2625024914741516 -0.1310504376888275 -0.2025005370378494
vn -0.5886069776494514 -0.2315514391224916 -6.1773388809401215
v 0.2575818598270416 -0.1628841310739517 -0.2013958841562271
vn -1.2360653369765149 -0.1661412432865000 -6.1417624092831371
v 0.2683269679546356 0.0484032779932022 -0.2046093791723251
vn -0.7035421703976057 -0.2007204499086095 -6.2360270779989326
v 0.2751556634902954 0.0177746359258890 -0.2040068656206131
vn -0.2061650018538796 -0.2830038538703190 -6.1608251506314309
v 0.2693311870098114 -0.2382004708051682 -0.2009941935539246
vn -1.6041597865438093 0.6732978044002571 -6.0083999772390948
v 0.2775657773017883 0.1325567215681076 -0.2017975896596909
vn -1.0824527206048233 0.1392656651977272 -6.1482138756622096
v 0.2811809778213501 0.0725044980645180 -0.2077224254608154
vn -0.2255755477100805 -0.0352546983065902 -6.2713171213150183
v 0.2833902239799500 -0.0039164680056274 -0.2042076885700226
vn 0.5757125364217746 0.0027902609430730 -6.1228573127623402
v 0.2763607203960419 -0.2134967148303986 -0.2016971409320831
vn -0.1405290099995316 0.1935124689169339 -6.1663741964784151
v 0.2822855710983276 -0.2964451014995575 -0.2004920691251755
vn -0.9559795562528889 0.4711361643172656 -6.1666241132244375
v 0.2934324145317078 0.1088571846485138 -0.2076220512390137
vn -0.4747376741144491 -0.5264327928631194 -6.2397498875417456
v 0.2906205952167511 0.0349467583000660 -0.2064169794321060
vn 1.0308785517582941 -0.5590484734637575 -6.1110039418997761
v 0.2883109152317047 -0.0804378613829613 -0.2048102021217346
vn 0.8787815918825779 -0.6166980431710380 -6.1165516927270636
v 0.2833902239799500 -0.1063466817140579 -0.2034042924642563
vn 0.0704331904100029 0.2353466298456434 -6.2182880955470683
v 0.2870054244995117 -0.3182366192340851 -0.2007933706045151
vn -0.6068610630533007 0.2196756170800608 -6.1757005186292497
v 0.2833902239799500 -0.3464551568031311 -0.2019983977079391
vn -1.1350740439844629 -0.0803731570998572 -6.1380718053485692
v 0.2833902239799500 -0.3699538111686707 -0.2020988315343857
vn -0.4949872795550685 0.0181469729776257 -6.1924834434950622
v 0.2940349578857422 -0.3905403017997742 -0.2033039182424545
vn -0.7816367832407580 0.8023473286065450 -6.1774208917291649
v 0.3022695481777191 0.1572604775428772 -0.2028017938137054
vn 0.7934834620410495 -0.0471552839294235 -6.1878452967448210
v 0.3012652993202209 -0.0281181167811155 -0.2043081223964691
vn -0.3983401741544922 -0.0932050105161194 -6.0534535092441226
v 0.2975497245788574 -0.4135369062423706 -0.2045089453458786
vn -0.7693483419298826 0.7687242236964836 -6.1805129456725876
v 0.3032737374305725 0.1358706355094910 -0.2058144658803940
vn 0.0610833077971507 -0.5489073470235960 -6.2483061084415317
v 0.3057842850685120 0.0205864459276199 -0.2060152739286423
vn 0.6688064914639272 0.3620027523597180 -6.1248347110557475
v 0.3022695481777191 -0.3629243075847626 -0.2033039182424545
vn -0.4228373505035016 0.8056234868314855 -6.2145187037927352
v 0.3140189051628113 0.1973287761211395 -0.1987849026918411
vn 0.9906871043722947 -0.7664142016273213 -6.1182653583557531
v 0.3222534656524658 -0.0039164680056274 -0.2027013450860977
vn 0.9277278361041182 -0.0044296867421145 -6.1158916995368928
v 0.2919260859489441 -0.0499096401035786 -0.2065174132585526
vn -0.3416558436518242 0.8567619202760597 -6.2119212292690804
v 0.3281783461570740 0.1725246012210846 -0.2030026018619537
vn -0.3569670568899405 0.7399192538728038 -6.2250782512537421
v 0.3239606618881226 0.1393854022026062 -0.2071199268102646
vn 0.4784380227029466 -0.7826108506420176 -6.2102524634925995
v 0.3330990374088287 0.0350471772253513 -0.2062161564826965
vn 0.9043963401259024 -1.0342182611015898 -6.1181284150253363
v 0.3399277031421661 0.0160674639046192 -0.2028017938137054
vn -2.4533399958278799 -3.1364125509694056 -3.8528812931106073
v 0.3240610659122467 -0.5288210511207581 -0.2184676080942154
vn -0.0708395680639783 0.9301035684469683 -6.2097217411041807
v 0.3399277031421661 0.1996384710073471 -0.1995882987976074
vn 0.1489588056631916 1.6490210854599336 -5.5581552561341496
v 0.3173328042030334 -0.4465756714344025 -0.2100321501493454
vn -1.2374011288006344 -5.3329381676998349 -2.1821830190542064
v 0.3399277031421661 -0.5395661592483521 -0.2109359204769135
vn -0.0982656217695651 0.7961673349360197 -6.2238431453377761
v 0.3493673503398895 0.1580638587474823 -0.2059148401021957
vn 1.8377061070916172 3.2066937013791668 -4.6404892764044048
v 0.3394255936145782 -0.4642499089241028 -0.2134464681148529
vn 0.2487142854266838 0.9984956218693513 -6.1903686214467841
v 0.3681462407112122 0.1831693053245544 -0.2019983977079391
vn 0.8948105835950371 -0.8035671372452284 -6.1543365546200928
v 0.3645310401916504 0.0527214109897614 -0.2051115185022354
vn 0.2742394111281301 0.6307632399081040 -6.2307645768794035
v 0.3670415878295898 0.1499296873807907 -0.2068186700344086
vn 0.6679233187931086 0.6060104913957138 -6.2043987542758110
v 0.3870255053043365 0.1549507677555084 -0.2047098129987717
vn 0.7415100880947350 -0.4909252907400085 -6.2158376936149269
v 0.3644306063652039 0.0760192647576332 -0.2072203606367111
vn 0.9623232321348268 -0.2616242526636627 -6.1934295507216452
v 0.3831090629100800 0.1015263944864273 -0.2066177874803543
vn 1.0650034130325472 -0.6545377840788982 -6.1545350492209199
v 0.3905402719974518 0.0713998600840569 -0.2028017938137054
vn 3.7656837670991035 1.9821178410830491 -4.4246514332210065
v 0.3813014924526215 -0.5055232048034668 -0.2095300257205963
vn 1.0376902109293302 0.5495655823847116 -6.1563107935508938
v 0.4058043956756592 0.1572604775428772 -0.2019983977079391
vn 1.1313713330189588 0.0604409621256740 -6.1688041031809089
v 0.4058043956756592 0.1290419697761536 -0.2032034844160080
vn 0.6858918626755374 0.2280602053535627 -6.2341909225277661
v 0.3775858581066132 0.1290419697761536 -0.2072203606367111
vn 1.2972981258914182 -0.4328707553366717 -6.1238948233722681
v 0.4140389561653137 0.0925888568162918 -0.2003916800022125
vn 2.3286600284767571 -0.8957925150444148 -4.7371858716660906
v 0.4024904668331146 -0.5252059102058411 -0.2076220512390137
vn -2.6181324321462851 0.0869899593228927 -5.4914800049526349
v -0.6958224773406982 -0.3606145977973938 -0.2132456451654434
vn -1.9037333179348324 -2.4740962591001585 -4.3804804695379547
v -0.6838722825050354 -0.3889335393905640 -0.2163587063550949
vn 0.3389442394519333 1.8498291756750320 -4.9436190704394498
v -0.6710183024406433 -0.3586061596870422 -0.2208777070045471
vn 2.4466529401049715 1.2711617121301404 -2.1399225543721423
v -0.6522394418716431 -0.3608154654502869 -0.2182667255401611
vn 1.5098186331836090 -1.5668031582685744 -3.6957675030687112
v -0.6596706509590149 -0.3884314298629761 -0.2213797867298126
vn -0.3521931408072760 -0.1467060854963109 -6.2684331812283745
v -0.3473589122295380 0.1596706062555313 -0.2073207348585129
vn -0.1874660052850984 -0.0735732971635185 -6.2736698676836964
v -0.3320948183536530 0.1860815286636353 -0.2085258215665817
vn 0.3219337489851660 -0.3673666761900634 -6.2362725526063869
v -0.3215505182743073 0.1572604775428772 -0.2080237418413162
vn -0.1297775596883354 0.5839249255657972 -6.2361973517202260
v -0.3132155239582062 0.2397067695856094 -0.2078228741884232
vn 0.1067177048765915 0.1140678832684039 -6.2682677892854874
v -0.3073910474777222 0.2149025797843933 -0.2090279459953308
vn 0.3742046528387700 -0.2069832705315999 -6.2386000639515231
v -0.3026712238788605 0.1949186474084854 -0.2090279459953308
vn 0.5894256529511879 0.2837964937497269 -6.2202476310013974
v -0.2909218966960907 0.2278569936752319 -0.2080237418413162
vn -0.0744836983630229 0.0305008541942432 -6.2160228551225281
v 0.2740510106086731 -0.0581442266702652 -0.2075216174125671
vn -0.4754963713385807 -0.4022301259334944 -6.2190605073074749
v 0.2928298711776733 0.0537256300449371 -0.2087267041206360
vn -0.2422672655391039 -0.1031766678543718 -6.2664062818869661
v 0.3086965084075928 0.0749146267771721 -0.2098313421010971
vn -0.3077435438865504 0.3529504526210289 -6.2459936684091710
v 0.3222534656524658 0.1090580299496651 -0.2103334069252014
vn 0.0502222743115095 -0.5368014806276107 -6.2559882048846571
v 0.3117091953754425 0.0442859865725040 -0.2080237418413162
vn -2.5280770122020515 1.1088454897478370 -5.2409816453021723
v 0.3126129806041718 -0.4758988022804260 -0.2163587063550949
vn -3.4789461576861149 -0.7163025682428268 -4.8082652930545660
v 0.3123117089271545 -0.5065274238586426 -0.2176642268896103
vn 0.1567301912380082 -0.1241188247289120 -6.2635400000530961
v 0.3352078795433044 0.0936935022473335 -0.2107351124286652
vn 0.3485760235206551 -0.4995178950873225 -6.2413543270657446
v 0.3352078795433044 0.0607551559805870 -0.2089275121688843
vn 0.1231350875722017 0.4162853380017628 -6.2543882619172138
v 0.3475597500801086 0.1208073720335960 -0.2097309082746506
vn 0.5757538295508398 -0.1009178267078964 -6.2374960175199483
v 0.3634264171123505 0.1043381989002228 -0.2093292027711868
vn 2.7871973758405741 2.5310253734629713 -3.3668614822279830
v 0.3689495921134949 -0.4930709302425385 -0.2246937155723572
vn 2.5424905139329601 -2.4551255735262791 -4.5437824215388281
v 0.3733681738376617 -0.5266118049621582 -0.2197730690240860
vn -1.2646075850854803 1.8516375556468789 -5.5962841020222367
v 0.3299859464168549 -0.4828279316425323 -0.2233882546424866
vn -1.5871938998321213 -0.1326514772806709 -5.8110929372018436
v 0.3351074755191803 -0.5056236386299133 -0.2283089011907578
vn 0.6132356786319266 2.2213877675644018 -5.2304984563918460
v 0.3493673503398895 -0.4904599487781525 -0.2282085269689560
vn -0.1032298637466844 -2.8724928697712211 -4.3672490098467218
v 0.3491665124893188 -0.5300260782241821 -0.2273046970367432
vn 2.2121159038119749 -0.2810483834739291 -4.6505561190975975
v 0.3670415878295898 -0.5112472176551819 -0.2302169352769852
# 4712 vertices, 0 vertices normals

f 1//1 2//2 3//3
f 2//2 4//4 3//3
f 2//2 5//5 4//4
f 1//1 5//5 2//2
f 1//1 6//6 5//5
f 7//7 8//8 9//9
f 3//3 10//10 1//1
f 3//3 11//11 12//12
f 3//3 13//13 11//11
f 3//3 4//4 13//13
f 4//4 5//5 13//13
f 9//9 14//14 15//15
f 16//16 7//7 9//9
f 7//7 16//16 17//17
f 9//9 8//8 14//14
f 8//8 18//18 14//14
f 19//19 7//7 17//17
f 8//8 7//7 20//20
f 7//7 19//19 20//20
f 21//21 22//22 23//23
f 24//24 25//25 26//26
f 24//24 12//12 25//25
f 24//24 3//3 12//12
f 27//27 3//3 24//24
f 27//27 10//10 3//3
f 1//1 10//10 28//28
f 12//12 29//29 25//25
f 12//12 11//11 29//29
f 30//30 1//1 28//28
f 11//11 13//13 29//29
f 6//6 1//1 30//30
f 31//31 5//5 6//6
f 32//32 33//33 34//34
f 35//35 33//33 32//32
f 35//35 15//15 33//33
f 35//35 9//9 15//15
f 36//36 9//9 35//35
f 36//36 16//16 9//9
f 36//36 37//37 16//16
f 38//38 16//16 37//37
f 15//15 14//14 33//33
f 38//38 17//17 16//16
f 19//19 39//39 20//20
f 40//40 41//41 42//42
f 43//43 40//40 42//42
f 43//43 44//44 40//40
f 45//45 44//44 43//43
f 45//45 46//46 44//44
f 47//47 46//46 45//45
f 47//47 48//48 46//46
f 41//41 49//49 50//50
f 40//40 49//49 41//41
f 44//44 51//51 40//40
f 44//44 52//52 51//51
f 46//46 52//52 44//44
f 46//46 53//53 52//52
f 48//48 53//53 46//46
f 50//50 54//54 55//55
f 49//49 54//54 50//50
f 55//55 56//56 57//57
f 49//49 58//58 54//54
f 40//40 58//58 49//49
f 40//40 59//59 58//58
f 51//51 59//59 40//40
f 52//52 60//60 51//51
f 53//53 60//60 52//52
f 55//55 61//61 56//56
f 54//54 61//61 55//55
f 54//54 62//62 61//61
f 58//58 62//62 54//54
f 51//51 63//63 59//59
f 60//60 63//63 51//51
f 53//53 64//64 60//60
f 58//58 65//65 62//62
f 59//59 65//65 58//58
f 60//60 66//66 63//63
f 64//64 66//66 60//60
f 61//61 67//67 56//56
f 62//62 67//67 61//61
f 59//59 68//68 65//65
f 63//63 68//68 59//59
f 64//64 69//69 66//66
f 56//56 70//70 71//71
f 67//67 70//70 56//56
f 62//62 72//72 67//67
f 65//65 72//72 62//62
f 68//68 73//73 65//65
f 63//63 74//74 68//68
f 66//66 74//74 63//63
f 70//70 75//75 71//71
f 65//65 73//73 72//72
f 68//68 76//76 73//73
f 74//74 76//76 68//68
f 74//74 66//66 77//77
f 70//70 78//78 75//75
f 67//67 78//78 70//70
f 67//67 79//79 78//78
f 72//72 79//79 67//67
f 73//73 80//80 72//72
f 75//75 78//78 81//81
f 72//72 82//82 79//79
f 80//80 82//82 72//72
f 73//73 83//83 80//80
f 76//76 83//83 73//73
f 79//79 84//84 78//78
f 82//82 84//84 79//79
f 80//80 85//85 82//82
f 83//83 85//85 80//80
f 78//78 84//84 81//81
f 82//82 86//86 84//84
f 82//82 87//87 86//86
f 85//85 87//87 82//82
f 88//88 89//89 90//90
f 91//91 90//90 89//89
f 91//91 92//92 90//90
f 91//91 93//93 92//92
f 94//94 93//93 91//91
f 94//94 95//95 93//93
f 95//95 96//96 93//93
f 97//97 98//98 95//95
f 99//99 98//98 97//97
f 23//23 100//100 101//101
f 101//101 102//102 23//23
f 103//103 102//102 101//101
f 104//104 102//102 103//103
f 104//104 105//105 102//102
f 88//88 105//105 104//104
f 88//88 106//106 105//105
f 90//90 106//106 88//88
f 93//93 107//107 92//92
f 93//93 96//96 107//107
f 95//95 98//98 96//96
f 99//99 108//108 98//98
f 99//99 109//109 108//108
f 110//110 109//109 99//99
f 111//111 112//112 113//113
f 100//100 113//113 112//112
f 100//100 23//23 113//113
f 90//90 114//114 106//106
f 92//92 114//114 90//90
f 92//92 107//107 114//114
f 110//110 115//115 109//109
f 116//116 115//115 110//110
f 116//116 117//117 115//115
f 118//118 117//117 116//116
f 118//118 119//119 117//117
f 120//120 119//119 118//118
f 120//120 121//121 119//119
f 102//102 122//122 23//23
f 96//96 123//123 107//107
f 98//98 123//123 96//96
f 121//121 124//124 119//119
f 121//121 125//125 124//124
f 126//126 127//127 125//125
f 128//128 127//127 126//126
f 111//111 129//129 130//130
f 113//113 129//129 111//111
f 113//113 22//22 129//129
f 23//23 22//22 113//113
f 105//105 122//122 102//102
f 106//106 131//131 105//105
f 107//107 132//132 114//114
f 107//107 123//123 132//132
f 133//133 134//134 135//135
f 133//133 136//136 134//134
f 133//133 26//26 136//136
f 137//137 26//26 133//133
f 138//138 26//26 137//137
f 26//26 138//138 24//24
f 130//130 139//139 140//140
f 129//129 139//139 130//130
f 122//122 21//21 23//23
f 106//106 141//141 131//131
f 114//114 141//141 106//106
f 114//114 142//142 141//141
f 132//132 142//142 114//114
f 128//128 143//143 127//127
f 135//135 143//143 128//128
f 135//135 134//134 143//143
f 10//10 27//27 144//144
f 139//139 145//145 140//140
f 129//129 146//146 139//139
f 129//129 22//22 146//146
f 105//105 147//147 122//122
f 105//105 148//148 147//147
f 131//131 148//148 105//105
f 131//131 141//141 148//148
f 136//136 149//149 134//134
f 26//26 149//149 136//136
f 28//28 10//10 144//144
f 150//150 151//151 152//152
f 140//140 150//150 152//152
f 145//145 150//150 140//140
f 146//146 145//145 139//139
f 21//21 153//153 22//22
f 122//122 154//154 21//21
f 122//122 147//147 154//154
f 25//25 149//149 26//26
f 22//22 155//155 146//146
f 153//153 155//155 22//22
f 21//21 156//156 153//153
f 154//154 156//156 21//21
f 148//148 157//157 147//147
f 148//148 141//141 157//157
f 25//25 29//29 149//149
f 146//146 158//158 145//145
f 155//155 158//158 146//146
f 153//153 156//156 155//155
f 154//154 159//159 156//156
f 147//147 159//159 154//154
f 157//157 159//159 147//147
f 160//160 161//161 151//151
f 150//150 160//160 151//151
f 145//145 160//160 150//150
f 158//158 162//162 145//145
f 157//157 163//163 159//159
f 160//160 164//164 161//161
f 145//145 162//162 160//160
f 155//155 165//165 158//158
f 155//155 166//166 165//165
f 156//156 166//166 155//155
f 156//156 159//159 166//166
f 167//167 6//6 30//30
f 160//160 168//168 164//164
f 162//162 168//168 160//160
f 158//158 169//169 162//162
f 5//5 170//170 13//13
f 158//158 171//171 169//169
f 165//165 171//171 158//158
f 166//166 172//172 165//165
f 166//166 173//173 172//172
f 159//159 173//173 166//166
f 159//159 163//163 173//173
f 167//167 31//31 6//6
f 167//167 174//174 31//31
f 168//168 175//175 164//164
f 162//162 169//169 168//168
f 165//165 172//172 171//171
f 5//5 176//176 170//170
f 31//31 176//176 5//5
f 168//168 177//177 175//175
f 169//169 177//177 168//168
f 171//171 178//178 169//169
f 174//174 179//179 31//31
f 169//169 180//180 177//177
f 169//169 178//178 180//180
f 171//171 181//181 178//178
f 172//172 181//181 171//171
f 172//172 182//182 181//181
f 31//31 179//179 176//176
f 183//183 184//184 32//32
f 32//32 184//184 185//185
f 32//32 185//185 35//35
f 35//35 185//185 36//36
f 183//183 186//186 187//187
f 183//183 34//34 186//186
f 183//183 32//32 34//34
f 38//38 37//37 188//188
f 189//189 190//190 191//191
f 189//189 192//192 190//190
f 189//189 193//193 192//192
f 189//189 187//187 193//193
f 187//187 186//186 193//193
f 33//33 186//186 34//34
f 194//194 191//191 195//195
f 190//190 195//195 191//191
f 38//38 196//196 17//17
f 195//195 197//197 194//194
f 195//195 190//190 198//198
f 196//196 199//199 17//17
f 195//195 200//200 197//197
f 195//195 198//198 200//200
f 201//201 18//18 8//8
f 19//19 17//17 199//199
f 197//197 202//202 203//203
f 200//200 202//202 197//197
f 20//20 201//201 8//8
f 200//200 204//204 202//202
f 19//19 199//199 39//39
f 205//205 206//206 203//203
f 202//202 205//205 203//203
f 202//202 204//204 205//205
f 205//205 207//207 206//206
f 205//205 208//208 207//207
f 207//207 209//209 210//210
f 207//207 208//208 209//209
f 211//211 212//212 213//213
f 211//211 214//214 212//212
f 215//215 214//214 211//211
f 215//215 216//216 214//214
f 217//217 216//216 215//215
f 217//217 218//218 216//216
f 219//219 218//218 217//217
f 220//220 221//221 222//222
f 212//212 223//223 224//224
f 214//214 225//225 212//212
f 216//216 225//225 214//214
f 216//216 226//226 225//225
f 216//216 227//227 226//226
f 218//218 227//227 216//216
f 218//218 228//228 227//227
f 219//219 228//228 218//218
f 219//219 229//229 228//228
f 230//230 231//231 220//220
f 220//220 222//222 230//230
f 212//212 232//232 223//223
f 225//225 232//232 212//212
f 233//233 234//234 231//231
f 231//231 230//230 233//233
f 223//223 235//235 236//236
f 232//232 235//235 223//223
f 225//225 237//237 232//232
f 226//226 237//237 225//225
f 228//228 238//238 227//227
f 229//229 238//238 228//228
f 229//229 239//239 238//238
f 229//229 240//240 239//239
f 241//241 240//240 229//229
f 242//242 240//240 241//241
f 235//235 243//243 236//236
f 232//232 237//237 235//235
f 226//226 42//42 237//237
f 227//227 42//42 226//226
f 227//227 238//238 42//42
f 242//242 244//244 240//240
f 245//245 244//244 242//242
f 245//245 246//246 244//244
f 247//247 246//246 245//245
f 234//234 246//246 247//247
f 234//234 248//248 246//246
f 233//233 248//248 234//234
f 238//238 43//43 42//42
f 239//239 43//43 238//238
f 239//239 45//45 43//43
f 240//240 45//45 239//239
f 233//233 249//249 248//248
f 235//235 250//250 243//243
f 237//237 251//251 235//235
f 240//240 47//47 45//45
f 244//244 47//47 240//240
f 244//244 252//252 47//47
f 246//246 252//252 244//244
f 248//248 253//253 246//246
f 235//235 251//251 250//250
f 237//237 254//254 251//251
f 237//237 50//50 254//254
f 42//42 50//50 237//237
f 42//42 41//41 50//50
f 246//246 253//253 252//252
f 251//251 255//255 250//250
f 252//252 48//48 47//47
f 253//253 48//48 252//252
f 250//250 256//256 257//257
f 255//255 256//256 250//250
f 251//251 55//55 255//255
f 254//254 55//55 251//251
f 55//55 254//254 50//50
f 253//253 258//258 48//48
f 256//256 259//259 257//257
f 255//255 57//57 256//256
f 57//57 255//255 55//55
f 48//48 260//260 53//53
f 258//258 260//260 48//48
f 256//256 261//261 259//259
f 256//256 262//262 261//261
f 57//57 262//262 256//256
f 57//57 56//56 262//262
f 260//260 64//64 53//53
f 261//261 263//263 264//264
f 262//262 263//263 261//261
f 262//262 71//71 263//263
f 262//262 56//56 71//71
f 260//260 69//69 64//64
f 260//260 265//265 69//69
f 263//263 266//266 264//264
f 71//71 266//266 263//263
f 69//69 267//267 66//66
f 71//71 75//75 266//266
f 267//267 77//77 66//66
f 266//266 268//268 269//269
f 75//75 268//268 266//266
f 75//75 81//81 268//268
f 74//74 77//77 76//76
f 268//268 270//270 269//269
f 268//268 81//81 270//270
f 271//271 83//83 76//76
f 77//77 271//271 76//76
f 272//272 85//85 83//83
f 271//271 272//272 83//83
f 81//81 273//273 270//270
f 85//85 274//274 87//87
f 272//272 274//274 85//85
f 81//81 275//275 273//273
f 84//84 275//275 81//81
f 84//84 276//276 275//275
f 84//84 86//86 276//276
f 273//273 275//275 277//277
f 86//86 278//278 276//276
f 87//87 278//278 86//86
f 275//275 279//279 277//277
f 276//276 279//279 275//275
f 280//280 91//91 281//281
f 282//282 91//91 280//280
f 283//283 89//89 284//284
f 281//281 89//89 283//283
f 91//91 89//89 281//281
f 282//282 94//94 91//91
f 285//285 94//94 282//282
f 89//89 88//88 284//284
f 94//94 285//285 95//95
f 285//285 97//97 95//95
f 286//286 97//97 285//285
f 287//287 288//288 101//101
f 289//289 101//101 288//288
f 289//289 103//103 101//101
f 290//290 103//103 289//289
f 290//290 104//104 103//103
f 284//284 104//104 290//290
f 284//284 88//88 104//104
f 286//286 99//99 97//97
f 291//291 99//99 286//286
f 291//291 110//110 99//99
f 292//292 110//110 291//291
f 293//293 110//110 292//292
f 293//293 116//116 110//110
f 294//294 116//116 293//293
f 116//116 294//294 118//118
f 287//287 100//100 112//112
f 100//100 287//287 101//101
f 295//295 120//120 118//118
f 296//296 120//120 295//295
f 297//297 298//298 299//299
f 299//299 298//298 300//300
f 112//112 111//111 301//301
f 120//120 296//296 121//121
f 302//302 121//121 296//296
f 302//302 125//125 121//121
f 302//302 126//126 125//125
f 303//303 126//126 302//302
f 303//303 128//128 126//126
f 304//304 128//128 303//303
f 304//304 135//135 128//128
f 305//305 135//135 304//304
f 135//135 305//305 133//133
f 133//133 305//305 306//306
f 300//300 130//130 299//299
f 301//301 130//130 300//300
f 301//301 111//111 130//130
f 133//133 306//306 137//137
f 307//307 308//308 309//309
f 297//297 308//308 307//307
f 299//299 308//308 297//297
f 140//140 299//299 130//130
f 98//98 310//310 123//123
f 98//98 311//311 310//310
f 108//108 311//311 98//98
f 108//108 312//312 311//311
f 109//109 312//312 108//108
f 109//109 313//313 312//312
f 109//109 115//115 313//313
f 117//117 314//314 115//115
f 117//117 315//315 314//314
f 119//119 315//315 117//117
f 124//124 315//315 119//119
f 316//316 27//27 24//24
f 308//308 317//317 309//309
f 299//299 152//152 308//308
f 152//152 299//299 140//140
f 123//123 318//318 132//132
f 123//123 319//319 318//318
f 310//310 319//319 123//123
f 125//125 320//320 124//124
f 320//320 125//125 127//127
f 152//152 151//151 308//308
f 132//132 321//321 142//142
f 132//132 318//318 321//321
f 127//127 322//322 320//320
f 323//323 28//28 144//144
f 308//308 151//151 317//317
f 142//142 321//321 141//141
f 143//143 324//324 127//127
f 325//325 324//324 143//143
f 325//325 143//143 134//134
f 151//151 326//326 317//317
f 149//149 325//325 134//134
f 326//326 327//327 317//317
f 141//141 328//328 157//157
f 141//141 329//329 328//328
f 141//141 321//321 329//329
f 30//30 28//28 323//323
f 151//151 161//161 326//326
f 29//29 13//13 330//330
f 30//30 323//323 167//167
f 326//326 331//331 327//327
f 326//326 161//161 331//331
f 328//328 163//163 157//157
f 161//161 332//332 331//331
f 164//164 332//332 161//161
f 328//328 333//333 163//163
f 13//13 170//170 330//330
f 332//332 334//334 331//331
f 332//332 335//335 334//334
f 164//164 335//335 332//332
f 335//335 164//164 175//175
f 336//336 173//173 163//163
f 163//163 333//333 336//336
f 337//337 172//172 173//173
f 336//336 337//337 173//173
f 170//170 176//176 338//338
f 335//335 339//339 340//340
f 175//175 339//339 335//335
f 339//339 175//175 177//177
f 337//337 182//182 172//172
f 336//336 341//341 337//337
f 177//177 342//342 339//339
f 180//180 342//342 177//177
f 337//337 341//341 182//182
f 176//176 179//179 343//343
f 339//339 344//344 340//340
f 342//342 344//344 339//339
f 345//345 176//176 343//343
f 180//180 346//346 342//342
f 178//178 346//346 180//180
f 178//178 347//347 346//346
f 181//181 347//347 178//178
f 182//182 348//348 181//181
f 341//341 348//348 182//182
f 181//181 349//349 347//347
f 348//348 349//349 181//181
f 350//350 351//351 187//187
f 352//352 187//187 351//351
f 183//183 187//187 352//352
f 353//353 36//36 185//185
f 353//353 37//37 36//36
f 353//353 354//354 37//37
f 355//355 350//350 189//189
f 350//350 187//187 189//189
f 188//188 37//37 354//354
f 356//356 355//355 191//191
f 355//355 189//189 191//191
f 356//356 191//191 194//194
f 188//188 196//196 38//38
f 194//194 197//197 357//357
f 186//186 358//358 193//193
f 186//186 359//359 358//358
f 33//33 359//359 186//186
f 360//360 359//359 33//33
f 360//360 33//33 14//14
f 197//197 361//361 357//357
f 362//362 190//190 192//192
f 193//193 362//362 192//192
f 14//14 363//363 360//360
f 190//190 362//362 198//198
f 363//363 14//14 18//18
f 361//361 197//197 203//203
f 18//18 201//201 363//363
f 203//203 364//364 361//361
f 204//204 200//200 365//365
f 200//200 198//198 365//365
f 203//203 206//206 364//364
f 201//201 20//20 366//366
f 20//20 39//39 366//366
f 207//207 367//367 206//206
f 368//368 205//205 204//204
f 207//207 369//369 367//367
f 208//208 205//205 368//368
f 207//207 370//370 369//369
f 207//207 210//210 370//370
f 370//370 210//210 371//371
f 209//209 372//372 210//210
f 371//371 373//373 370//370
f 210//210 372//372 371//371
f 371//371 374//374 373//373
f 372//372 375//375 371//371
f 372//372 376//376 375//375
f 371//371 375//375 374//374
f 377//377 374//374 375//375
f 211//211 378//378 379//379
f 380//380 211//211 379//379
f 381//381 382//382 374//374
f 374//374 377//377 381//381
f 375//375 383//383 377//377
f 213//213 384//384 378//378
f 378//378 211//211 213//213
f 211//211 380//380 215//215
f 385//385 215//215 380//380
f 385//385 217//217 215//215
f 386//386 217//217 385//385
f 386//386 387//387 217//217
f 387//387 386//386 388//388
f 381//381 389//389 382//382
f 213//213 390//390 384//384
f 388//388 391//391 387//387
f 221//221 381//381 377//377
f 383//383 221//221 377//377
f 224//224 392//392 390//390
f 390//390 212//212 224//224
f 212//212 390//390 213//213
f 217//217 387//387 219//219
f 391//391 219//219 387//387
f 393//393 394//394 391//391
f 394//394 393//393 395//395
f 220//220 396//396 389//389
f 381//381 220//220 389//389
f 381//381 221//221 220//220
f 383//383 397//397 221//221
f 224//224 398//398 392//392
f 391//391 394//394 219//219
f 221//221 397//397 399//399
f 219//219 394//394 229//229
f 395//395 400//400 394//394
f 400//400 395//395 401//401
f 402//402 403//403 234//234
f 396//396 234//234 403//403
f 396//396 231//231 234//234
f 231//231 396//396 220//220
f 221//221 399//399 222//222
f 224//224 236//236 398//398
f 236//236 224//224 223//223
f 394//394 241//241 229//229
f 400//400 241//241 394//394
f 402//402 247//247 401//401
f 402//402 234//234 247//247
f 222//222 399//399 230//230
f 404//404 405//405 398//398
f 398//398 236//236 404//404
f 400//400 242//242 241//241
f 401//401 242//242 400//400
f 401//401 245//245 242//242
f 247//247 245//245 401//401
f 404//404 406//406 405//405
f 236//236 243//243 404//404
f 233//233 230//230 407//407
f 404//404 408//408 406//406
f 243//243 408//408 404//404
f 233//233 407//407 249//249
f 408//408 409//409 406//406
f 243//243 250//250 408//408
f 407//407 410//410 249//249
f 249//249 411//411 248//248
f 249//249 410//410 411//411
f 409//409 257//257 412//412
f 408//408 257//257 409//409
f 257//257 408//408 250//250
f 248//248 411//411 253//253
f 411//411 413//413 253//253
f 257//257 259//259 412//412
f 413//413 258//258 253//253
f 259//259 414//414 412//412
f 413//413 415//415 258//258
f 259//259 416//416 414//414
f 259//259 261//261 416//416
f 258//258 417//417 260//260
f 258//258 415//415 417//417
f 416//416 264//264 418//418
f 261//261 264//264 416//416
f 260//260 417//417 265//265
f 264//264 419//419 418//418
f 264//264 266//266 419//419
f 267//267 69//69 420//420
f 69//69 265//265 420//420
f 266//266 421//421 419//419
f 266//266 269//269 421//421
f 420//420 77//77 267//267
f 420//420 422//422 77//77
f 269//269 270//270 421//421
f 422//422 423//423 77//77
f 424//424 271//271 77//77
f 423//423 424//424 77//77
f 271//271 424//424 272//272
f 270//270 277//277 425//425
f 273//273 277//277 270//270
f 272//272 426//426 274//274
f 274//274 278//278 87//87
f 274//274 427//427 278//278
f 426//426 427//427 274//274
f 276//276 428//428 279//279
f 276//276 429//429 428//428
f 278//278 429//429 276//276
f 277//277 430//430 431//431
f 277//277 279//279 430//430
f 432//432 431//431 430//430
f 279//279 433//433 430//430
f 279//279 428//428 433//433
f 430//430 434//434 432//432
f 433//433 434//434 430//430
f 434//434 435//435 436//436
f 435//435 434//434 433//433
f 437//437 438//438 439//439
f 440//440 437//437 439//439
f 440//440 441//441 437//437
f 442//442 441//441 440//440
f 442//442 443//443 441//441
f 437//437 444//444 438//438
f 437//437 445//445 444//444
f 441//441 445//445 437//437
f 441//441 446//446 445//445
f 443//443 446//446 441//441
f 443//443 447//447 446//446
f 444//444 448//448 438//438
f 444//444 449//449 448//448
f 446//446 450//450 445//445
f 446//446 451//451 450//450
f 447//447 451//451 446//446
f 447//447 452//452 451//451
f 448//448 449//449 453//453
f 444//444 450//450 449//449
f 445//445 450//450 444//444
f 452//452 454//454 451//451
f 449//449 455//455 453//453
f 450//450 456//456 449//449
f 451//451 457//457 450//450
f 454//454 457//457 451//451
f 456//456 455//455 449//449
f 450//450 458//458 456//456
f 457//457 458//458 450//450
f 456//456 459//459 455//455
f 458//458 459//459 456//456
f 457//457 460//460 458//458
f 454//454 460//460 457//457
f 454//454 461//461 460//460
f 455//455 459//459 462//462
f 458//458 463//463 459//459
f 460//460 463//463 458//458
f 460//460 464//464 463//463
f 459//459 465//465 462//462
f 463//463 465//465 459//459
f 463//463 464//464 466//466
f 463//463 467//467 465//465
f 463//463 466//466 467//467
f 465//465 467//467 468//468
f 469//469 470//470 468//468
f 467//467 469//469 468//468
f 469//469 471//471 470//470
f 469//469 472//472 471//471
f 469//469 473//473 472//472
f 472//472 474//474 471//471
f 473//473 474//474 472//472
f 473//473 475//475 474//474
f 476//476 281//281 477//477
f 476//476 280//280 281//281
f 471//471 478//478 479//479
f 474//474 480//480 471//471
f 475//475 480//480 474//474
f 477//477 281//281 283//283
f 280//280 481//481 282//282
f 282//282 481//481 285//285
f 471//471 482//482 478//478
f 471//471 480//480 482//482
f 475//475 483//483 480//480
f 484//484 483//483 475//475
f 485//485 285//285 481//481
f 285//285 485//485 486//486
f 285//285 486//486 286//286
f 478//478 482//482 487//487
f 488//488 290//290 289//289
f 488//488 284//284 290//290
f 486//486 291//291 286//286
f 486//486 489//489 291//291
f 291//291 489//489 292//292
f 292//292 489//489 293//293
f 480//480 490//490 482//482
f 484//484 491//491 483//483
f 492//492 294//294 293//293
f 294//294 492//492 118//118
f 118//118 492//492 295//295
f 482//482 493//493 487//487
f 480//480 298//298 490//490
f 483//483 298//298 480//480
f 491//491 298//298 483//483
f 494//494 301//301 491//491
f 495//495 301//301 494//494
f 495//495 112//112 301//301
f 495//495 287//287 112//112
f 496//496 296//296 295//295
f 296//296 496//496 302//302
f 302//302 496//496 497//497
f 302//302 497//497 303//303
f 303//303 498//498 304//304
f 304//304 498//498 305//305
f 482//482 499//499 493//493
f 490//490 499//499 482//482
f 490//490 297//297 307//307
f 298//298 297//297 490//490
f 491//491 300//300 298//298
f 300//300 491//491 301//301
f 493//493 499//499 500//500
f 490//490 307//307 499//499
f 501//501 137//137 306//306
f 501//501 502//502 137//137
f 503//503 504//504 500//500
f 499//499 503//503 500//500
f 502//502 138//138 137//137
f 24//24 138//138 502//502
f 316//316 24//24 502//502
f 499//499 309//309 503//503
f 309//309 499//499 307//307
f 144//144 27//27 505//505
f 505//505 506//506 144//144
f 503//503 507//507 504//504
f 503//503 508//508 507//507
f 309//309 508//508 503//503
f 309//309 317//317 508//508
f 509//509 319//319 310//310
f 509//509 310//310 311//311
f 313//313 115//115 510//510
f 115//115 511//511 510//510
f 314//314 511//511 115//115
f 314//314 512//512 511//511
f 315//315 512//512 314//314
f 513//513 512//512 315//315
f 513//513 315//315 124//124
f 513//513 124//124 514//514
f 514//514 124//124 320//320
f 323//323 144//144 506//506
f 515//515 321//321 318//318
f 319//319 515//515 318//318
f 320//320 322//322 514//514
f 516//516 322//322 127//127
f 516//516 127//127 324//324
f 508//508 517//517 507//507
f 317//317 327//327 508//508
f 325//325 149//149 518//518
f 327//327 517//517 508//508
f 149//149 519//519 518//518
f 519//519 149//149 29//29
f 327//327 520//520 517//517
f 29//29 330//330 519//519
f 520//520 521//521 517//517
f 520//520 327//327 331//331
f 329//329 333//333 328//328
f 331//331 334//334 520//520
f 329//329 522//522 333//333
f 330//330 170//170 523//523
f 520//520 524//524 521//521
f 520//520 334//334 524//524
f 334//334 525//525 524//524
f 335//335 525//525 334//334
f 333//333 526//526 336//336
f 333//333 522//522 526//526
f 338//338 523//523 170//170
f 527//527 179//179 174//174
f 525//525 528//528 524//524
f 335//335 340//340 525//525
f 526//526 341//341 336//336
f 345//345 338//338 176//176
f 343//343 179//179 527//527
f 526//526 529//529 341//341
f 340//340 530//530 525//525
f 344//344 530//530 340//340
f 341//341 529//529 531//531
f 344//344 532//532 530//530
f 342//342 532//532 344//344
f 342//342 346//346 532//532
f 533//533 348//348 341//341
f 341//341 531//531 533//533
f 534//534 346//346 347//347
f 346//346 535//535 532//532
f 346//346 536//536 535//535
f 534//534 536//536 346//346
f 347//347 537//537 534//534
f 349//349 537//537 347//347
f 348//348 538//538 349//349
f 533//533 538//538 348//348
f 533//533 539//539 538//538
f 534//534 537//537 536//536
f 349//349 540//540 537//537
f 538//538 540//540 349//349
f 541//541 183//183 352//352
f 184//184 183//183 541//541
f 185//185 184//184 541//541
f 542//542 185//185 541//541
f 353//353 185//185 542//542
f 543//543 356//356 194//194
f 543//543 194//194 357//357
f 544//544 196//196 188//188
f 361//361 545//545 357//357
f 358//358 546//546 193//193
f 363//363 359//359 360//360
f 547//547 196//196 544//544
f 546//546 362//362 193//193
f 199//199 196//196 547//547
f 364//364 548//548 545//545
f 361//361 364//364 545//545
f 549//549 198//198 362//362
f 549//549 365//365 198//198
f 364//364 367//367 548//548
f 364//364 206//206 367//367
f 366//366 550//550 201//201
f 39//39 199//199 366//366
f 365//365 368//368 204//204
f 551//551 208//208 368//368
f 369//369 370//370 552//552
f 551//551 553//553 208//208
f 370//370 373//373 552//552
f 553//553 209//209 208//208
f 554//554 372//372 209//209
f 374//374 555//555 373//373
f 376//376 372//372 554//554
f 556//556 380//380 379//379
f 557//557 380//380 556//556
f 374//374 558//558 555//555
f 557//557 385//385 380//380
f 559//559 385//385 557//557
f 559//559 386//386 385//385
f 560//560 386//386 559//559
f 386//386 560//560 388//388
f 382//382 558//558 374//374
f 558//558 382//382 389//389
f 383//383 375//375 561//561
f 561//561 375//375 376//376
f 390//390 562//562 384//384
f 563//563 391//391 388//388
f 563//563 393//393 391//391
f 563//563 395//395 393//393
f 564//564 395//395 563//563
f 565//565 566//566 567//567
f 389//389 567//567 566//566
f 392//392 562//562 390//390
f 568//568 395//395 564//564
f 565//565 569//569 568//568
f 565//565 567//567 569//569
f 389//389 396//396 567//567
f 570//570 383//383 561//561
f 567//567 403//403 569//569
f 403//403 567//567 396//396
f 383//383 570//570 397//397
f 392//392 405//405 571//571
f 395//395 568//568 401//401
f 568//568 402//402 401//401
f 569//569 402//402 568//568
f 403//403 402//402 569//569
f 392//392 398//398 405//405
f 397//397 572//572 399//399
f 405//405 406//406 573//573
f 230//230 399//399 574//574
f 406//406 575//575 573//573
f 230//230 574//574 407//407
f 575//575 409//409 576//576
f 406//406 409//409 575//575
f 409//409 577//577 576//576
f 409//409 412//412 577//577
f 410//410 578//578 411//411
f 411//411 579//579 413//413
f 411//411 578//578 579//579
f 412//412 414//414 577//577
f 413//413 579//579 415//415
f 414//414 580//580 577//577
f 414//414 416//416 580//580
f 415//415 581//581 417//417
f 416//416 418//418 580//580
f 418//418 582//582 580//580
f 417//417 583//583 265//265
f 417//417 581//581 583//583
f 418//418 419//419 582//582
f 582//582 419//419 584//584
f 419//419 421//421 584//584
f 585//585 424//424 423//423
f 422//422 585//585 423//423
f 270//270 586//586 421//421
f 270//270 425//425 586//586
f 587//587 272//272 424//424
f 272//272 587//587 426//426
f 425//425 277//277 431//431
f 426//426 588//588 427//427
f 589//589 429//429 278//278
f 278//278 427//427 589//589
f 428//428 590//590 433//433
f 429//429 590//590 428//428
f 429//429 591//591 590//590
f 589//589 591//591 429//429
f 590//590 592//592 433//433
f 434//434 593//593 432//432
f 434//434 436//436 593//593
f 435//435 433//433 592//592
f 436//436 594//594 593//593
f 435//435 594//594 436//436
f 435//435 595//595 594//594
f 594//594 595//595 596//596
f 597//597 598//598 599//599
f 597//597 600//600 598//598
f 601//601 600//600 597//597
f 601//601 602//602 600//600
f 603//603 602//602 601//601
f 598//598 604//604 599//599
f 603//603 605//605 602//602
f 606//606 605//605 603//603
f 607//607 608//608 604//604
f 598//598 607//607 604//604
f 598//598 439//439 607//607
f 600//600 439//439 598//598
f 600//600 440//440 439//439
f 602//602 440//440 600//600
f 606//606 609//609 605//605
f 610//610 609//609 606//606
f 609//609 610//610 611//611
f 605//605 442//442 602//602
f 602//602 442//442 440//440
f 609//609 442//442 605//605
f 612//612 613//613 608//608
f 607//607 612//612 608//608
f 609//609 443//443 442//442
f 611//611 614//614 609//609
f 614//614 611//611 615//615
f 607//607 438//438 612//612
f 438//438 607//607 439//439
f 609//609 614//614 443//443
f 612//612 616//616 613//613
f 438//438 616//616 612//612
f 614//614 447//447 443//443
f 614//614 617//617 447//447
f 614//614 618//618 617//617
f 615//615 618//618 614//614
f 616//616 619//619 613//613
f 438//438 448//448 616//616
f 617//617 452//452 447//447
f 618//618 620//620 617//617
f 621//621 620//620 618//618
f 616//616 622//622 619//619
f 616//616 453//453 622//622
f 616//616 448//448 453//453
f 617//617 623//623 452//452
f 620//620 623//623 617//617
f 623//623 454//454 452//452
f 621//621 624//624 620//620
f 621//621 625//625 624//624
f 622//622 626//626 627//627
f 453//453 626//626 622//622
f 623//623 628//628 454//454
f 620//620 628//628 623//623
f 624//624 628//628 620//620
f 453//453 455//455 626//626
f 624//624 629//629 628//628
f 625//625 629//629 624//624
f 625//625 630//630 629//629
f 626//626 631//631 627//627
f 455//455 462//462 626//626
f 628//628 461//461 454//454
f 462//462 631//631 626//626
f 629//629 461//461 628//628
f 461//461 464//464 460//460
f 462//462 632//632 631//631
f 629//629 633//633 461//461
f 629//629 634//634 633//633
f 632//632 635//635 631//631
f 465//465 632//632 462//462
f 461//461 636//636 464//464
f 633//633 636//636 461//461
f 632//632 637//637 635//635
f 464//464 636//636 466//466
f 633//633 638//638 636//636
f 633//633 639//639 638//638
f 633//633 634//634 639//639
f 465//465 637//637 632//632
f 465//465 468//468 637//637
f 636//636 640//640 466//466
f 637//637 641//641 635//635
f 637//637 470//470 641//641
f 468//468 470//470 637//637
f 466//466 469//469 467//467
f 466//466 642//642 469//469
f 640//640 642//642 466//466
f 636//636 643//643 640//640
f 638//638 643//643 636//636
f 638//638 644//644 643//643
f 639//639 644//644 638//638
f 470//470 645//645 641//641
f 640//640 646//646 642//642
f 642//642 473//473 469//469
f 640//640 647//647 646//646
f 643//643 647//647 640//640
f 643//643 648//648 647//647
f 644//644 648//648 643//643
f 470//470 471//471 645//645
f 642//642 646//646 473//473
f 479//479 645//645 471//471
f 644//644 649//649 648//648
f 280//280 476//476 650//650
f 645//645 651//651 652//652
f 479//479 651//651 645//645
f 473//473 646//646 475//475
f 646//646 484//484 475//475
f 647//647 484//484 646//646
f 647//647 653//653 484//484
f 648//648 653//653 647//647
f 648//648 654//654 653//653
f 649//649 654//654 648//648
f 655//655 477//477 283//283
f 650//650 481//481 280//280
f 479//479 478//478 651//651
f 649//649 656//656 654//654
f 488//488 657//657 284//284
f 657//657 283//283 284//284
f 487//487 651//651 478//478
f 658//658 488//488 289//289
f 489//489 486//486 659//659
f 651//651 660//660 652//652
f 651//651 487//487 660//660
f 653//653 491//491 484//484
f 654//654 491//491 653//653
f 654//654 494//494 491//491
f 656//656 494//494 654//654
f 656//656 495//495 494//494
f 661//661 495//495 656//656
f 661//661 287//287 495//495
f 661//661 288//288 287//287
f 289//289 288//288 661//661
f 293//293 489//489 662//662
f 492//492 293//293 662//662
f 487//487 663//663 660//660
f 295//295 492//492 664//664
f 665//665 295//295 664//664
f 496//496 295//295 665//665
f 487//487 493//493 663//663
f 498//498 303//303 497//497
f 493//493 666//666 663//663
f 493//493 500//500 666//666
f 500//500 504//504 666//666
f 27//27 316//316 667//667
f 666//666 668//668 669//669
f 504//504 668//668 666//666
f 505//505 27//27 667//667
f 504//504 507//507 668//668
f 668//668 507//507 670//670
f 671//671 515//515 319//319
f 671//671 319//319 509//509
f 509//509 311//311 672//672
f 311//311 312//312 672//672
f 312//312 673//673 672//672
f 312//312 313//313 673//673
f 313//313 510//510 673//673
f 511//511 674//674 510//510
f 512//512 674//674 511//511
f 513//513 514//514 675//675
f 514//514 322//322 676//676
f 322//322 516//516 676//676
f 507//507 677//677 670//670
f 517//517 677//677 507//507
f 515//515 678//678 321//321
f 321//321 678//678 329//329
f 679//679 167//167 323//323
f 677//677 680//680 670//670
f 521//521 677//677 517//517
f 329//329 678//678 681//681
f 679//679 682//682 167//167
f 677//677 683//683 680//680
f 521//521 683//683 677//677
f 681//681 522//522 329//329
f 682//682 174//174 167//167
f 521//521 684//684 683//683
f 524//524 684//684 521//521
f 527//527 174//174 682//682
f 524//524 528//528 684//684
f 522//522 685//685 526//526
f 686//686 338//338 345//345
f 345//345 687//687 686//686
f 687//687 345//345 343//343
f 343//343 527//527 687//687
f 525//525 688//688 528//528
f 685//685 529//529 526//526
f 688//688 689//689 528//528
f 530//530 688//688 525//525
f 685//685 690//690 529//529
f 529//529 690//690 531//531
f 530//530 691//691 688//688
f 530//530 692//692 691//691
f 532//532 692//692 530//530
f 532//532 693//693 692//692
f 693//693 532//532 535//535
f 533//533 694//694 539//539
f 531//531 694//694 533//533
f 692//692 695//695 691//691
f 693//693 695//695 692//692
f 535//535 696//696 693//693
f 536//536 696//696 535//535
f 539//539 697//697 538//538
f 694//694 697//697 539//539
f 536//536 698//698 696//696
f 537//537 698//698 536//536
f 540//540 698//698 537//537
f 540//540 699//699 698//698
f 540//540 700//700 699//699
f 538//538 700//700 540//540
f 538//538 697//697 700//700
f 701//701 702//702 703//703
f 703//703 702//702 704//704
f 701//701 705//705 706//706
f 703//703 704//704 707//707
f 701//701 708//708 705//705
f 703//703 709//709 708//708
f 703//703 708//708 701//701
f 707//707 709//709 703//703
f 710//710 350//350 711//711
f 351//351 350//350 710//710
f 712//712 351//351 710//710
f 352//352 351//351 712//712
f 713//713 353//353 542//542
f 354//354 353//353 713//713
f 350//350 355//355 714//714
f 711//711 350//350 714//714
f 356//356 543//543 715//715
f 355//355 356//356 715//715
f 543//543 357//357 716//716
f 716//716 357//357 545//545
f 362//362 546//546 717//717
f 201//201 550//550 363//363
f 718//718 199//199 547//547
f 367//367 719//719 548//548
f 720//720 365//365 549//549
f 199//199 718//718 366//366
f 365//365 720//720 368//368
f 719//719 367//367 369//369
f 369//369 552//552 719//719
f 552//552 721//721 719//719
f 552//552 373//373 721//721
f 721//721 555//555 722//722
f 373//373 555//555 721//721
f 554//554 209//209 553//553
f 555//555 558//558 722//722
f 723//723 724//724 379//379
f 724//724 556//556 379//379
f 725//725 557//557 556//556
f 725//725 559//559 557//557
f 560//560 559//559 725//725
f 566//566 726//726 722//722
f 558//558 566//566 722//722
f 727//727 723//723 378//378
f 723//723 379//379 378//378
f 728//728 388//388 560//560
f 728//728 563//563 388//388
f 563//563 728//728 729//729
f 730//730 726//726 565//565
f 726//726 566//566 565//565
f 554//554 731//731 376//376
f 732//732 727//727 384//384
f 727//727 378//378 384//384
f 729//729 564//564 563//563
f 730//730 564//564 729//729
f 558//558 389//389 566//566
f 733//733 732//732 562//562
f 562//562 732//732 384//384
f 730//730 568//568 564//564
f 565//565 568//568 730//730
f 392//392 571//571 733//733
f 392//392 733//733 562//562
f 570//570 572//572 397//397
f 573//573 734//734 571//571
f 573//573 571//571 405//405
f 573//573 735//735 734//734
f 575//575 736//736 735//735
f 735//735 573//573 575//575
f 737//737 407//407 574//574
f 736//736 575//575 576//576
f 407//407 738//738 410//410
f 738//738 407//407 737//737
f 576//576 577//577 739//739
f 410//410 738//738 578//578
f 577//577 740//740 739//739
f 577//577 580//580 740//740
f 580//580 741//741 740//740
f 415//415 579//579 742//742
f 415//415 742//742 581//581
f 580//580 582//582 741//741
f 265//265 743//743 420//420
f 583//583 743//743 265//265
f 584//584 744//744 582//582
f 420//420 745//745 422//422
f 746//746 744//744 584//584
f 421//421 746//746 584//584
f 421//421 586//586 746//746
f 585//585 587//587 424//424
f 586//586 425//425 747//747
f 747//747 425//425 431//431
f 587//587 748//748 426//426
f 426//426 748//748 588//588
f 749//749 747//747 431//431
f 749//749 431//431 432//432
f 750//750 589//589 427//427
f 588//588 750//750 427//427
f 588//588 751//751 750//750
f 589//589 752//752 591//591
f 750//750 752//752 589//589
f 432//432 753//753 749//749
f 591//591 592//592 590//590
f 591//591 752//752 592//592
f 432//432 593//593 753//753
f 592//592 754//754 435//435
f 755//755 593//593 594//594
f 754//754 756//756 435//435
f 435//435 756//756 595//595
f 594//594 757//757 755//755
f 594//594 596//596 757//757
f 595//595 758//758 596//596
f 756//756 758//758 595//595
f 756//756 759//759 758//758
f 596//596 760//760 757//757
f 596//596 761//761 760//760
f 758//758 761//761 596//596
f 758//758 762//762 761//761
f 759//759 762//762 758//758
f 763//763 597//597 764//764
f 765//765 597//597 763//763
f 766//766 603//603 765//765
f 767//767 603//603 766//766
f 759//759 599//599 762//762
f 764//764 599//599 759//759
f 597//597 599//599 764//764
f 765//765 601//601 597//597
f 603//603 601//601 765//765
f 767//767 606//606 603//603
f 768//768 606//606 767//767
f 768//768 610//610 606//606
f 761//761 769//769 760//760
f 762//762 770//770 761//761
f 762//762 604//604 770//770
f 599//599 604//604 762//762
f 761//761 771//771 769//769
f 770//770 771//771 761//761
f 611//611 610//610 772//772
f 770//770 608//608 771//771
f 604//604 608//608 770//770
f 615//615 772//772 773//773
f 608//608 613//613 771//771
f 611//611 772//772 615//615
f 613//613 774//774 771//771
f 773//773 775//775 615//615
f 776//776 775//775 773//773
f 613//613 619//619 774//774
f 775//775 618//618 615//615
f 776//776 777//777 775//775
f 775//775 621//621 618//618
f 775//775 778//778 621//621
f 777//777 778//778 775//775
f 777//777 779//779 778//778
f 619//619 622//622 780//780
f 778//778 625//625 621//621
f 779//779 625//625 778//778
f 622//622 627//627 780//780
f 625//625 781//781 630//630
f 779//779 781//781 625//625
f 779//779 782//782 781//781
f 627//627 783//783 780//780
f 627//627 631//631 783//783
f 781//781 784//784 630//630
f 630//630 784//784 629//629
f 781//781 785//785 784//784
f 631//631 786//786 783//783
f 784//784 634//634 629//629
f 785//785 787//787 784//784
f 631//631 635//635 786//786
f 784//784 787//787 634//634
f 786//786 635//635 788//788
f 787//787 639//639 634//634
f 635//635 641//641 788//788
f 787//787 789//789 639//639
f 644//644 639//639 790//790
f 639//639 789//789 790//790
f 641//641 791//791 788//788
f 641//641 645//645 791//791
f 790//790 649//649 644//644
f 789//789 792//792 790//790
f 793//793 476//476 477//477
f 792//792 649//649 790//790
f 791//791 645//645 652//652
f 283//283 657//657 655//655
f 649//649 661//661 656//656
f 792//792 661//661 649//649
f 661//661 792//792 289//289
f 289//289 792//792 658//658
f 657//657 488//488 658//658
f 486//486 485//485 794//794
f 489//489 659//659 795//795
f 660//660 796//796 652//652
f 660//660 663//663 796//796
f 663//663 797//797 796//796
f 305//305 798//798 306//306
f 663//663 666//666 797//797
f 798//798 799//799 306//306
f 501//501 306//306 799//799
f 800//800 501//501 799//799
f 502//502 501//501 800//800
f 797//797 669//669 801//801
f 797//797 666//666 669//669
f 316//316 502//502 800//800
f 667//667 316//316 800//800
f 669//669 802//802 801//801
f 505//505 667//667 803//803
f 506//506 505//505 803//803
f 802//802 804//804 801//801
f 669//669 668//668 802//802
f 802//802 670//670 804//804
f 668//668 670//670 802//802
f 514//514 676//676 675//675
f 506//506 805//805 323//323
f 670//670 806//806 804//804
f 515//515 671//671 807//807
f 671//671 509//509 807//807
f 509//509 672//672 807//807
f 516//516 324//324 808//808
f 324//324 809//809 808//808
f 324//324 325//325 809//809
f 325//325 810//810 809//809
f 515//515 811//811 678//678
f 811//811 515//515 807//807
f 325//325 518//518 810//810
f 518//518 519//519 812//812
f 679//679 323//323 805//805
f 670//670 813//813 806//806
f 670//670 680//680 813//813
f 814//814 519//519 330//330
f 680//680 815//815 813//813
f 814//814 330//330 816//816
f 330//330 523//523 816//816
f 680//680 817//817 815//815
f 683//683 817//817 680//680
f 681//681 818//818 522//522
f 683//683 819//819 817//817
f 685//685 522//522 820//820
f 522//522 818//818 820//820
f 338//338 821//821 523//523
f 682//682 822//822 527//527
f 683//683 823//823 819//819
f 684//684 823//823 683//683
f 528//528 823//823 684//684
f 820//820 824//824 685//685
f 686//686 821//821 338//338
f 822//822 687//687 527//527
f 528//528 689//689 823//823
f 685//685 824//824 690//690
f 823//823 825//825 826//826
f 689//689 825//825 823//823
f 689//689 827//827 825//825
f 688//688 827//827 689//689
f 691//691 827//827 688//688
f 690//690 828//828 531//531
f 531//531 828//828 694//694
f 695//695 829//829 691//691
f 693//693 830//830 695//695
f 830//830 693//693 696//696
f 696//696 831//831 830//830
f 698//698 831//831 696//696
f 697//697 832//832 700//700
f 694//694 832//832 697//697
f 698//698 833//833 831//831
f 698//698 834//834 833//833
f 699//699 834//834 698//698
f 699//699 835//835 834//834
f 700//700 835//835 699//699
f 832//832 835//835 700//700
f 706//706 836//836 701//701
f 702//702 701//701 836//836
f 702//702 837//837 704//704
f 838//838 704//704 837//837
f 704//704 838//838 707//707
f 839//839 706//706 705//705
f 712//712 840//840 352//352
f 541//541 352//352 840//840
f 542//542 541//541 841//841
f 714//714 355//355 842//842
f 355//355 715//715 842//842
f 843//843 188//188 354//354
f 544//544 188//188 843//843
f 844//844 716//716 545//545
f 358//358 359//359 845//845
f 359//359 846//846 845//845
f 359//359 847//847 846//846
f 359//359 363//363 847//847
f 848//848 547//547 544//544
f 546//546 845//845 717//717
f 546//546 358//358 845//845
f 849//849 847//847 363//363
f 363//363 550//550 849//849
f 718//718 547//547 848//848
f 720//720 850//850 368//368
f 550//550 366//366 851//851
f 366//366 718//718 851//851
f 721//721 852//852 853//853
f 719//719 721//721 853//853
f 551//551 368//368 850//850
f 854//854 852//852 721//721
f 722//722 855//855 854//854
f 854//854 721//721 722//722
f 724//724 856//856 556//556
f 556//556 856//856 857//857
f 556//556 857//857 725//725
f 725//725 857//857 858//858
f 859//859 554//554 553//553
f 724//724 723//723 860//860
f 858//858 560//560 725//725
f 858//858 861//861 560//560
f 560//560 861//861 728//728
f 855//855 726//726 862//862
f 726//726 855//855 722//722
f 863//863 723//723 727//727
f 864//864 729//729 728//728
f 864//864 730//730 729//729
f 862//862 730//730 864//864
f 726//726 730//730 862//862
f 727//727 732//732 863//863
f 733//733 865//865 866//866
f 733//733 866//866 732//732
f 731//731 561//561 376//376
f 571//571 867//867 865//865
f 571//571 865//865 733//733
f 734//734 867//867 571//571
f 868//868 399//399 572//572
f 399//399 869//869 574//574
f 868//868 869//869 399//399
f 736//736 870//870 735//735
f 869//869 737//737 574//574
f 736//736 576//576 870//870
f 739//739 871//871 870//870
f 870//870 576//576 739//739
f 738//738 872//872 578//578
f 739//739 740//740 871//871
f 873//873 579//579 578//578
f 872//872 873//873 578//578
f 873//873 742//742 579//579
f 582//582 874//874 741//741
f 583//583 581//581 875//875
f 583//583 875//875 743//743
f 874//874 582//582 744//744
f 420//420 743//743 745//745
f 746//746 876//876 744//744
f 746//746 877//877 876//876
f 746//746 586//586 877//877
f 747//747 877//877 586//586
f 748//748 751//751 588//588
f 748//748 878//878 751//751
f 750//750 879//879 752//752
f 751//751 879//879 750//750
f 879//879 880//880 752//752
f 751//751 881//881 879//879
f 878//878 881//881 751//751
f 752//752 882//882 592//592
f 882//882 752//752 880//880
f 593//593 883//883 753//753
f 882//882 754//754 592//592
f 593//593 755//755 883//883
f 882//882 884//884 754//754
f 880//880 884//884 882//882
f 755//755 757//757 883//883
f 754//754 885//885 756//756
f 884//884 885//885 754//754
f 884//884 763//763 885//885
f 884//884 886//886 763//763
f 887//887 886//886 884//884
f 887//887 766//766 886//886
f 766//766 887//887 888//888
f 885//885 759//759 756//756
f 885//885 764//764 759//759
f 763//763 764//764 885//885
f 886//886 765//765 763//763
f 766//766 765//765 886//886
f 888//888 767//767 766//766
f 889//889 767//767 888//888
f 890//890 891//891 889//889
f 892//892 757//757 760//760
f 893//893 891//891 890//890
f 889//889 768//768 767//767
f 891//891 768//768 889//889
f 894//894 891//891 893//893
f 760//760 895//895 892//892
f 768//768 891//891 610//610
f 894//894 610//610 891//891
f 760//760 896//896 895//895
f 760//760 769//769 896//896
f 610//610 894//894 772//772
f 897//897 898//898 894//894
f 898//898 772//772 894//894
f 772//772 898//898 773//773
f 899//899 896//896 769//769
f 769//769 771//771 899//899
f 773//773 898//898 900//900
f 900//900 776//776 773//773
f 771//771 901//901 899//899
f 771//771 774//774 901//901
f 902//902 777//777 776//776
f 903//903 901//901 774//774
f 774//774 619//619 903//903
f 902//902 779//779 777//777
f 619//619 904//904 903//903
f 619//619 780//780 904//904
f 905//905 782//782 779//779
f 780//780 906//906 904//904
f 780//780 783//783 906//906
f 906//906 783//783 907//907
f 782//782 785//785 781//781
f 907//907 783//783 786//786
f 782//782 908//908 785//785
f 908//908 787//787 785//785
f 907//907 786//786 788//788
f 908//908 909//909 787//787
f 909//909 789//789 787//787
f 791//791 910//910 788//788
f 909//909 911//911 789//789
f 911//911 792//792 789//789
f 793//793 477//477 912//912
f 913//913 792//792 911//911
f 477//477 655//655 912//912
f 650//650 476//476 793//793
f 791//791 652//652 914//914
f 792//792 913//913 658//658
f 658//658 913//913 915//915
f 658//658 915//915 657//657
f 655//655 657//657 915//915
f 481//481 916//916 485//485
f 485//485 916//916 794//794
f 652//652 796//796 914//914
f 795//795 486//486 794//794
f 659//659 486//486 795//795
f 795//795 662//662 489//489
f 917//917 492//492 662//662
f 664//664 492//492 917//917
f 665//665 918//918 496//496
f 496//496 918//918 919//919
f 496//496 919//919 497//497
f 796//796 920//920 921//921
f 796//796 797//797 920//920
f 922//922 497//497 919//919
f 922//922 498//498 497//497
f 498//498 923//923 305//305
f 305//305 923//923 798//798
f 924//924 799//799 798//798
f 920//920 801//801 925//925
f 920//920 797//797 801//801
f 804//804 925//925 801//801
f 506//506 803//803 926//926
f 926//926 927//927 506//506
f 674//674 512//512 928//928
f 512//512 513//513 928//928
f 513//513 675//675 928//928
f 675//675 676//676 929//929
f 676//676 808//808 929//929
f 676//676 516//516 808//808
f 506//506 927//927 805//805
f 804//804 930//930 931//931
f 804//804 806//806 930//930
f 518//518 812//812 810//810
f 932//932 930//930 806//806
f 932//932 806//806 813//813
f 933//933 678//678 811//811
f 519//519 814//814 812//812
f 681//681 678//678 933//933
f 934//934 682//682 679//679
f 813//813 815//815 932//932
f 818//818 681//681 933//933
f 523//523 821//821 816//816
f 817//817 935//935 815//815
f 818//818 936//936 820//820
f 819//819 935//935 817//817
f 824//824 820//820 936//936
f 824//824 936//936 937//937
f 823//823 938//938 819//819
f 823//823 826//826 938//938
f 824//824 937//937 690//690
f 826//826 939//939 938//938
f 825//825 939//939 826//826
f 940//940 690//690 937//937
f 690//690 940//940 828//828
f 827//827 941//941 825//825
f 827//827 942//942 941//941
f 691//691 942//942 827//827
f 829//829 942//942 691//691
f 943//943 828//828 940//940
f 944//944 694//694 828//828
f 828//828 943//943 944//944
f 830//830 829//829 695//695
f 694//694 944//944 832//832
f 831//831 945//945 830//830
f 833//833 945//945 831//831
f 946//946 835//835 832//832
f 832//832 947//947 946//946
f 832//832 944//944 947//947
f 835//835 948//948 834//834
f 946//946 948//948 835//835
f 836//836 949//949 702//702
f 702//702 949//949 837//837
f 950//950 836//836 706//706
f 839//839 951//951 706//706
f 952//952 707//707 838//838
f 953//953 951//951 839//839
f 839//839 954//954 955//955
f 839//839 955//955 953//953
f 839//839 956//956 954//954
f 839//839 705//705 956//956
f 705//705 957//957 956//956
f 705//705 708//708 957//957
f 708//708 958//958 957//957
f 708//708 709//709 958//958
f 958//958 709//709 959//959
f 707//707 959//959 709//709
f 960//960 840//840 712//712
f 841//841 713//713 542//542
f 710//710 711//711 961//961
f 960//960 710//710 961//961
f 712//712 710//710 960//960
f 354//354 713//713 962//962
f 963//963 714//714 842//842
f 711//711 714//714 963//963
f 843//843 354//354 962//962
f 543//543 716//716 964//964
f 964//964 715//715 543//543
f 544//544 843//843 965//965
f 848//848 544//544 965//965
f 545//545 966//966 844//844
f 548//548 966//966 545//545
f 362//362 967//967 968//968
f 362//362 717//717 967//967
f 549//549 362//362 968//968
f 969//969 718//718 848//848
f 548//548 719//719 970//970
f 970//970 719//719 971//971
f 720//720 549//549 972//972
f 853//853 971//971 719//719
f 551//551 850//850 973//973
f 973//973 974//974 551//551
f 551//551 974//974 553//553
f 974//974 859//859 553//553
f 856//856 724//724 860//860
f 975//975 861//861 858//858
f 861//861 975//975 728//728
f 728//728 975//975 976//976
f 728//728 976//976 864//864
f 864//864 977//977 862//862
f 862//862 977//977 978//978
f 978//978 855//855 862//862
f 863//863 979//979 723//723
f 979//979 860//860 723//723
f 866//866 980//980 732//732
f 980//980 863//863 732//732
f 866//866 865//865 981//981
f 731//731 982//982 561//561
f 865//865 867//867 981//981
f 561//561 982//982 570//570
f 867//867 734//734 983//983
f 983//983 734//734 735//735
f 735//735 984//984 983//983
f 984//984 735//735 870//870
f 871//871 985//985 870//870
f 740//740 986//986 871//871
f 987//987 986//986 740//740
f 987//987 740//740 741//741
f 581//581 742//742 988//988
f 741//741 989//989 987//987
f 875//875 581//581 988//988
f 741//741 874//874 989//989
f 874//874 990//990 989//989
f 743//743 875//875 991//991
f 990//990 874//874 744//744
f 745//745 743//743 991//991
f 744//744 876//876 990//990
f 422//422 745//745 992//992
f 422//422 992//992 585//585
f 993//993 877//877 747//747
f 587//587 585//585 994//994
f 994//994 748//748 587//587
f 993//993 747//747 995//995
f 994//994 996//996 748//748
f 747//747 749//749 995//995
f 878//878 748//748 996//996
f 995//995 749//749 997//997
f 753//753 997//997 749//749
f 998//998 997//997 753//753
f 999//999 880//880 879//879
f 881//881 999//999 879//879
f 998//998 753//753 883//883
f 878//878 999//999 881//881
f 878//878 1000//1000 999//999
f 1001//1001 1000//1000 878//878
f 880//880 887//887 884//884
f 999//999 887//887 880//880
f 1001//1001 1002//1002 1000//1000
f 999//999 888//888 887//887
f 1000//1000 888//888 999//999
f 888//888 1000//1000 889//889
f 1002//1002 889//889 1000//1000
f 1002//1002 890//890 889//889
f 1003//1003 890//890 1002//1002
f 890//890 1003//1003 893//893
f 892//892 1004//1004 757//757
f 894//894 893//893 1005//1005
f 895//895 1004//1004 892//892
f 894//894 1005//1005 897//897
f 896//896 1004//1004 895//895
f 896//896 899//899 1006//1006
f 776//776 900//900 1007//1007
f 901//901 1008//1008 1006//1006
f 901//901 1006//1006 899//899
f 776//776 1007//1007 902//902
f 1009//1009 1008//1008 901//901
f 1007//1007 1010//1010 902//902
f 901//901 903//903 1009//1009
f 903//903 1011//1011 1009//1009
f 903//903 904//904 1011//1011
f 1010//1010 779//779 902//902
f 1010//1010 1012//1012 779//779
f 1012//1012 905//905 779//779
f 904//904 1013//1013 1011//1011
f 1012//1012 1014//1014 905//905
f 906//906 1013//1013 904//904
f 1014//1014 782//782 905//905
f 907//907 1013//1013 906//906
f 1015//1015 782//782 1014//1014
f 1015//1015 908//908 782//782
f 1015//1015 1016//1016 908//908
f 788//788 1017//1017 907//907
f 909//909 908//908 1016//1016
f 788//788 910//910 1017//1017
f 1016//1016 911//911 909//909
f 1016//1016 1018//1018 911//911
f 791//791 1019//1019 910//910
f 1018//1018 913//913 911//911
f 914//914 1019//1019 791//791
f 1020//1020 650//650 793//793
f 650//650 1020//1020 481//481
f 916//916 481//481 1020//1020
f 796//796 1021//1021 914//914
f 921//921 1022//1022 1021//1021
f 921//921 1021//1021 796//796
f 1023//1023 662//662 795//795
f 1023//1023 917//917 662//662
f 1024//1024 664//664 917//917
f 1024//1024 1025//1025 664//664
f 664//664 1025//1025 665//665
f 921//921 1026//1026 1022//1022
f 921//921 920//920 1026//1026
f 918//918 665//665 1025//1025
f 1027//1027 498//498 922//922
f 1027//1027 923//923 498//498
f 1027//1027 924//924 923//923
f 923//923 924//924 798//798
f 1026//1026 920//920 925//925
f 924//924 1028//1028 799//799
f 925//925 1029//1029 1026//1026
f 799//799 1028//1028 800//800
f 804//804 1029//1029 925//925
f 800//800 1030//1030 667//667
f 803//803 667//667 1030//1030
f 803//803 1030//1030 926//926
f 931//931 1029//1029 804//804
f 1031//1031 929//929 808//808
f 1032//1032 1033//1033 673//673
f 1032//1032 673//673 510//510
f 510//510 1034//1034 1032//1032
f 674//674 1035//1035 1034//1034
f 674//674 1034//1034 510//510
f 928//928 1035//1035 674//674
f 809//809 1036//1036 1037//1037
f 809//809 1037//1037 808//808
f 1036//1036 809//809 1038//1038
f 807//807 672//672 1039//1039
f 672//672 1033//1033 1039//1039
f 673//673 1033//1033 672//672
f 810//810 1038//1038 809//809
f 1040//1040 1038//1038 810//810
f 1041//1041 805//805 927//927
f 812//812 1040//1040 810//810
f 1041//1041 679//679 805//805
f 679//679 1041//1041 934//934
f 814//814 1042//1042 812//812
f 932//932 1043//1043 930//930
f 1042//1042 814//814 1044//1044
f 1044//1044 814//814 816//816
f 1045//1045 682//682 934//934
f 1046//1046 1043//1043 932//932
f 1046//1046 932//932 815//815
f 933//933 1047//1047 818//818
f 816//816 821//821 1048//1048
f 815//815 1049//1049 1046//1046
f 1049//1049 815//815 935//935
f 1047//1047 936//936 818//818
f 682//682 1045//1045 822//822
f 686//686 1048//1048 821//821
f 1050//1050 1048//1048 686//686
f 687//687 1050//1050 686//686
f 1050//1050 687//687 1045//1045
f 822//822 1045//1045 687//687
f 935//935 1051//1051 1049//1049
f 935//935 1052//1052 1051//1051
f 819//819 1052//1052 935//935
f 1052//1052 1053//1053 1051//1051
f 938//938 1052//1052 819//819
f 1052//1052 1054//1054 1053//1053
f 1052//1052 938//938 1054//1054
f 940//940 937//937 1055//1055
f 1056//1056 940//940 1055//1055
f 939//939 1057//1057 938//938
f 939//939 1058//1058 1057//1057
f 825//825 1058//1058 939//939
f 941//941 1058//1058 825//825
f 943//943 940//940 1056//1056
f 941//941 1059//1059 1058//1058
f 942//942 1059//1059 941//941
f 942//942 1060//1060 1059//1059
f 1060//1060 942//942 829//829
f 829//829 1061//1061 1060//1060
f 1061//1061 829//829 830//830
f 944//944 943//943 1062//1062
f 830//830 1063//1063 1061//1061
f 1063//1063 830//830 945//945
f 944//944 1062//1062 947//947
f 1064//1064 945//945 833//833
f 833//833 1065//1065 1064//1064
f 834//834 1065//1065 833//833
f 1066//1066 1065//1065 834//834
f 1066//1066 834//834 948//948
f 1067//1067 948//948 946//946
f 946//946 947//947 1067//1067
f 948//948 1068//1068 1066//1066
f 1067//1067 1068//1068 948//948
f 836//836 950//950 1069//1069
f 1069//1069 949//949 836//836
f 1070//1070 837//837 949//949
f 1070//1070 838//838 837//837
f 951//951 1071//1071 706//706
f 1071//1071 950//950 706//706
f 953//953 1072//1072 951//951
f 953//953 1073//1073 1072//1072
f 952//952 1074//1074 707//707
f 955//955 1073//1073 953//953
f 959//959 707//707 1074//1074
f 1075//1075 840//840 960//960
f 541//541 840//840 1075//1075
f 841//841 541//541 1075//1075
f 713//713 841//841 1076//1076
f 1076//1076 962//962 713//713
f 963//963 1077//1077 711//711
f 1077//1077 961//961 711//711
f 843//843 962//962 1078//1078
f 964//964 1079//1079 715//715
f 1079//1079 842//842 715//715
f 1079//1079 963//963 842//842
f 716//716 1080//1080 964//964
f 843//843 1078//1078 965//965
f 1080//1080 716//716 844//844
f 1080//1080 844//844 1081//1081
f 1082//1082 717//717 845//845
f 966//966 1081//1081 844//844
f 1083//1083 968//968 967//967
f 1083//1083 967//967 1082//1082
f 1082//1082 967//967 717//717
f 1084//1084 847//847 849//849
f 1085//1085 972//972 549//549
f 549//549 968//968 1085//1085
f 1084//1084 849//849 1086//1086
f 970//970 966//966 548//548
f 972//972 1087//1087 720//720
f 550//550 1086//1086 849//849
f 1086//1086 550//550 1088//1088
f 973//973 850//850 1087//1087
f 850//850 720//720 1087//1087
f 851//851 1088//1088 550//550
f 718//718 969//969 851//851
f 969//969 1088//1088 851//851
f 852//852 854//854 1089//1089
f 1089//1089 855//855 1090//1090
f 854//854 855//855 1089//1089
f 860//860 1091//1091 856//856
f 857//857 856//856 1091//1091
f 1092//1092 857//857 1091//1091
f 1093//1093 857//857 1092//1092
f 1093//1093 858//858 857//857
f 1094//1094 858//858 1093//1093
f 975//975 858//858 1094//1094
f 855//855 978//978 1090//1090
f 860//860 979//979 1095//1095
f 1096//1096 864//864 976//976
f 977//977 864//864 1096//1096
f 1097//1097 863//863 980//980
f 979//979 863//863 1097//1097
f 859//859 1098//1098 554//554
f 980//980 866//866 981//981
f 554//554 1098//1098 731//731
f 982//982 731//731 1098//1098
f 1099//1099 570//570 982//982
f 867//867 983//983 1100//1100
f 1101//1101 570//570 1099//1099
f 1101//1101 572//572 570//570
f 572//572 1101//1101 868//868
f 1102//1102 983//983 984//984
f 869//869 868//868 1103//1103
f 1104//1104 869//869 1103//1103
f 985//985 1102//1102 984//984
f 869//869 1104//1104 737//737
f 985//985 984//984 870//870
f 1104//1104 1105//1105 737//737
f 738//738 737//737 1105//1105
f 871//871 1106//1106 985//985
f 986//986 1106//1106 871//871
f 872//872 1107//1107 873//873
f 1107//1107 1108//1108 742//742
f 742//742 873//873 1107//1107
f 1108//1108 988//988 742//742
f 991//991 875//875 1109//1109
f 992//992 745//745 991//991
f 990//990 876//876 1110//1110
f 585//585 992//992 1111//1111
f 876//876 877//877 1110//1110
f 1110//1110 877//877 1112//1112
f 994//994 585//585 1111//1111
f 993//993 1112//1112 877//877
f 995//995 1113//1113 993//993
f 998//998 883//883 1114//1114
f 1003//1003 1002//1002 1001//1001
f 1114//1114 883//883 757//757
f 1114//1114 757//757 1115//1115
f 1116//1116 893//893 1003//1003
f 1004//1004 1115//1115 757//757
f 1005//1005 893//893 1116//1116
f 1117//1117 897//897 1005//1005
f 897//897 1117//1117 898//898
f 898//898 1117//1117 1118//1118
f 1119//1119 1004//1004 896//896
f 898//898 1118//1118 900//900
f 1119//1119 896//896 1006//1006
f 900//900 1118//1118 1120//1120
f 900//900 1120//1120 1007//1007
f 1007//1007 1120//1120 1121//1121
f 1122//1122 1007//1007 1121//1121
f 1007//1007 1122//1122 1010//1010
f 1123//1123 1010//1010 1122//1122
f 1009//1009 1011//1011 1124//1124
f 1012//1012 1010//1010 1123//1123
f 1014//1014 1012//1012 1125//1125
f 1126//1126 1013//1013 907//907
f 1125//1125 1015//1015 1014//1014
f 1125//1125 1127//1127 1015//1015
f 1128//1128 1015//1015 1127//1127
f 1126//1126 907//907 1017//1017
f 1016//1016 1015//1015 1128//1128
f 1128//1128 1129//1129 1016//1016
f 1016//1016 1129//1129 1018//1018
f 1130//1130 1018//1018 1129//1129
f 913//913 1018//1018 1130//1130
f 1131//1131 1019//1019 914//914
f 1130//1130 915//915 913//913
f 1132//1132 915//915 1130//1130
f 655//655 915//915 1132//1132
f 1133//1133 655//655 1132//1132
f 1134//1134 655//655 1133//1133
f 912//912 655//655 1134//1134
f 1135//1135 793//793 1134//1134
f 1134//1134 793//793 912//912
f 1136//1136 793//793 1135//1135
f 793//793 1136//1136 1020//1020
f 1021//1021 1131//1131 914//914
f 1020//1020 1137//1137 916//916
f 1138//1138 916//916 1137//1137
f 1138//1138 794//794 916//916
f 1138//1138 1139//1139 794//794
f 794//794 1139//1139 795//795
f 1022//1022 1140//1140 1021//1021
f 1139//1139 1141//1141 795//795
f 795//795 1141//1141 1023//1023
f 1142//1142 1023//1023 1141//1141
f 1142//1142 917//917 1023//1023
f 1143//1143 917//917 1142//1142
f 1143//1143 1024//1024 917//917
f 1144//1144 1024//1024 1143//1143
f 1144//1144 1025//1025 1024//1024
f 1145//1145 1025//1025 1144//1144
f 1145//1145 918//918 1025//1025
f 1146//1146 918//918 1145//1145
f 1146//1146 919//919 918//918
f 1146//1146 922//922 919//919
f 1029//1029 1147//1147 1026//1026
f 1031//1031 922//922 1146//1146
f 1037//1037 922//922 1031//1031
f 1037//1037 1027//1027 922//922
f 1148//1148 924//924 1027//1027
f 1148//1148 1028//1028 924//924
f 1149//1149 1147//1147 1029//1029
f 1150//1150 1151//1151 1145//1145
f 1151//1151 1146//1146 1145//1145
f 1036//1036 1027//1027 1037//1037
f 1036//1036 1148//1148 1027//1027
f 1152//1152 800//800 1028//1028
f 1152//1152 1153//1153 800//800
f 800//800 1153//1153 1030//1030
f 931//931 1149//1149 1029//1029
f 929//929 1146//1146 1151//1151
f 929//929 1031//1031 1146//1146
f 808//808 1037//1037 1031//1031
f 928//928 1150//1150 1035//1035
f 675//675 1151//1151 1150//1150
f 675//675 1150//1150 928//928
f 929//929 1151//1151 675//675
f 1038//1038 1148//1148 1036//1036
f 1148//1148 1038//1038 1040//1040
f 931//931 1154//1154 1149//1149
f 1033//1033 1155//1155 1039//1039
f 1032//1032 1155//1155 1033//1033
f 930//930 1154//1154 931//931
f 807//807 1039//1039 1156//1156
f 930//930 1157//1157 1154//1154
f 811//811 1156//1156 1158//1158
f 811//811 807//807 1156//1156
f 1159//1159 1040//1040 812//812
f 812//812 1042//1042 1159//1159
f 1043//1043 1157//1157 930//930
f 1160//1160 1045//1045 934//934
f 1161//1161 1047//1047 933//933
f 1162//1162 936//936 1047//1047
f 1163//1163 937//937 936//936
f 1051//1051 1053//1053 1049//1049
f 1163//1163 1164//1164 937//937
f 1164//1164 1055//1055 937//937
f 1054//1054 1165//1165 1053//1053
f 1054//1054 1166//1166 1165//1165
f 1166//1166 1167//1167 1165//1165
f 1057//1057 1054//1054 938//938
f 1057//1057 1166//1166 1054//1054
f 1166//1166 1168//1168 1167//1167
f 1057//1057 1168//1168 1166//1166
f 1058//1058 1169//1169 1057//1057
f 1057//1057 1169//1169 1168//1168
f 943//943 1170//1170 1062//1062
f 1056//1056 1170//1170 943//943
f 1058//1058 1171//1171 1169//1169
f 1059//1059 1171//1171 1058//1058
f 1059//1059 1060//1060 1171//1171
f 1169//1169 1172//1172 1168//1168
f 1169//1169 1173//1173 1172//1172
f 1171//1171 1173//1173 1169//1169
f 1168//1168 1174//1174 1175//1175
f 1172//1172 1174//1174 1168//1168
f 1171//1171 1176//1176 1173//1173
f 1060//1060 1176//1176 1171//1171
f 1061//1061 1176//1176 1060//1060
f 1061//1061 1177//1177 1176//1176
f 1063//1063 1177//1177 1061//1061
f 1063//1063 1178//1178 1177//1177
f 945//945 1178//1178 1063//1063
f 1178//1178 945//945 1064//1064
f 1174//1174 1179//1179 1175//1175
f 1173//1173 1174//1174 1172//1172
f 1180//1180 1067//1067 947//947
f 947//947 1181//1181 1180//1180
f 947//947 1062//1062 1181//1181
f 1173//1173 1176//1176 1182//1182
f 1180//1180 1068//1068 1067//1067
f 1174//1174 1183//1183 1184//1184
f 1173//1173 1183//1183 1174//1174
f 1182//1182 1183//1183 1173//1173
f 949//949 1069//1069 1185//1185
f 1185//1185 1070//1070 949//949
f 1186//1186 838//838 1070//1070
f 1187//1187 1188//1188 951//951
f 1188//1188 1071//1071 951//951
f 1072//1072 1187//1187 951//951
f 952//952 838//838 1186//1186
f 1073//1073 1189//1189 1072//1072
f 954//954 1190//1190 955//955
f 954//954 956//956 1190//1190
f 956//956 957//957 1190//1190
f 1191//1191 958//958 959//959
f 1074//1074 1191//1191 959//959
f 1192//1192 1193//1193 1194//1194
f 1195//1195 1196//1196 1194//1194
f 1193//1193 1195//1195 1194//1194
f 1195//1195 1197//1197 1196//1196
f 1195//1195 1198//1198 1197//1197
f 962//962 1076//1076 1199//1199
f 960//960 961//961 1200//1200
f 1199//1199 1078//1078 962//962
f 1201//1201 963//963 1079//1079
f 1201//1201 1077//1077 963//963
f 1202//1202 1077//1077 1201//1201
f 1202//1202 961//961 1077//1077
f 1203//1203 964//964 1080//1080
f 1203//1203 1079//1079 964//964
f 1083//1083 1202//1202 1201//1201
f 1082//1082 1202//1202 1083//1083
f 1082//1082 1204//1204 1202//1202
f 845//845 1204//1204 1082//1082
f 845//845 1205//1205 1204//1204
f 1205//1205 845//845 846//846
f 1205//1205 846//846 1206//1206
f 1206//1206 846//846 847//847
f 1207//1207 965//965 1078//1078
f 1085//1085 1201//1201 1079//1079
f 848//848 965//965 1207//1207
f 1203//1203 1080//1080 1081//1081
f 1203//1203 1085//1085 1079//1079
f 968//968 1201//1201 1085//1085
f 1201//1201 968//968 1083//1083
f 1208//1208 1081//1081 966//966
f 1209//1209 1081//1081 1208//1208
f 1209//1209 1203//1203 1081//1081
f 1087//1087 1203//1203 1209//1209
f 972//972 1203//1203 1087//1087
f 1203//1203 972//972 1085//1085
f 848//848 1088//1088 969//969
f 966//966 970//970 1210//1210
f 1210//1210 970//970 971//971
f 973//973 1209//1209 1211//1211
f 1209//1209 973//973 1087//1087
f 853//853 1212//1212 971//971
f 1212//1212 1210//1210 971//971
f 1213//1213 973//973 1211//1211
f 852//852 1214//1214 853//853
f 1214//1214 1212//1212 853//853
f 1089//1089 1215//1215 852//852
f 1215//1215 1214//1214 852//852
f 1216//1216 974//974 1213//1213
f 973//973 1213//1213 974//974
f 860//860 1095//1095 1217//1217
f 1091//1091 860//860 1217//1217
f 976//976 975//975 1218//1218
f 1096//1096 976//976 1218//1218
f 974//974 1216//1216 859//859
f 1095//1095 979//979 1097//1097
f 1219//1219 859//859 1216//1216
f 859//859 1219//1219 1098//1098
f 980//980 981//981 1220//1220
f 1221//1221 982//982 1098//1098
f 982//982 1221//1221 1099//1099
f 1222//1222 1100//1100 983//983
f 1102//1102 1222//1222 983//983
f 1101//1101 1103//1103 868//868
f 1223//1223 738//738 1105//1105
f 1224//1224 872//872 1223//1223
f 1223//1223 872//872 738//738
f 1107//1107 872//872 1224//1224
f 986//986 1225//1225 1106//1106
f 987//987 1225//1225 986//986
f 1226//1226 1108//1108 1227//1227
f 1227//1227 1108//1108 1107//1107
f 988//988 1108//1108 1226//1226
f 1228//1228 988//988 1226//1226
f 987//987 1229//1229 1225//1225
f 989//989 1229//1229 987//987
f 1228//1228 1109//1109 875//875
f 875//875 988//988 1228//1228
f 990//990 1229//1229 989//989
f 1110//1110 1230//1230 990//990
f 1231//1231 994//994 1111//1111
f 1113//1113 1112//1112 993//993
f 1232//1232 994//994 1231//1231
f 1232//1232 996//996 994//994
f 1232//1232 878//878 996//996
f 997//997 1233//1233 1113//1113
f 997//997 1113//1113 995//995
f 1234//1234 878//878 1232//1232
f 997//997 1235//1235 1233//1233
f 1001//1001 878//878 1234//1234
f 1235//1235 997//997 998//998
f 1235//1235 998//998 1114//1114
f 1005//1005 1116//1116 1236//1236
f 1004//1004 1237//1237 1115//1115
f 1005//1005 1236//1236 1117//1117
f 1238//1238 1119//1119 1006//1006
f 1238//1238 1006//1006 1239//1239
f 1122//1122 1121//1121 1240//1240
f 1008//1008 1239//1239 1006//1006
f 1241//1241 1239//1239 1008//1008
f 1241//1241 1008//1008 1009//1009
f 1241//1241 1009//1009 1242//1242
f 1124//1124 1242//1242 1009//1009
f 1243//1243 1012//1012 1123//1123
f 1244//1244 1012//1012 1243//1243
f 1124//1124 1011//1011 1245//1245
f 1245//1245 1011//1011 1013//1013
f 1244//1244 1125//1125 1012//1012
f 1245//1245 1013//1013 1126//1126
f 1127//1127 1246//1246 1128//1128
f 1247//1247 1128//1128 1246//1246
f 1129//1129 1128//1128 1247//1247
f 1247//1247 1132//1132 1129//1129
f 1019//1019 1248//1248 1249//1249
f 1019//1019 1249//1249 910//910
f 1132//1132 1130//1130 1129//1129
f 1248//1248 1019//1019 1131//1131
f 1136//1136 1135//1135 1134//1134
f 1021//1021 1140//1140 1131//1131
f 1250//1250 1020//1020 1136//1136
f 1251//1251 1020//1020 1250//1250
f 1020//1020 1251//1251 1137//1137
f 1022//1022 1252//1252 1140//1140
f 1253//1253 1137//1137 1251//1251
f 1253//1253 1138//1138 1137//1137
f 1254//1254 1139//1139 1138//1138
f 1139//1139 1254//1254 1141//1141
f 1022//1022 1147//1147 1252//1252
f 1026//1026 1147//1147 1022//1022
f 1255//1255 1141//1141 1254//1254
f 1255//1255 1142//1142 1141//1141
f 1256//1256 1255//1255 1254//1254
f 1257//1257 1255//1255 1256//1256
f 1257//1257 1142//1142 1255//1255
f 1258//1258 1142//1142 1257//1257
f 1258//1258 1143//1143 1142//1142
f 1144//1144 1143//1143 1258//1258
f 1150//1150 1145//1145 1144//1144
f 1034//1034 1257//1257 1256//1256
f 1034//1034 1258//1258 1257//1257
f 1035//1035 1258//1258 1034//1034
f 1144//1144 1035//1035 1150//1150
f 1258//1258 1035//1035 1144//1144
f 1032//1032 1256//1256 1155//1155
f 1032//1032 1034//1034 1256//1256
f 1153//1153 1259//1259 1030//1030
f 1030//1030 1259//1259 1260//1260
f 1030//1030 1260//1260 926//926
f 1261//1261 1262//1262 1039//1039
f 1155//1155 1261//1261 1039//1039
f 1028//1028 1148//1148 1040//1040
f 1263//1263 1028//1028 1040//1040
f 1263//1263 1152//1152 1028//1028
f 1263//1263 1153//1153 1152//1152
f 1264//1264 1153//1153 1263//1263
f 1259//1259 1153//1153 1264//1264
f 926//926 1260//1260 927//927
f 1156//1156 1039//1039 1262//1262
f 1159//1159 1263//1263 1040//1040
f 1263//1263 1265//1265 1264//1264
f 1263//1263 1159//1159 1265//1265
f 1260//1260 1041//1041 927//927
f 1266//1266 811//811 1158//1158
f 1265//1265 1159//1159 1042//1042
f 934//934 1041//1041 1267//1267
f 811//811 1266//1266 933//933
f 1044//1044 1268//1268 1042//1042
f 1160//1160 934//934 1267//1267
f 1044//1044 816//816 1268//1268
f 1160//1160 1269//1269 1045//1045
f 1048//1048 1269//1269 1268//1268
f 816//816 1048//1048 1268//1268
f 1269//1269 1050//1050 1045//1045
f 1048//1048 1050//1050 1269//1269
f 1270//1270 1046//1046 1049//1049
f 1161//1161 1162//1162 1047//1047
f 1049//1049 1271//1271 1270//1270
f 1162//1162 1163//1163 936//936
f 1271//1271 1049//1049 1053//1053
f 1053//1053 1272//1272 1271//1271
f 1053//1053 1165//1165 1272//1272
f 1164//1164 1273//1273 1055//1055
f 1165//1165 1167//1167 1272//1272
f 1273//1273 1056//1056 1055//1055
f 1167//1167 1274//1274 1272//1272
f 1167//1167 1275//1275 1274//1274
f 1168//1168 1275//1275 1167//1167
f 1168//1168 1175//1175 1275//1275
f 1276//1276 1062//1062 1170//1170
f 1175//1175 1179//1179 1275//1275
f 1275//1275 1179//1179 1277//1277
f 1062//1062 1276//1276 1181//1181
f 1179//1179 1278//1278 1277//1277
f 1176//1176 1279//1279 1182//1182
f 1177//1177 1279//1279 1176//1176
f 1178//1178 1280//1280 1177//1177
f 1178//1178 1281//1281 1280//1280
f 1064//1064 1281//1281 1178//1178
f 1064//1064 1282//1282 1281//1281
f 1065//1065 1282//1282 1064//1064
f 1065//1065 1283//1283 1282//1282
f 1283//1283 1065//1065 1066//1066
f 1179//1179 1284//1284 1278//1278
f 1179//1179 1285//1285 1284//1284
f 1174//1174 1285//1285 1179//1179
f 1184//1184 1285//1285 1174//1174
f 1177//1177 1286//1286 1279//1279
f 1177//1177 1280//1280 1286//1286
f 1068//1068 1287//1287 1066//1066
f 1068//1068 1288//1288 1287//1287
f 1068//1068 1180//1180 1288//1288
f 1182//1182 1289//1289 1183//1183
f 1279//1279 1289//1289 1182//1182
f 1284//1284 1290//1290 1278//1278
f 1284//1284 1285//1285 1290//1290
f 1184//1184 1291//1291 1285//1285
f 1183//1183 1291//1291 1184//1184
f 1279//1279 1286//1286 1289//1289
f 1183//1183 1292//1292 1291//1291
f 1289//1289 1292//1292 1183//1183
f 1293//1293 1290//1290 1285//1285
f 1285//1285 1294//1294 1293//1293
f 1291//1291 1294//1294 1285//1285
f 1289//1289 1295//1295 1292//1292
f 1289//1289 1296//1296 1295//1295
f 1286//1286 1296//1296 1289//1289
f 1291//1291 1297//1297 1294//1294
f 1291//1291 1298//1298 1297//1297
f 1292//1292 1298//1298 1291//1291
f 1292//1292 1295//1295 1298//1298
f 1297//1297 1299//1299 1294//1294
f 1298//1298 1299//1299 1297//1297
f 1298//1298 1300//1300 1299//1299
f 1295//1295 1300//1300 1298//1298
f 1069//1069 1301//1301 1185//1185
f 1188//1188 1302//1302 1071//1071
f 1301//1301 950//950 1302//1302
f 1302//1302 950//950 1071//1071
f 1301//1301 1069//1069 950//950
f 1303//1303 1070//1070 1185//1185
f 1304//1304 1070//1070 1303//1303
f 1304//1304 1186//1186 1070//1070
f 1072//1072 1305//1305 1187//1187
f 1306//1306 952//952 1186//1186
f 1189//1189 1305//1305 1072//1072
f 1306//1306 1074//1074 952//952
f 1307//1307 1194//1194 1308//1308
f 1307//1307 1192//1192 1194//1194
f 1192//1192 1189//1189 1309//1309
f 1307//1307 1189//1189 1192//1192
f 1073//1073 1309//1309 1189//1189
f 1073//1073 1310//1310 1309//1309
f 1073//1073 955//955 1310//1310
f 955//955 1311//1311 1310//1310
f 1190//1190 1311//1311 955//955
f 957//957 1312//1312 1190//1190
f 957//957 1313//1313 1312//1312
f 957//957 958//958 1313//1313
f 1313//1313 958//958 1191//1191
f 1314//1314 1193//1193 1192//1192
f 1309//1309 1314//1314 1192//1192
f 1198//1198 1315//1315 1197//1197
f 1195//1195 1193//1193 1316//1316
f 1195//1195 1316//1316 1198//1198
f 1317//1317 1318//1318 1315//1315
f 1315//1315 1198//1198 1317//1317
f 1075//1075 1319//1319 841//841
f 841//841 1319//1319 1320//1320
f 1076//1076 841//841 1320//1320
f 1076//1076 1320//1320 1199//1199
f 1321//1321 960//960 1200//1200
f 1321//1321 1075//1075 960//960
f 1321//1321 1319//1319 1075//1075
f 1322//1322 1078//1078 1199//1199
f 1202//1202 1200//1200 961//961
f 1204//1204 1200//1200 1202//1202
f 1204//1204 1321//1321 1200//1200
f 1205//1205 1321//1321 1204//1204
f 1205//1205 1319//1319 1321//1321
f 1206//1206 1319//1319 1205//1205
f 1078//1078 1322//1322 1207//1207
f 1206//1206 847//847 1323//1323
f 1323//1323 847//847 1084//1084
f 1207//1207 1324//1324 848//848
f 1325//1325 1084//1084 1086//1086
f 1324//1324 1088//1088 848//848
f 1086//1086 1324//1324 1325//1325
f 1086//1086 1088//1088 1324//1324
f 1326//1326 966//966 1210//1210
f 1326//1326 1208//1208 966//966
f 1211//1211 1208//1208 1326//1326
f 1209//1209 1208//1208 1211//1211
f 1213//1213 1326//1326 1210//1210
f 1213//1213 1211//1211 1326//1326
f 1327//1327 1210//1210 1212//1212
f 1327//1327 1213//1213 1210//1210
f 1091//1091 1217//1217 1328//1328
f 1092//1092 1091//1091 1328//1328
f 1094//1094 1093//1093 1092//1092
f 1218//1218 975//975 1094//1094
f 978//978 1329//1329 1090//1090
f 1090//1090 1329//1329 1089//1089
f 1330//1330 1096//1096 1218//1218
f 1331//1331 1096//1096 1330//1330
f 977//977 1096//1096 1331//1331
f 1331//1331 978//978 977//977
f 1097//1097 980//980 1332//1332
f 980//980 1220//1220 1332//1332
f 1220//1220 981//981 1333//1333
f 1221//1221 1098//1098 1219//1219
f 1333//1333 981//981 1334//1334
f 1334//1334 867//867 1335//1335
f 981//981 867//867 1334//1334
f 867//867 1100//1100 1335//1335
f 1336//1336 1099//1099 1221//1221
f 1222//1222 1335//1335 1100//1100
f 1337//1337 1101//1101 1336//1336
f 1099//1099 1336//1336 1101//1101
f 1101//1101 1337//1337 1103//1103
f 1338//1338 1103//1103 1337//1337
f 1103//1103 1338//1338 1104//1104
f 985//985 1339//1339 1102//1102
f 1340//1340 1105//1105 1338//1338
f 1338//1338 1105//1105 1104//1104
f 985//985 1341//1341 1339//1339
f 1224//1224 1223//1223 1340//1340
f 1223//1223 1105//1105 1340//1340
f 1342//1342 1341//1341 985//985
f 1106//1106 1342//1342 985//985
f 1227//1227 1107//1107 1224//1224
f 1343//1343 1229//1229 990//990
f 1344//1344 991//991 1109//1109
f 1344//1344 1345//1345 991//991
f 1343//1343 990//990 1230//1230
f 992//992 991//991 1345//1345
f 1345//1345 1111//1111 992//992
f 1112//1112 1230//1230 1110//1110
f 1346//1346 1112//1112 1113//1113
f 1234//1234 1232//1232 1347//1347
f 1001//1001 1234//1234 1347//1347
f 1001//1001 1347//1347 1348//1348
f 1235//1235 1114//1114 1349//1349
f 1001//1001 1348//1348 1003//1003
f 1114//1114 1350//1350 1349//1349
f 1003//1003 1348//1348 1351//1351
f 1115//1115 1350//1350 1114//1114
f 1003//1003 1351//1351 1116//1116
f 1116//1116 1351//1351 1236//1236
f 1115//1115 1237//1237 1350//1350
f 1352//1352 1117//1117 1236//1236
f 1117//1117 1352//1352 1118//1118
f 1353//1353 1237//1237 1004//1004
f 1118//1118 1352//1352 1354//1354
f 1353//1353 1004//1004 1119//1119
f 1354//1354 1120//1120 1118//1118
f 1353//1353 1119//1119 1238//1238
f 1120//1120 1354//1354 1355//1355
f 1120//1120 1355//1355 1121//1121
f 1121//1121 1355//1355 1240//1240
f 1356//1356 1123//1123 1122//1122
f 1357//1357 1123//1123 1356//1356
f 1243//1243 1123//1123 1357//1357
f 1126//1126 1358//1358 1245//1245
f 1125//1125 1244//1244 1359//1359
f 1125//1125 1359//1359 1127//1127
f 1126//1126 1360//1360 1358//1358
f 1127//1127 1359//1359 1246//1246
f 1246//1246 1359//1359 1361//1361
f 1017//1017 1360//1360 1126//1126
f 1361//1361 1247//1247 1246//1246
f 1017//1017 1249//1249 1360//1360
f 1249//1249 1017//1017 910//910
f 1131//1131 1362//1362 1248//1248
f 1132//1132 1363//1363 1133//1133
f 1133//1133 1363//1363 1134//1134
f 1362//1362 1131//1131 1140//1140
f 1364//1364 1134//1134 1363//1363
f 1364//1364 1136//1136 1134//1134
f 1252//1252 1362//1362 1140//1140
f 1365//1365 1136//1136 1364//1364
f 1365//1365 1250//1250 1136//1136
f 1366//1366 1250//1250 1365//1365
f 1366//1366 1251//1251 1250//1250
f 1367//1367 1251//1251 1366//1366
f 1367//1367 1253//1253 1251//1251
f 1368//1368 1253//1253 1367//1367
f 1368//1368 1138//1138 1253//1253
f 1368//1368 1254//1254 1138//1138
f 1369//1369 1368//1368 1367//1367
f 1261//1261 1254//1254 1368//1368
f 1256//1256 1254//1254 1261//1261
f 1369//1369 1261//1261 1368//1368
f 1262//1262 1261//1261 1369//1369
f 1261//1261 1155//1155 1256//1256
f 1262//1262 1370//1370 1156//1156
f 1371//1371 1259//1259 1264//1264
f 1371//1371 1260//1260 1259//1259
f 1370//1370 1158//1158 1156//1156
f 1265//1265 1371//1371 1264//1264
f 1372//1372 1260//1260 1371//1371
f 1373//1373 1260//1260 1372//1372
f 1260//1260 1373//1373 1041//1041
f 1267//1267 1373//1373 1372//1372
f 1041//1041 1373//1373 1267//1267
f 1158//1158 1370//1370 1266//1266
f 1042//1042 1371//1371 1265//1265
f 1268//1268 1371//1371 1042//1042
f 1268//1268 1372//1372 1371//1371
f 1268//1268 1267//1267 1372//1372
f 1043//1043 1374//1374 1157//1157
f 1266//1266 1375//1375 933//933
f 1160//1160 1267//1267 1269//1269
f 1269//1269 1267//1267 1268//1268
f 1043//1043 1376//1376 1374//1374
f 1046//1046 1376//1376 1043//1043
f 933//933 1375//1375 1161//1161
f 1376//1376 1046//1046 1270//1270
f 1377//1377 1270//1270 1271//1271
f 1271//1271 1272//1272 1377//1377
f 1272//1272 1378//1378 1377//1377
f 1272//1272 1274//1274 1378//1378
f 1056//1056 1273//1273 1379//1379
f 1379//1379 1170//1170 1056//1056
f 1170//1170 1379//1379 1380//1380
f 1275//1275 1277//1277 1274//1274
f 1380//1380 1276//1276 1170//1170
f 1276//1276 1381//1381 1181//1181
f 1278//1278 1382//1382 1277//1277
f 1283//1283 1066//1066 1287//1287
f 1180//1180 1181//1181 1383//1383
f 1278//1278 1384//1384 1382//1382
f 1280//1280 1385//1385 1286//1286
f 1281//1281 1385//1385 1280//1280
f 1281//1281 1386//1386 1385//1385
f 1282//1282 1386//1386 1281//1281
f 1288//1288 1387//1387 1287//1287
f 1180//1180 1387//1387 1288//1288
f 1180//1180 1383//1383 1387//1387
f 1384//1384 1388//1388 1382//1382
f 1290//1290 1384//1384 1278//1278
f 1384//1384 1389//1389 1388//1388
f 1384//1384 1390//1390 1389//1389
f 1290//1290 1390//1390 1384//1384
f 1290//1290 1293//1293 1390//1390
f 1286//1286 1391//1391 1296//1296
f 1385//1385 1391//1391 1286//1286
f 1391//1391 1392//1392 1296//1296
f 1296//1296 1392//1392 1295//1295
f 1391//1391 1393//1393 1392//1392
f 1293//1293 1394//1394 1390//1390
f 1294//1294 1394//1394 1293//1293
f 1294//1294 1299//1299 1394//1394
f 1295//1295 1392//1392 1300//1300
f 1394//1394 1395//1395 1390//1390
f 1392//1392 1393//1393 1396//1396
f 1394//1394 1301//1301 1395//1395
f 1299//1299 1301//1301 1394//1394
f 1300//1300 1303//1303 1299//1299
f 1392//1392 1397//1397 1300//1300
f 1392//1392 1396//1396 1397//1397
f 1299//1299 1185//1185 1301//1301
f 1303//1303 1185//1185 1299//1299
f 1397//1397 1304//1304 1300//1300
f 1395//1395 1301//1301 1302//1302
f 1303//1303 1300//1300 1304//1304
f 1304//1304 1397//1397 1398//1398
f 1188//1188 1399//1399 1302//1302
f 1187//1187 1400//1400 1399//1399
f 1399//1399 1188//1188 1187//1187
f 1304//1304 1398//1398 1186//1186
f 1187//1187 1305//1305 1400//1400
f 1305//1305 1307//1307 1308//1308
f 1189//1189 1307//1307 1305//1305
f 1401//1401 1402//1402 1194//1194
f 1402//1402 1308//1308 1194//1194
f 1074//1074 1306//1306 1403//1403
f 1401//1401 1194//1194 1196//1196
f 1074//1074 1403//1403 1191//1191
f 1190//1190 1404//1404 1311//1311
f 1312//1312 1404//1404 1190//1190
f 1193//1193 1314//1314 1316//1316
f 1198//1198 1316//1316 1405//1405
f 1198//1198 1405//1405 1317//1317
f 1406//1406 1315//1315 1318//1318
f 1318//1318 1317//1317 1406//1406
f 1407//1407 1320//1320 1319//1319
f 1322//1322 1199//1199 1320//1320
f 1407//1407 1319//1319 1206//1206
f 1408//1408 1320//1320 1407//1407
f 1408//1408 1322//1322 1320//1320
f 1323//1323 1407//1407 1206//1206
f 1323//1323 1408//1408 1407//1407
f 1084//1084 1408//1408 1323//1323
f 1409//1409 1408//1408 1084//1084
f 1410//1410 1207//1207 1322//1322
f 1325//1325 1409//1409 1084//1084
f 1324//1324 1207//1207 1410//1410
f 1214//1214 1411//1411 1212//1212
f 1411//1411 1327//1327 1212//1212
f 1216//1216 1213//1213 1327//1327
f 1412//1412 1214//1214 1215//1215
f 1412//1412 1411//1411 1214//1214
f 1413//1413 1216//1216 1327//1327
f 1092//1092 1414//1414 1094//1094
f 1089//1089 1329//1329 1215//1215
f 1097//1097 1415//1415 1095//1095
f 1416//1416 1095//1095 1415//1415
f 1217//1217 1095//1095 1416//1416
f 1217//1217 1416//1416 1328//1328
f 1331//1331 1417//1417 978//978
f 978//978 1417//1417 1329//1329
f 1219//1219 1216//1216 1413//1413
f 1418//1418 1219//1219 1413//1413
f 1419//1419 1219//1219 1418//1418
f 1221//1221 1219//1219 1419//1419
f 1420//1420 1221//1221 1419//1419
f 1221//1221 1420//1420 1336//1336
f 1337//1337 1336//1336 1421//1421
f 1222//1222 1102//1102 1422//1422
f 1338//1338 1337//1337 1421//1421
f 1102//1102 1423//1423 1422//1422
f 1102//1102 1339//1339 1423//1423
f 1424//1424 1340//1340 1338//1338
f 1425//1425 1224//1224 1340//1340
f 1426//1426 1224//1224 1425//1425
f 1106//1106 1427//1427 1342//1342
f 1227//1227 1224//1224 1426//1426
f 1427//1427 1106//1106 1225//1225
f 1226//1226 1227//1227 1428//1428
f 1225//1225 1429//1429 1427//1427
f 1228//1228 1226//1226 1428//1428
f 1229//1229 1429//1429 1225//1225
f 1228//1228 1430//1430 1109//1109
f 1229//1229 1343//1343 1429//1429
f 1344//1344 1109//1109 1430//1430
f 1346//1346 1230//1230 1112//1112
f 1431//1431 1346//1346 1113//1113
f 1231//1231 1432//1432 1232//1232
f 1113//1113 1233//1233 1431//1431
f 1432//1432 1347//1347 1232//1232
f 1233//1233 1235//1235 1349//1349
f 1347//1347 1433//1433 1348//1348
f 1434//1434 1348//1348 1433//1433
f 1348//1348 1434//1434 1351//1351
f 1236//1236 1351//1351 1435//1435
f 1236//1236 1435//1435 1352//1352
f 1352//1352 1436//1436 1354//1354
f 1355//1355 1437//1437 1240//1240
f 1438//1438 1240//1240 1437//1437
f 1122//1122 1240//1240 1438//1438
f 1122//1122 1438//1438 1356//1356
f 1439//1439 1357//1357 1356//1356
f 1440//1440 1243//1243 1357//1357
f 1440//1440 1357//1357 1439//1439
f 1242//1242 1124//1124 1441//1441
f 1124//1124 1442//1442 1441//1441
f 1440//1440 1244//1244 1243//1243
f 1245//1245 1442//1442 1124//1124
f 1442//1442 1245//1245 1358//1358
f 1443//1443 1244//1244 1440//1440
f 1359//1359 1244//1244 1443//1443
f 1247//1247 1361//1361 1444//1444
f 1249//1249 1445//1445 1360//1360
f 1249//1249 1248//1248 1445//1445
f 1446//1446 1247//1247 1444//1444
f 1132//1132 1247//1247 1446//1446
f 1132//1132 1446//1446 1363//1363
f 1447//1447 1364//1364 1363//1363
f 1447//1447 1365//1365 1364//1364
f 1147//1147 1448//1448 1252//1252
f 1449//1449 1367//1367 1366//1366
f 1369//1369 1367//1367 1449//1449
f 1147//1147 1450//1450 1448//1448
f 1451//1451 1369//1369 1449//1449
f 1450//1450 1147//1147 1149//1149
f 1262//1262 1369//1369 1451//1451
f 1452//1452 1262//1262 1451//1451
f 1149//1149 1453//1453 1450//1450
f 1154//1154 1453//1453 1149//1149
f 1262//1262 1452//1452 1370//1370
f 1154//1154 1454//1454 1453//1453
f 1157//1157 1454//1454 1154//1154
f 1455//1455 1266//1266 1370//1370
f 1266//1266 1455//1455 1375//1375
f 1161//1161 1375//1375 1456//1456
f 1270//1270 1457//1457 1376//1376
f 1457//1457 1270//1270 1377//1377
f 1458//1458 1163//1163 1162//1162
f 1458//1458 1164//1164 1163//1163
f 1378//1378 1459//1459 1377//1377
f 1274//1274 1460//1460 1459//1459
f 1274//1274 1459//1459 1378//1378
f 1274//1274 1461//1461 1460//1460
f 1274//1274 1277//1277 1461//1461
f 1277//1277 1462//1462 1461//1461
f 1380//1380 1381//1381 1276//1276
f 1277//1277 1382//1382 1462//1462
f 1381//1381 1383//1383 1181//1181
f 1382//1382 1388//1388 1462//1462
f 1282//1282 1463//1463 1386//1386
f 1282//1282 1464//1464 1463//1463
f 1283//1283 1464//1464 1282//1282
f 1283//1283 1465//1465 1464//1464
f 1283//1283 1287//1287 1465//1465
f 1287//1287 1387//1387 1465//1465
f 1386//1386 1466//1466 1385//1385
f 1463//1463 1466//1466 1386//1386
f 1388//1388 1389//1389 1467//1467
f 1466//1466 1391//1391 1385//1385
f 1391//1391 1468//1468 1393//1393
f 1466//1466 1468//1468 1391//1391
f 1389//1389 1469//1469 1467//1467
f 1389//1389 1470//1470 1469//1469
f 1390//1390 1470//1470 1389//1389
f 1390//1390 1395//1395 1470//1470
f 1468//1468 1471//1471 1393//1393
f 1470//1470 1472//1472 1469//1469
f 1470//1470 1473//1473 1472//1472
f 1393//1393 1471//1471 1396//1396
f 1302//1302 1473//1473 1470//1470
f 1470//1470 1395//1395 1302//1302
f 1399//1399 1474//1474 1472//1472
f 1473//1473 1399//1399 1472//1472
f 1473//1473 1302//1302 1399//1399
f 1396//1396 1398//1398 1397//1397
f 1396//1396 1475//1475 1398//1398
f 1396//1396 1471//1471 1475//1475
f 1400//1400 1474//1474 1399//1399
f 1186//1186 1398//1398 1476//1476
f 1305//1305 1477//1477 1400//1400
f 1477//1477 1308//1308 1402//1402
f 1305//1305 1308//1308 1477//1477
f 1478//1478 1186//1186 1476//1476
f 1478//1478 1306//1306 1186//1186
f 1478//1478 1403//1403 1306//1306
f 1479//1479 1401//1401 1196//1196
f 1479//1479 1196//1196 1197//1197
f 1314//1314 1309//1309 1480//1480
f 1309//1309 1310//1310 1480//1480
f 1403//1403 1481//1481 1191//1191
f 1482//1482 1479//1479 1197//1197
f 1310//1310 1483//1483 1480//1480
f 1311//1311 1483//1483 1310//1310
f 1311//1311 1404//1404 1483//1483
f 1312//1312 1484//1484 1404//1404
f 1312//1312 1313//1313 1484//1484
f 1481//1481 1484//1484 1313//1313
f 1191//1191 1481//1481 1313//1313
f 1482//1482 1197//1197 1315//1315
f 1317//1317 1405//1405 1485//1485
f 1485//1485 1406//1406 1317//1317
f 1408//1408 1409//1409 1322//1322
f 1410//1410 1322//1322 1409//1409
f 1325//1325 1410//1410 1409//1409
f 1324//1324 1410//1410 1325//1325
f 1413//1413 1327//1327 1411//1411
f 1486//1486 1411//1411 1412//1412
f 1486//1486 1413//1413 1411//1411
f 1328//1328 1416//1416 1487//1487
f 1488//1488 1092//1092 1487//1487
f 1487//1487 1092//1092 1328//1328
f 1488//1488 1414//1414 1092//1092
f 1414//1414 1489//1489 1094//1094
f 1329//1329 1490//1490 1215//1215
f 1490//1490 1412//1412 1215//1215
f 1097//1097 1332//1332 1491//1491
f 1492//1492 1094//1094 1489//1489
f 1492//1492 1218//1218 1094//1094
f 1492//1492 1493//1493 1218//1218
f 1218//1218 1493//1493 1330//1330
f 1330//1330 1493//1493 1331//1331
f 1417//1417 1494//1494 1329//1329
f 1494//1494 1490//1490 1329//1329
f 1418//1418 1413//1413 1486//1486
f 1220//1220 1491//1491 1332//1332
f 1495//1495 1331//1331 1493//1493
f 1495//1495 1417//1417 1331//1331
f 1419//1419 1418//1418 1486//1486
f 1220//1220 1333//1333 1496//1496
f 1334//1334 1496//1496 1333//1333
f 1420//1420 1419//1419 1497//1497
f 1497//1497 1336//1336 1420//1420
f 1498//1498 1335//1335 1222//1222
f 1499//1499 1421//1421 1497//1497
f 1336//1336 1497//1497 1421//1421
f 1500//1500 1421//1421 1499//1499
f 1338//1338 1421//1421 1500//1500
f 1500//1500 1424//1424 1338//1338
f 1340//1340 1424//1424 1425//1425
f 1501//1501 1339//1339 1341//1341
f 1341//1341 1342//1342 1501//1501
f 1426//1426 1425//1425 1502//1502
f 1503//1503 1227//1227 1426//1426
f 1503//1503 1428//1428 1227//1227
f 1228//1228 1428//1428 1504//1504
f 1228//1228 1504//1504 1430//1430
f 1345//1345 1344//1344 1505//1505
f 1230//1230 1506//1506 1343//1343
f 1507//1507 1111//1111 1345//1345
f 1346//1346 1508//1508 1230//1230
f 1507//1507 1231//1231 1111//1111
f 1509//1509 1508//1508 1346//1346
f 1231//1231 1507//1507 1432//1432
f 1510//1510 1432//1432 1507//1507
f 1346//1346 1431//1431 1509//1509
f 1432//1432 1510//1510 1511//1511
f 1432//1432 1511//1511 1347//1347
f 1347//1347 1511//1511 1433//1433
f 1431//1431 1233//1233 1512//1512
f 1349//1349 1512//1512 1233//1233
f 1434//1434 1513//1513 1351//1351
f 1513//1513 1435//1435 1351//1351
f 1514//1514 1352//1352 1435//1435
f 1514//1514 1436//1436 1352//1352
f 1350//1350 1237//1237 1515//1515
f 1354//1354 1436//1436 1516//1516
f 1517//1517 1354//1354 1516//1516
f 1353//1353 1515//1515 1237//1237
f 1354//1354 1517//1517 1355//1355
f 1518//1518 1353//1353 1238//1238
f 1355//1355 1517//1517 1437//1437
f 1238//1238 1519//1519 1518//1518
f 1239//1239 1519//1519 1238//1238
f 1241//1241 1519//1519 1239//1239
f 1241//1241 1441//1441 1520//1520
f 1242//1242 1441//1441 1241//1241
f 1358//1358 1521//1521 1442//1442
f 1360//1360 1521//1521 1358//1358
f 1359//1359 1443//1443 1361//1361
f 1361//1361 1443//1443 1522//1522
f 1521//1521 1360//1360 1445//1445
f 1361//1361 1522//1522 1444//1444
f 1248//1248 1523//1523 1445//1445
f 1248//1248 1362//1362 1523//1523
f 1252//1252 1524//1524 1362//1362
f 1252//1252 1525//1525 1524//1524
f 1525//1525 1252//1252 1448//1448
f 1526//1526 1365//1365 1447//1447
f 1527//1527 1365//1365 1526//1526
f 1365//1365 1527//1527 1366//1366
f 1449//1449 1366//1366 1527//1527
f 1528//1528 1449//1449 1527//1527
f 1451//1451 1449//1449 1528//1528
f 1452//1452 1528//1528 1529//1529
f 1452//1452 1451//1451 1528//1528
f 1530//1530 1452//1452 1529//1529
f 1370//1370 1452//1452 1530//1530
f 1455//1455 1370//1370 1530//1530
f 1157//1157 1374//1374 1454//1454
f 1376//1376 1531//1531 1374//1374
f 1531//1531 1376//1376 1457//1457
f 1532//1532 1161//1161 1456//1456
f 1532//1532 1162//1162 1161//1161
f 1377//1377 1533//1533 1457//1457
f 1458//1458 1162//1162 1532//1532
f 1377//1377 1534//1534 1533//1533
f 1534//1534 1377//1377 1459//1459
f 1535//1535 1164//1164 1458//1458
f 1164//1164 1535//1535 1273//1273
f 1536//1536 1273//1273 1535//1535
f 1537//1537 1273//1273 1536//1536
f 1537//1537 1379//1379 1273//1273
f 1380//1380 1379//1379 1537//1537
f 1462//1462 1538//1538 1461//1461
f 1539//1539 1381//1381 1380//1380
f 1462//1462 1540//1540 1538//1538
f 1462//1462 1388//1388 1540//1540
f 1381//1381 1541//1541 1383//1383
f 1388//1388 1542//1542 1540//1540
f 1543//1543 1464//1464 1465//1465
f 1387//1387 1543//1543 1465//1465
f 1387//1387 1544//1544 1543//1543
f 1383//1383 1544//1544 1387//1387
f 1383//1383 1541//1541 1544//1544
f 1388//1388 1467//1467 1542//1542
f 1545//1545 1466//1466 1463//1463
f 1464//1464 1545//1545 1463//1463
f 1464//1464 1546//1546 1545//1545
f 1543//1543 1546//1546 1464//1464
f 1467//1467 1547//1547 1542//1542
f 1545//1545 1468//1468 1466//1466
f 1545//1545 1548//1548 1468//1468
f 1467//1467 1469//1469 1547//1547
f 1472//1472 1549//1549 1547//1547
f 1469//1469 1472//1472 1547//1547
f 1468//1468 1550//1550 1471//1471
f 1550//1550 1468//1468 1548//1548
f 1472//1472 1474//1474 1549//1549
f 1551//1551 1471//1471 1550//1550
f 1471//1471 1552//1552 1475//1475
f 1471//1471 1551//1551 1552//1552
f 1400//1400 1553//1553 1474//1474
f 1554//1554 1553//1553 1400//1400
f 1475//1475 1555//1555 1398//1398
f 1552//1552 1555//1555 1475//1475
f 1554//1554 1400//1400 1477//1477
f 1398//1398 1555//1555 1476//1476
f 1556//1556 1481//1481 1403//1403
f 1316//1316 1314//1314 1557//1557
f 1405//1405 1316//1316 1558//1558
f 1559//1559 1404//1404 1484//1484
f 1484//1484 1560//1560 1559//1559
f 1481//1481 1560//1560 1484//1484
f 1315//1315 1561//1561 1482//1482
f 1404//1404 1562//1562 1483//1483
f 1559//1559 1562//1562 1404//1404
f 1558//1558 1485//1485 1405//1405
f 1406//1406 1561//1561 1315//1315
f 1563//1563 1406//1406 1485//1485
f 1564//1564 1565//1565 1566//1566
f 1564//1564 1567//1567 1568//1568
f 1566//1566 1567//1567 1564//1564
f 1568//1568 1569//1569 1570//1570
f 1566//1566 1571//1571 1567//1567
f 1568//1568 1572//1572 1569//1569
f 1567//1567 1573//1573 1568//1568
f 1571//1571 1573//1573 1567//1567
f 1574//1574 1575//1575 1569//1569
f 1572//1572 1574//1574 1569//1569
f 1573//1573 1572//1572 1568//1568
f 1573//1573 1571//1571 1576//1576
f 1574//1574 1577//1577 1575//1575
f 1572//1572 1578//1578 1574//1574
f 1573//1573 1578//1578 1572//1572
f 1573//1573 1579//1579 1578//1578
f 1573//1573 1576//1576 1579//1579
f 1574//1574 1580//1580 1577//1577
f 1578//1578 1580//1580 1574//1574
f 1578//1578 1581//1581 1580//1580
f 1578//1578 1582//1582 1581//1581
f 1578//1578 1579//1579 1582//1582
f 1577//1577 1583//1583 1584//1584
f 1577//1577 1585//1585 1583//1583
f 1577//1577 1580//1580 1585//1585
f 1580//1580 1586//1586 1585//1585
f 1581//1581 1586//1586 1580//1580
f 1581//1581 1582//1582 1587//1587
f 1585//1585 1588//1588 1583//1583
f 1586//1586 1588//1588 1585//1585
f 1587//1587 1586//1586 1581//1581
f 1583//1583 1589//1589 1590//1590
f 1588//1588 1589//1589 1583//1583
f 1589//1589 1591//1591 1590//1590
f 1589//1589 1588//1588 1592//1592
f 1593//1593 1097//1097 1491//1491
f 1415//1415 1097//1097 1593//1593
f 1415//1415 1594//1594 1416//1416
f 1415//1415 1593//1593 1594//1594
f 1487//1487 1416//1416 1594//1594
f 1595//1595 1414//1414 1488//1488
f 1595//1595 1489//1489 1414//1414
f 1596//1596 1412//1412 1490//1490
f 1596//1596 1486//1486 1412//1412
f 1491//1491 1220//1220 1597//1597
f 1598//1598 1490//1490 1494//1494
f 1596//1596 1490//1490 1598//1598
f 1419//1419 1486//1486 1596//1596
f 1220//1220 1496//1496 1597//1597
f 1599//1599 1493//1493 1492//1492
f 1600//1600 1493//1493 1599//1599
f 1600//1600 1495//1495 1493//1493
f 1601//1601 1417//1417 1495//1495
f 1601//1601 1494//1494 1417//1417
f 1602//1602 1494//1494 1601//1601
f 1603//1603 1596//1596 1598//1598
f 1604//1604 1596//1596 1603//1603
f 1604//1604 1419//1419 1596//1596
f 1497//1497 1419//1419 1604//1604
f 1334//1334 1335//1335 1605//1605
f 1606//1606 1604//1604 1603//1603
f 1497//1497 1604//1604 1606//1606
f 1605//1605 1335//1335 1498//1498
f 1499//1499 1606//1606 1607//1607
f 1606//1606 1499//1499 1497//1497
f 1498//1498 1222//1222 1422//1422
f 1608//1608 1499//1499 1607//1607
f 1608//1608 1500//1500 1499//1499
f 1608//1608 1424//1424 1500//1500
f 1608//1608 1609//1609 1424//1424
f 1501//1501 1423//1423 1339//1339
f 1502//1502 1425//1425 1609//1609
f 1424//1424 1609//1609 1425//1425
f 1610//1610 1426//1426 1502//1502
f 1610//1610 1503//1503 1426//1426
f 1611//1611 1342//1342 1427//1427
f 1612//1612 1503//1503 1610//1610
f 1503//1503 1612//1612 1428//1428
f 1612//1612 1504//1504 1428//1428
f 1429//1429 1613//1613 1427//1427
f 1614//1614 1430//1430 1504//1504
f 1429//1429 1615//1615 1613//1613
f 1343//1343 1615//1615 1429//1429
f 1614//1614 1505//1505 1344//1344
f 1344//1344 1430//1430 1614//1614
f 1615//1615 1343//1343 1506//1506
f 1616//1616 1345//1345 1505//1505
f 1230//1230 1617//1617 1506//1506
f 1507//1507 1345//1345 1616//1616
f 1508//1508 1617//1617 1230//1230
f 1618//1618 1510//1510 1507//1507
f 1619//1619 1509//1509 1431//1431
f 1510//1510 1618//1618 1511//1511
f 1511//1511 1618//1618 1620//1620
f 1511//1511 1620//1620 1433//1433
f 1512//1512 1619//1619 1431//1431
f 1620//1620 1621//1621 1433//1433
f 1433//1433 1621//1621 1434//1434
f 1434//1434 1621//1621 1513//1513
f 1513//1513 1621//1621 1622//1622
f 1623//1623 1512//1512 1349//1349
f 1513//1513 1622//1622 1435//1435
f 1349//1349 1624//1624 1623//1623
f 1350//1350 1624//1624 1349//1349
f 1435//1435 1622//1622 1514//1514
f 1350//1350 1515//1515 1624//1624
f 1436//1436 1514//1514 1625//1625
f 1436//1436 1625//1625 1516//1516
f 1626//1626 1517//1517 1516//1516
f 1353//1353 1627//1627 1515//1515
f 1518//1518 1627//1627 1353//1353
f 1517//1517 1626//1626 1437//1437
f 1438//1438 1437//1437 1626//1626
f 1241//1241 1520//1520 1519//1519
f 1628//1628 1356//1356 1438//1438
f 1629//1629 1356//1356 1628//1628
f 1629//1629 1439//1439 1356//1356
f 1630//1630 1439//1439 1629//1629
f 1630//1630 1440//1440 1439//1439
f 1442//1442 1631//1631 1441//1441
f 1632//1632 1440//1440 1630//1630
f 1632//1632 1443//1443 1440//1440
f 1633//1633 1443//1443 1632//1632
f 1633//1633 1522//1522 1443//1443
f 1445//1445 1634//1634 1521//1521
f 1444//1444 1522//1522 1633//1633
f 1444//1444 1633//1633 1635//1635
f 1445//1445 1523//1523 1634//1634
f 1635//1635 1446//1446 1444//1444
f 1636//1636 1446//1446 1635//1635
f 1362//1362 1637//1637 1523//1523
f 1363//1363 1446//1446 1636//1636
f 1636//1636 1638//1638 1363//1363
f 1362//1362 1524//1524 1637//1637
f 1638//1638 1447//1447 1363//1363
f 1448//1448 1639//1639 1525//1525
f 1640//1640 1527//1527 1526//1526
f 1527//1527 1640//1640 1528//1528
f 1448//1448 1641//1641 1639//1639
f 1450//1450 1641//1641 1448//1448
f 1528//1528 1640//1640 1642//1642
f 1529//1529 1528//1528 1642//1642
f 1453//1453 1641//1641 1450//1450
f 1453//1453 1643//1643 1641//1641
f 1454//1454 1643//1643 1453//1453
f 1644//1644 1455//1455 1530//1530
f 1454//1454 1645//1645 1643//1643
f 1374//1374 1645//1645 1454//1454
f 1645//1645 1374//1374 1531//1531
f 1646//1646 1456//1456 1375//1375
f 1457//1457 1533//1533 1531//1531
f 1532//1532 1456//1456 1646//1646
f 1647//1647 1458//1458 1532//1532
f 1458//1458 1647//1647 1535//1535
f 1459//1459 1648//1648 1649//1649
f 1460//1460 1648//1648 1459//1459
f 1648//1648 1460//1460 1461//1461
f 1650//1650 1380//1380 1537//1537
f 1461//1461 1651//1651 1648//1648
f 1538//1538 1651//1651 1461//1461
f 1650//1650 1539//1539 1380//1380
f 1539//1539 1652//1652 1381//1381
f 1540//1540 1653//1653 1538//1538
f 1652//1652 1541//1541 1381//1381
f 1542//1542 1654//1654 1653//1653
f 1653//1653 1540//1540 1542//1542
f 1655//1655 1543//1543 1544//1544
f 1544//1544 1656//1656 1655//1655
f 1541//1541 1656//1656 1544//1544
f 1542//1542 1657//1657 1654//1654
f 1543//1543 1658//1658 1546//1546
f 1542//1542 1547//1547 1657//1657
f 1546//1546 1548//1548 1545//1545
f 1658//1658 1548//1548 1546//1546
f 1547//1547 1549//1549 1657//1657
f 1549//1549 1474//1474 1553//1553
f 1552//1552 1551//1551 1659//1659
f 1555//1555 1552//1552 1659//1659
f 1660//1660 1554//1554 1477//1477
f 1477//1477 1402//1402 1660//1660
f 1476//1476 1555//1555 1478//1478
f 1661//1661 1402//1402 1401//1401
f 1662//1662 1403//1403 1478//1478
f 1663//1663 1401//1401 1479//1479
f 1662//1662 1556//1556 1403//1403
f 1314//1314 1664//1664 1557//1557
f 1664//1664 1314//1314 1480//1480
f 1316//1316 1557//1557 1558//1558
f 1480//1480 1665//1665 1664//1664
f 1483//1483 1665//1665 1480//1480
f 1483//1483 1666//1666 1665//1665
f 1560//1560 1481//1481 1667//1667
f 1556//1556 1667//1667 1481//1481
f 1562//1562 1666//1666 1483//1483
f 1559//1559 1560//1560 1668//1668
f 1558//1558 1669//1669 1485//1485
f 1562//1562 1670//1670 1666//1666
f 1559//1559 1670//1670 1562//1562
f 1559//1559 1668//1668 1670//1670
f 1406//1406 1563//1563 1561//1561
f 1563//1563 1485//1485 1669//1669
f 1671//1671 1672//1672 1673//1673
f 1674//1674 1672//1672 1671//1671
f 1674//1674 1675//1675 1672//1672
f 1673//1673 1565//1565 1676//1676
f 1673//1673 1677//1677 1565//1565
f 1672//1672 1677//1677 1673//1673
f 1672//1672 1678//1678 1677//1677
f 1678//1678 1672//1672 1675//1675
f 1565//1565 1564//1564 1679//1679
f 1565//1565 1677//1677 1566//1566
f 1680//1680 1679//1679 1570//1570
f 1679//1679 1568//1568 1570//1570
f 1568//1568 1679//1679 1564//1564
f 1677//1677 1681//1681 1566//1566
f 1678//1678 1681//1681 1677//1677
f 1570//1570 1569//1569 1680//1680
f 1678//1678 1682//1682 1681//1681
f 1681//1681 1571//1571 1566//1566
f 1681//1681 1683//1683 1571//1571
f 1681//1681 1682//1682 1683//1683
f 1683//1683 1684//1684 1571//1571
f 1571//1571 1684//1684 1576//1576
f 1577//1577 1685//1685 1575//1575
f 1584//1584 1686//1686 1685//1685
f 1685//1685 1577//1577 1584//1584
f 1576//1576 1687//1687 1579//1579
f 1579//1579 1687//1687 1688//1688
f 1584//1584 1583//1583 1686//1686
f 1579//1579 1688//1688 1582//1582
f 1582//1582 1689//1689 1587//1587
f 1582//1582 1688//1688 1689//1689
f 1590//1590 1690//1690 1686//1686
f 1590//1590 1686//1686 1583//1583
f 1590//1590 1691//1691 1690//1690
f 1586//1586 1692//1692 1588//1588
f 1587//1587 1692//1692 1586//1586
f 1590//1590 1591//1591 1691//1691
f 1591//1591 1693//1693 1691//1691
f 1588//1588 1692//1692 1592//1592
f 1591//1591 1694//1694 1693//1693
f 1589//1589 1695//1695 1591//1591
f 1695//1695 1589//1589 1592//1592
f 1591//1591 1696//1696 1694//1694
f 1695//1695 1696//1696 1591//1591
f 1695//1695 1592//1592 1697//1697
f 1696//1696 1698//1698 1694//1694
f 1695//1695 1699//1699 1696//1696
f 1697//1697 1699//1699 1695//1695
f 1696//1696 1700//1700 1698//1698
f 1696//1696 1699//1699 1700//1700
f 1487//1487 1701//1701 1488//1488
f 1488//1488 1701//1701 1595//1595
f 1702//1702 1489//1489 1595//1595
f 1702//1702 1492//1492 1489//1489
f 1703//1703 1492//1492 1702//1702
f 1703//1703 1599//1599 1492//1492
f 1704//1704 1494//1494 1602//1602
f 1704//1704 1598//1598 1494//1494
f 1603//1603 1598//1598 1704//1704
f 1334//1334 1605//1605 1496//1496
f 1705//1705 1599//1599 1703//1703
f 1705//1705 1600//1600 1599//1599
f 1705//1705 1495//1495 1600//1600
f 1706//1706 1495//1495 1705//1705
f 1706//1706 1601//1601 1495//1495
f 1707//1707 1602//1602 1601//1601
f 1704//1704 1602//1602 1707//1707
f 1708//1708 1601//1601 1706//1706
f 1708//1708 1707//1707 1601//1601
f 1606//1606 1603//1603 1704//1704
f 1605//1605 1498//1498 1709//1709
f 1710//1710 1704//1704 1707//1707
f 1607//1607 1606//1606 1704//1704
f 1498//1498 1711//1711 1709//1709
f 1607//1607 1704//1704 1710//1710
f 1498//1498 1422//1422 1711//1711
f 1422//1422 1712//1712 1711//1711
f 1710//1710 1608//1608 1607//1607
f 1713//1713 1608//1608 1710//1710
f 1422//1422 1423//1423 1712//1712
f 1713//1713 1609//1609 1608//1608
f 1423//1423 1501//1501 1714//1714
f 1715//1715 1609//1609 1716//1716
f 1502//1502 1609//1609 1715//1715
f 1502//1502 1715//1715 1610//1610
f 1611//1611 1501//1501 1342//1342
f 1715//1715 1612//1612 1610//1610
f 1427//1427 1717//1717 1611//1611
f 1612//1612 1718//1718 1504//1504
f 1613//1613 1717//1717 1427//1427
f 1504//1504 1718//1718 1614//1614
f 1507//1507 1616//1616 1719//1719
f 1508//1508 1720//1720 1617//1617
f 1507//1507 1719//1719 1721//1721
f 1509//1509 1720//1720 1508//1508
f 1507//1507 1721//1721 1618//1618
f 1722//1722 1618//1618 1721//1721
f 1618//1618 1722//1722 1620//1620
f 1723//1723 1621//1621 1620//1620
f 1724//1724 1619//1619 1512//1512
f 1621//1621 1723//1723 1622//1622
f 1512//1512 1623//1623 1724//1724
f 1514//1514 1622//1622 1725//1725
f 1514//1514 1725//1725 1625//1625
f 1627//1627 1726//1726 1515//1515
f 1518//1518 1727//1727 1627//1627
f 1728//1728 1438//1438 1626//1626
f 1519//1519 1727//1727 1518//1518
f 1438//1438 1728//1728 1628//1628
f 1520//1520 1727//1727 1519//1519
f 1441//1441 1729//1729 1520//1520
f 1631//1631 1729//1729 1441//1441
f 1730//1730 1631//1631 1442//1442
f 1442//1442 1731//1731 1730//1730
f 1521//1521 1731//1731 1442//1442
f 1521//1521 1732//1732 1731//1731
f 1521//1521 1634//1634 1732//1732
f 1733//1733 1635//1635 1633//1633
f 1523//1523 1734//1734 1634//1634
f 1523//1523 1637//1637 1734//1734
f 1524//1524 1735//1735 1637//1637
f 1638//1638 1736//1736 1447//1447
f 1525//1525 1735//1735 1524//1524
f 1447//1447 1736//1736 1526//1526
f 1644//1644 1530//1530 1529//1529
f 1737//1737 1455//1455 1644//1644
f 1737//1737 1375//1375 1455//1455
f 1646//1646 1375//1375 1737//1737
f 1531//1531 1738//1738 1645//1645
f 1531//1531 1739//1739 1738//1738
f 1739//1739 1531//1531 1533//1533
f 1740//1740 1647//1647 1532//1532
f 1459//1459 1649//1649 1534//1534
f 1741//1741 1536//1536 1535//1535
f 1742//1742 1537//1537 1536//1536
f 1742//1742 1650//1650 1537//1537
f 1538//1538 1743//1743 1651//1651
f 1653//1653 1744//1744 1743//1743
f 1743//1743 1538//1538 1653//1653
f 1744//1744 1653//1653 1654//1654
f 1652//1652 1745//1745 1541//1541
f 1656//1656 1541//1541 1745//1745
f 1657//1657 1746//1746 1654//1654
f 1747//1747 1658//1658 1543//1543
f 1543//1543 1748//1748 1747//1747
f 1543//1543 1655//1655 1748//1748
f 1657//1657 1749//1749 1746//1746
f 1657//1657 1549//1549 1749//1749
f 1750//1750 1548//1548 1658//1658
f 1658//1658 1747//1747 1750//1750
f 1749//1749 1549//1549 1553//1553
f 1548//1548 1750//1750 1550//1550
f 1751//1751 1749//1749 1553//1553
f 1550//1550 1752//1752 1551//1551
f 1554//1554 1753//1753 1751//1751
f 1751//1751 1553//1553 1554//1554
f 1551//1551 1754//1754 1659//1659
f 1551//1551 1752//1752 1754//1754
f 1554//1554 1755//1755 1753//1753
f 1554//1554 1660//1660 1755//1755
f 1660//1660 1402//1402 1755//1755
f 1555//1555 1756//1756 1478//1478
f 1659//1659 1756//1756 1555//1555
f 1755//1755 1402//1402 1661//1661
f 1661//1661 1401//1401 1757//1757
f 1401//1401 1663//1663 1757//1757
f 1662//1662 1758//1758 1556//1556
f 1479//1479 1759//1759 1663//1663
f 1482//1482 1759//1759 1479//1479
f 1760//1760 1556//1556 1758//1758
f 1561//1561 1669//1669 1759//1759
f 1482//1482 1561//1561 1759//1759
f 1557//1557 1761//1761 1558//1558
f 1760//1760 1667//1667 1556//1556
f 1666//1666 1762//1762 1665//1665
f 1763//1763 1667//1667 1760//1760
f 1669//1669 1561//1561 1563//1563
f 1761//1761 1669//1669 1558//1558
f 1560//1560 1764//1764 1668//1668
f 1667//1667 1764//1764 1560//1560
f 1667//1667 1765//1765 1764//1764
f 1667//1667 1763//1763 1765//1765
f 1666//1666 1766//1766 1767//1767
f 1766//1766 1666//1666 1670//1670
f 1766//1766 1768//1768 1767//1767
f 1769//1769 1766//1766 1670//1670
f 1668//1668 1769//1769 1670//1670
f 1770//1770 1771//1771 1772//1772
f 1770//1770 1773//1773 1771//1771
f 1671//1671 1774//1774 1772//1772
f 1771//1771 1671//1671 1772//1772
f 1774//1774 1671//1671 1676//1676
f 1671//1671 1771//1771 1674//1674
f 1773//1773 1674//1674 1771//1771
f 1773//1773 1775//1775 1674//1674
f 1673//1673 1676//1676 1671//1671
f 1775//1775 1675//1675 1674//1674
f 1776//1776 1565//1565 1679//1679
f 1565//1565 1776//1776 1676//1676
f 1675//1675 1777//1777 1678//1678
f 1569//1569 1778//1778 1680//1680
f 1777//1777 1682//1682 1678//1678
f 1575//1575 1779//1779 1778//1778
f 1575//1575 1778//1778 1569//1569
f 1682//1682 1780//1780 1683//1683
f 1685//1685 1781//1781 1779//1779
f 1685//1685 1779//1779 1575//1575
f 1780//1780 1684//1684 1683//1683
f 1685//1685 1782//1782 1781//1781
f 1686//1686 1783//1783 1782//1782
f 1782//1782 1685//1685 1686//1686
f 1684//1684 1687//1687 1576//1576
f 1688//1688 1687//1687 1784//1784
f 1691//1691 1785//1785 1690//1690
f 1587//1587 1689//1689 1786//1786
f 1691//1691 1693//1693 1785//1785
f 1787//1787 1692//1692 1587//1587
f 1587//1587 1786//1786 1787//1787
f 1692//1692 1788//1788 1592//1592
f 1787//1787 1788//1788 1692//1692
f 1694//1694 1789//1789 1693//1693
f 1592//1592 1788//1788 1790//1790
f 1694//1694 1698//1698 1789//1789
f 1592//1592 1791//1791 1697//1697
f 1592//1592 1790//1790 1791//1791
f 1698//1698 1792//1792 1789//1789
f 1699//1699 1697//1697 1793//1793
f 1791//1791 1793//1793 1697//1697
f 1698//1698 1794//1794 1792//1792
f 1794//1794 1698//1698 1700//1700
f 1795//1795 1699//1699 1793//1793
f 1699//1699 1795//1795 1700//1700
f 1700//1700 1796//1796 1794//1794
f 1700//1700 1795//1795 1796//1796
f 1794//1794 1797//1797 1798//1798
f 1796//1796 1797//1797 1794//1794
f 1797//1797 1799//1799 1800//1800
f 1593//1593 1491//1491 1801//1801
f 1802//1802 1593//1593 1801//1801
f 1594//1594 1593//1593 1802//1802
f 1803//1803 1594//1594 1802//1802
f 1487//1487 1594//1594 1803//1803
f 1701//1701 1487//1487 1803//1803
f 1491//1491 1597//1597 1804//1804
f 1805//1805 1595//1595 1701//1701
f 1805//1805 1702//1702 1595//1595
f 1806//1806 1597//1597 1496//1496
f 1605//1605 1807//1807 1496//1496
f 1807//1807 1605//1605 1709//1709
f 1808//1808 1703//1703 1702//1702
f 1809//1809 1705//1705 1703//1703
f 1809//1809 1706//1706 1705//1705
f 1810//1810 1703//1703 1808//1808
f 1811//1811 1703//1703 1810//1810
f 1811//1811 1809//1809 1703//1703
f 1809//1809 1708//1708 1706//1706
f 1710//1710 1707//1707 1708//1708
f 1812//1812 1809//1809 1813//1813
f 1812//1812 1708//1708 1809//1809
f 1814//1814 1708//1708 1812//1812
f 1814//1814 1710//1710 1708//1708
f 1713//1713 1710//1710 1814//1814
f 1423//1423 1714//1714 1712//1712
f 1815//1815 1812//1812 1813//1813
f 1716//1716 1812//1812 1815//1815
f 1716//1716 1814//1814 1812//1812
f 1609//1609 1814//1814 1716//1716
f 1713//1713 1814//1814 1609//1609
f 1501//1501 1816//1816 1714//1714
f 1817//1817 1716//1716 1815//1815
f 1715//1715 1716//1716 1817//1817
f 1818//1818 1715//1715 1817//1817
f 1819//1819 1816//1816 1501//1501
f 1611//1611 1819//1819 1501//1501
f 1715//1715 1818//1818 1612//1612
f 1611//1611 1820//1820 1819//1819
f 1821//1821 1612//1612 1818//1818
f 1821//1821 1718//1718 1612//1612
f 1822//1822 1718//1718 1821//1821
f 1718//1718 1822//1822 1614//1614
f 1823//1823 1616//1616 1505//1505
f 1506//1506 1824//1824 1615//1615
f 1506//1506 1825//1825 1824//1824
f 1616//1616 1823//1823 1719//1719
f 1617//1617 1825//1825 1506//1506
f 1720//1720 1825//1825 1617//1617
f 1721//1721 1719//1719 1826//1826
f 1827//1827 1721//1721 1826//1826
f 1721//1721 1827//1827 1722//1722
f 1828//1828 1509//1509 1619//1619
f 1829//1829 1620//1620 1722//1722
f 1619//1619 1724//1724 1828//1828
f 1620//1620 1829//1829 1723//1723
f 1622//1622 1723//1723 1830//1830
f 1831//1831 1622//1622 1830//1830
f 1832//1832 1724//1724 1623//1623
f 1622//1622 1831//1831 1725//1725
f 1623//1623 1624//1624 1832//1832
f 1833//1833 1625//1625 1725//1725
f 1515//1515 1834//1834 1624//1624
f 1625//1625 1833//1833 1516//1516
f 1835//1835 1516//1516 1833//1833
f 1726//1726 1834//1834 1515//1515
f 1516//1516 1835//1835 1626//1626
f 1836//1836 1626//1626 1835//1835
f 1627//1627 1837//1837 1726//1726
f 1727//1727 1837//1837 1627//1627
f 1728//1728 1626//1626 1838//1838
f 1839//1839 1629//1629 1628//1628
f 1839//1839 1630//1630 1629//1629
f 1840//1840 1630//1630 1839//1839
f 1631//1631 1841//1841 1729//1729
f 1630//1630 1840//1840 1842//1842
f 1631//1631 1730//1730 1841//1841
f 1630//1630 1842//1842 1632//1632
f 1632//1632 1842//1842 1843//1843
f 1632//1632 1843//1843 1633//1633
f 1844//1844 1635//1635 1733//1733
f 1844//1844 1636//1636 1635//1635
f 1637//1637 1845//1845 1734//1734
f 1638//1638 1636//1636 1844//1844
f 1735//1735 1845//1845 1637//1637
f 1846//1846 1736//1736 1638//1638
f 1847//1847 1736//1736 1846//1846
f 1525//1525 1848//1848 1735//1735
f 1526//1526 1736//1736 1847//1847
f 1526//1526 1847//1847 1849//1849
f 1525//1525 1639//1639 1848//1848
f 1526//1526 1849//1849 1640//1640
f 1850//1850 1640//1640 1849//1849
f 1639//1639 1641//1641 1851//1851
f 1642//1642 1640//1640 1850//1850
f 1852//1852 1739//1739 1533//1533
f 1853//1853 1532//1532 1646//1646
f 1853//1853 1740//1740 1532//1532
f 1533//1533 1854//1854 1852//1852
f 1854//1854 1533//1533 1534//1534
f 1740//1740 1855//1855 1647//1647
f 1534//1534 1856//1856 1854//1854
f 1855//1855 1535//1535 1647//1647
f 1855//1855 1741//1741 1535//1535
f 1856//1856 1534//1534 1649//1649
f 1648//1648 1857//1857 1649//1649
f 1741//1741 1858//1858 1536//1536
f 1858//1858 1742//1742 1536//1536
f 1651//1651 1857//1857 1648//1648
f 1650//1650 1859//1859 1539//1539
f 1859//1859 1652//1652 1539//1539
f 1746//1746 1744//1744 1654//1654
f 1860//1860 1655//1655 1656//1656
f 1749//1749 1861//1861 1746//1746
f 1655//1655 1860//1860 1748//1748
f 1861//1861 1749//1749 1751//1751
f 1750//1750 1862//1862 1550//1550
f 1550//1550 1862//1862 1752//1752
f 1751//1751 1753//1753 1861//1861
f 1752//1752 1863//1863 1754//1754
f 1864//1864 1659//1659 1754//1754
f 1754//1754 1863//1863 1864//1864
f 1756//1756 1865//1865 1478//1478
f 1662//1662 1478//1478 1866//1866
f 1866//1866 1478//1478 1865//1865
f 1663//1663 1867//1867 1757//1757
f 1866//1866 1758//1758 1662//1662
f 1663//1663 1759//1759 1867//1867
f 1866//1866 1868//1868 1758//1758
f 1758//1758 1868//1868 1760//1760
f 1557//1557 1869//1869 1761//1761
f 1664//1664 1869//1869 1557//1557
f 1665//1665 1869//1869 1664//1664
f 1868//1868 1870//1870 1760//1760
f 1762//1762 1869//1869 1665//1665
f 1760//1760 1870//1870 1763//1763
f 1666//1666 1767//1767 1762//1762
f 1763//1763 1871//1871 1765//1765
f 1872//1872 1769//1769 1668//1668
f 1764//1764 1872//1872 1668//1668
f 1768//1768 1766//1766 1873//1873
f 1766//1766 1769//1769 1873//1873
f 1874//1874 1770//1770 1875//1875
f 1876//1876 1770//1770 1874//1874
f 1876//1876 1877//1877 1770//1770
f 1875//1875 1772//1772 1878//1878
f 1875//1875 1770//1770 1772//1772
f 1772//1772 1774//1774 1878//1878
f 1877//1877 1879//1879 1770//1770
f 1879//1879 1773//1773 1770//1770
f 1676//1676 1880//1880 1881//1881
f 1676//1676 1881//1881 1774//1774
f 1882//1882 1775//1775 1773//1773
f 1882//1882 1773//1773 1879//1879
f 1880//1880 1676//1676 1776//1776
f 1675//1675 1775//1775 1883//1883
f 1883//1883 1775//1775 1882//1882
f 1679//1679 1884//1884 1885//1885
f 1776//1776 1679//1679 1885//1885
f 1778//1778 1884//1884 1680//1680
f 1679//1679 1680//1680 1884//1884
f 1777//1777 1675//1675 1886//1886
f 1886//1886 1675//1675 1883//1883
f 1682//1682 1777//1777 1887//1887
f 1887//1887 1777//1777 1886//1886
f 1780//1780 1682//1682 1887//1887
f 1781//1781 1782//1782 1888//1888
f 1888//1888 1782//1782 1783//1783
f 1889//1889 1684//1684 1780//1780
f 1684//1684 1889//1889 1687//1687
f 1686//1686 1890//1890 1783//1783
f 1890//1890 1686//1686 1891//1891
f 1891//1891 1686//1686 1690//1690
f 1785//1785 1891//1891 1690//1690
f 1892//1892 1689//1689 1688//1688
f 1784//1784 1892//1892 1688//1688
f 1892//1892 1786//1786 1689//1689
f 1693//1693 1893//1893 1785//1785
f 1789//1789 1893//1893 1693//1693
f 1788//1788 1787//1787 1894//1894
f 1894//1894 1790//1790 1788//1788
f 1792//1792 1895//1895 1789//1789
f 1894//1894 1791//1791 1790//1790
f 1792//1792 1896//1896 1895//1895
f 1794//1794 1896//1896 1792//1792
f 1794//1794 1897//1897 1896//1896
f 1794//1794 1798//1798 1897//1897
f 1898//1898 1796//1796 1795//1795
f 1798//1798 1899//1899 1897//1897
f 1899//1899 1798//1798 1797//1797
f 1898//1898 1797//1797 1796//1796
f 1797//1797 1898//1898 1799//1799
f 1797//1797 1900//1900 1899//1899
f 1797//1797 1800//1800 1900//1900
f 1799//1799 1807//1807 1800//1800
f 1491//1491 1804//1804 1801//1801
f 1901//1901 1701//1701 1803//1803
f 1701//1701 1901//1901 1805//1805
f 1800//1800 1902//1902 1900//1900
f 1806//1806 1496//1496 1807//1807
f 1597//1597 1806//1806 1804//1804
f 1807//1807 1902//1902 1800//1800
f 1903//1903 1702//1702 1805//1805
f 1807//1807 1709//1709 1902//1902
f 1903//1903 1808//1808 1702//1702
f 1709//1709 1904//1904 1902//1902
f 1904//1904 1709//1709 1711//1711
f 1904//1904 1711//1711 1712//1712
f 1811//1811 1813//1813 1809//1809
f 1905//1905 1712//1712 1714//1714
f 1906//1906 1813//1813 1811//1811
f 1815//1815 1813//1813 1906//1906
f 1817//1817 1815//1815 1906//1906
f 1907//1907 1817//1817 1906//1906
f 1818//1818 1817//1817 1907//1907
f 1908//1908 1818//1818 1907//1907
f 1821//1821 1818//1818 1908//1908
f 1717//1717 1820//1820 1611//1611
f 1717//1717 1909//1909 1820//1820
f 1613//1613 1909//1909 1717//1717
f 1910//1910 1614//1614 1822//1822
f 1613//1613 1911//1911 1909//1909
f 1615//1615 1911//1911 1613//1613
f 1505//1505 1614//1614 1910//1910
f 1911//1911 1615//1615 1824//1824
f 1505//1505 1910//1910 1823//1823
f 1912//1912 1719//1719 1823//1823
f 1826//1826 1719//1719 1912//1912
f 1826//1826 1913//1913 1827//1827
f 1914//1914 1720//1720 1509//1509
f 1915//1915 1722//1722 1827//1827
f 1509//1509 1828//1828 1914//1914
f 1722//1722 1915//1915 1829//1829
f 1723//1723 1829//1829 1830//1830
f 1916//1916 1725//1725 1831//1831
f 1832//1832 1624//1624 1917//1917
f 1725//1725 1916//1916 1833//1833
f 1834//1834 1917//1917 1624//1624
f 1834//1834 1726//1726 1918//1918
f 1837//1837 1918//1918 1726//1726
f 1838//1838 1626//1626 1836//1836
f 1919//1919 1728//1728 1838//1838
f 1837//1837 1727//1727 1920//1920
f 1921//1921 1728//1728 1919//1919
f 1921//1921 1628//1628 1728//1728
f 1520//1520 1920//1920 1727//1727
f 1839//1839 1628//1628 1921//1921
f 1520//1520 1729//1729 1920//1920
f 1730//1730 1922//1922 1841//1841
f 1730//1730 1731//1731 1922//1922
f 1923//1923 1633//1633 1843//1843
f 1732//1732 1924//1924 1731//1731
f 1925//1925 1633//1633 1923//1923
f 1634//1634 1924//1924 1732//1732
f 1733//1733 1633//1633 1925//1925
f 1634//1634 1926//1926 1924//1924
f 1734//1734 1926//1926 1634//1634
f 1734//1734 1845//1845 1926//1926
f 1638//1638 1844//1844 1927//1927
f 1735//1735 1928//1928 1845//1845
f 1638//1638 1927//1927 1846//1846
f 1735//1735 1848//1848 1928//1928
f 1929//1929 1847//1847 1846//1846
f 1849//1849 1847//1847 1929//1929
f 1639//1639 1851//1851 1848//1848
f 1641//1641 1930//1930 1851//1851
f 1931//1931 1642//1642 1850//1850
f 1641//1641 1932//1932 1930//1930
f 1933//1933 1642//1642 1931//1931
f 1933//1933 1529//1529 1642//1642
f 1641//1641 1643//1643 1932//1932
f 1933//1933 1644//1644 1529//1529
f 1934//1934 1644//1644 1933//1933
f 1935//1935 1643//1643 1645//1645
f 1645//1645 1936//1936 1935//1935
f 1937//1937 1644//1644 1934//1934
f 1937//1937 1737//1737 1644//1644
f 1738//1738 1936//1936 1645//1645
f 1738//1738 1739//1739 1936//1936
f 1937//1937 1646//1646 1737//1737
f 1937//1937 1853//1853 1646//1646
f 1938//1938 1740//1740 1853//1853
f 1938//1938 1855//1855 1740//1740
f 1649//1649 1939//1939 1856//1856
f 1939//1939 1649//1649 1857//1857
f 1940//1940 1742//1742 1858//1858
f 1941//1941 1857//1857 1651//1651
f 1940//1940 1650//1650 1742//1742
f 1651//1651 1942//1942 1941//1941
f 1942//1942 1651//1651 1743//1743
f 1943//1943 1942//1942 1743//1743
f 1943//1943 1743//1743 1744//1744
f 1944//1944 1943//1943 1744//1744
f 1945//1945 1944//1944 1744//1744
f 1652//1652 1946//1946 1745//1745
f 1945//1945 1744//1744 1746//1746
f 1746//1746 1947//1947 1945//1945
f 1860//1860 1656//1656 1948//1948
f 1948//1948 1656//1656 1745//1745
f 1947//1947 1746//1746 1861//1861
f 1949//1949 1747//1747 1748//1748
f 1860//1860 1949//1949 1748//1748
f 1950//1950 1750//1750 1747//1747
f 1949//1949 1950//1950 1747//1747
f 1950//1950 1862//1862 1750//1750
f 1752//1752 1862//1862 1951//1951
f 1951//1951 1863//1863 1752//1752
f 1952//1952 1753//1753 1755//1755
f 1863//1863 1953//1953 1864//1864
f 1954//1954 1952//1952 1661//1661
f 1755//1755 1661//1661 1952//1952
f 1756//1756 1659//1659 1955//1955
f 1864//1864 1955//1955 1659//1659
f 1757//1757 1954//1954 1661//1661
f 1867//1867 1954//1954 1757//1757
f 1867//1867 1759//1759 1956//1956
f 1759//1759 1957//1957 1956//1956
f 1759//1759 1669//1669 1957//1957
f 1957//1957 1669//1669 1761//1761
f 1957//1957 1761//1761 1869//1869
f 1870//1870 1958//1958 1763//1763
f 1762//1762 1959//1959 1869//1869
f 1958//1958 1871//1871 1763//1763
f 1767//1767 1959//1959 1762//1762
f 1958//1958 1960//1960 1871//1871
f 1767//1767 1961//1961 1959//1959
f 1764//1764 1962//1962 1872//1872
f 1765//1765 1962//1962 1764//1764
f 1765//1765 1963//1963 1962//1962
f 1871//1871 1963//1963 1765//1765
f 1768//1768 1961//1961 1767//1767
f 1960//1960 1964//1964 1871//1871
f 1768//1768 1965//1965 1961//1961
f 1871//1871 1966//1966 1963//1963
f 1871//1871 1964//1964 1966//1966
f 1967//1967 1968//1968 1875//1875
f 1969//1969 1875//1875 1968//1968
f 1969//1969 1874//1874 1875//1875
f 1969//1969 1876//1876 1874//1874
f 1970//1970 1876//1876 1969//1969
f 1971//1971 1876//1876 1970//1970
f 1875//1875 1878//1878 1967//1967
f 1971//1971 1877//1877 1876//1876
f 1774//1774 1881//1881 1972//1972
f 1878//1878 1774//1774 1972//1972
f 1877//1877 1971//1971 1879//1879
f 1776//1776 1885//1885 1973//1973
f 1880//1880 1776//1776 1973//1973
f 1974//1974 1884//1884 1778//1778
f 1975//1975 1779//1779 1781//1781
f 1780//1780 1887//1887 1976//1976
f 1781//1781 1888//1888 1975//1975
f 1976//1976 1889//1889 1780//1780
f 1687//1687 1977//1977 1784//1784
f 1889//1889 1977//1977 1687//1687
f 1785//1785 1978//1978 1891//1891
f 1978//1978 1785//1785 1893//1893
f 1786//1786 1979//1979 1787//1787
f 1892//1892 1979//1979 1786//1786
f 1894//1894 1787//1787 1980//1980
f 1787//1787 1979//1979 1980//1980
f 1893//1893 1789//1789 1895//1895
f 1981//1981 1795//1795 1793//1793
f 1982//1982 1897//1897 1899//1899
f 1898//1898 1983//1983 1799//1799
f 1982//1982 1899//1899 1900//1900
f 1984//1984 1799//1799 1983//1983
f 1900//1900 1985//1985 1982//1982
f 1807//1807 1799//1799 1984//1984
f 1986//1986 1804//1804 1987//1987
f 1801//1801 1804//1804 1986//1986
f 1988//1988 1801//1801 1986//1986
f 1989//1989 1801//1801 1988//1988
f 1802//1802 1801//1801 1989//1989
f 1990//1990 1802//1802 1989//1989
f 1803//1803 1802//1802 1990//1990
f 1900//1900 1991//1991 1985//1985
f 1991//1991 1900//1900 1902//1902
f 1806//1806 1807//1807 1984//1984
f 1804//1804 1806//1806 1987//1987
f 1992//1992 1805//1805 1901//1901
f 1805//1805 1992//1992 1903//1903
f 1902//1902 1993//1993 1991//1991
f 1902//1902 1904//1904 1993//1993
f 1994//1994 1808//1808 1903//1903
f 1904//1904 1995//1995 1993//1993
f 1904//1904 1712//1712 1995//1995
f 1994//1994 1810//1810 1808//1808
f 1712//1712 1905//1905 1995//1995
f 1994//1994 1996//1996 1810//1810
f 1996//1996 1811//1811 1810//1810
f 1714//1714 1997//1997 1905//1905
f 1906//1906 1811//1811 1996//1996
f 1816//1816 1997//1997 1714//1714
f 1816//1816 1998//1998 1997//1997
f 1907//1907 1906//1906 1999//1999
f 1998//1998 1816//1816 1819//1819
f 1999//1999 1908//1908 1907//1907
f 1819//1819 1820//1820 2000//2000
f 2001//2001 1822//1822 1821//1821
f 1910//1910 1822//1822 2001//2001
f 1823//1823 1910//1910 2002//2002
f 1912//1912 1823//1823 2002//2002
f 1913//1913 1826//1826 1912//1912
f 1720//1720 2003//2003 1825//1825
f 2004//2004 1827//1827 1913//1913
f 1720//1720 1914//1914 2003//2003
f 1827//1827 2004//2004 1915//1915
f 1914//1914 1828//1828 2005//2005
f 2006//2006 1829//1829 1915//1915
f 2006//2006 1830//1830 1829//1829
f 2007//2007 1830//1830 2006//2006
f 1724//1724 1832//1832 2008//2008
f 1830//1830 2007//2007 1831//1831
f 2009//2009 1831//1831 2007//2007
f 1831//1831 2009//2009 1916//1916
f 1834//1834 2010//2010 1917//1917
f 1834//1834 1918//1918 2010//2010
f 2011//2011 1838//1838 1836//1836
f 1837//1837 1920//1920 2012//2012
f 1919//1919 1838//1838 2011//2011
f 2013//2013 1839//1839 1921//1921
f 1840//1840 1839//1839 2013//2013
f 2014//2014 1729//1729 1841//1841
f 2015//2015 1842//1842 1840//1840
f 1841//1841 1922//1922 2014//2014
f 1923//1923 1842//1842 2015//2015
f 1923//1923 1843//1843 1842//1842
f 2016//2016 1733//1733 1925//1925
f 2016//2016 1844//1844 1733//1733
f 2017//2017 1844//1844 2016//2016
f 1927//1927 1844//1844 2017//2017
f 1848//1848 1851//1851 2018//2018
f 1850//1850 1849//1849 1929//1929
f 1643//1643 2019//2019 1932//1932
f 1935//1935 2019//2019 1643//1643
f 2020//2020 1739//1739 1852//1852
f 1854//1854 2020//2020 1852//1852
f 1854//1854 2021//2021 2020//2020
f 2021//2021 1854//1854 1856//1856
f 1857//1857 2022//2022 1939//1939
f 1857//1857 1941//1941 2022//2022
f 1940//1940 2023//2023 1650//1650
f 2023//2023 1859//1859 1650//1650
f 1652//1652 1859//1859 2024//2024
f 2024//2024 1946//1946 1652//1652
f 2025//2025 1745//1745 1946//1946
f 1745//1745 2025//2025 1948//1948
f 2026//2026 1947//1947 1861//1861
f 2027//2027 1860//1860 1948//1948
f 2028//2028 2026//2026 1861//1861
f 1949//1949 1860//1860 2027//2027
f 1862//1862 1950//1950 2029//2029
f 1861//1861 2030//2030 2028//2028
f 1753//1753 2030//2030 1861//1861
f 1862//1862 2029//2029 1951//1951
f 2030//2030 1753//1753 1952//1952
f 2031//2031 1863//1863 1951//1951
f 2031//2031 1953//1953 1863//1863
f 1955//1955 1864//1864 1953//1953
f 2032//2032 1865//1865 1756//1756
f 1955//1955 2032//2032 1756//1756
f 2033//2033 1865//1865 2032//2032
f 2033//2033 1866//1866 1865//1865
f 2034//2034 1866//1866 2033//2033
f 1868//1868 1866//1866 2034//2034
f 1868//1868 2034//2034 2035//2035
f 2036//2036 1870//1870 2037//2037
f 2037//2037 1870//1870 1868//1868
f 2038//2038 1868//1868 2035//2035
f 1869//1869 2039//2039 1957//1957
f 1958//1958 1870//1870 2036//2036
f 1869//1869 2040//2040 2039//2039
f 1959//1959 2040//2040 1869//1869
f 1958//1958 2036//2036 1960//1960
f 2041//2041 1873//1873 1769//1769
f 2041//2041 1768//1768 1873//1873
f 2042//2042 2041//2041 1769//1769
f 2042//2042 1769//1769 1872//1872
f 1872//1872 1962//1962 2042//2042
f 1768//1768 2041//2041 1965//1965
f 1963//1963 2043//2043 1962//1962
f 1963//1963 2044//2044 2043//2043
f 1966//1966 2044//2044 1963//1963
f 1964//1964 2045//2045 1966//1966
f 1966//1966 2046//2046 2044//2044
f 1966//1966 2047//2047 2046//2046
f 2045//2045 2047//2047 1966//1966
f 2047//2047 2048//2048 2046//2046
f 2048//2048 2049//2049 2046//2046
f 1968//1968 2050//2050 1969//1969
f 1970//1970 1969//1969 2050//2050
f 1967//1967 1878//1878 2051//2051
f 1878//1878 1972//1972 2051//2051
f 2052//2052 1879//1879 1971//1971
f 2053//2053 1879//1879 2052//2052
f 2054//2054 1880//1880 1973//1973
f 1881//1881 1880//1880 2054//2054
f 1882//1882 1879//1879 2053//2053
f 1973//1973 1885//1885 2055//2055
f 1884//1884 1974//1974 2056//2056
f 1885//1885 1884//1884 2056//2056
f 2057//2057 1883//1883 1882//1882
f 2057//2057 2058//2058 1883//1883
f 2059//2059 1974//1974 1778//1778
f 1886//1886 1883//1883 2058//2058
f 1975//1975 2059//2059 1779//1779
f 1778//1778 1779//1779 2059//2059
f 1887//1887 1886//1886 2060//2060
f 2060//2060 1886//1886 2058//2058
f 1976//1976 1887//1887 2060//2060
f 1888//1888 1783//1783 2061//2061
f 2062//2062 1889//1889 1976//1976
f 2061//2061 1783//1783 1890//1890
f 2062//2062 2063//2063 1889//1889
f 1889//1889 2063//2063 1977//1977
f 1977//1977 2064//2064 1784//1784
f 2063//2063 2064//2064 1977//1977
f 2064//2064 1892//1892 1784//1784
f 2065//2065 1978//1978 1893//1893
f 2066//2066 1893//1893 1895//1895
f 1894//1894 2067//2067 1791//1791
f 2068//2068 1791//1791 2067//2067
f 1896//1896 2069//2069 1895//1895
f 1791//1791 2068//2068 1793//1793
f 2068//2068 2070//2070 1793//1793
f 1897//1897 2069//2069 1896//1896
f 2070//2070 1981//1981 1793//1793
f 1897//1897 2071//2071 2069//2069
f 2072//2072 1795//1795 1981//1981
f 2072//2072 1898//1898 1795//1795
f 2071//2071 1897//1897 1982//1982
f 1806//1806 1984//1984 2073//2073
f 1987//1987 1806//1806 2073//2073
f 2074//2074 1803//1803 1990//1990
f 1901//1901 1803//1803 2074//2074
f 2075//2075 1903//1903 1992//1992
f 1991//1991 1993//1993 1995//1995
f 1994//1994 1903//1903 2075//2075
f 1995//1995 1905//1905 1997//1997
f 2076//2076 1906//1906 1996//1996
f 1999//1999 1906//1906 2076//2076
f 1819//1819 2000//2000 1998//1998
f 2077//2077 1821//1821 1908//1908
f 1820//1820 2078//2078 2000//2000
f 2001//2001 1821//1821 2077//2077
f 1820//1820 1909//1909 2078//2078
f 1824//1824 2079//2079 1911//1911
f 2080//2080 1912//1912 2002//2002
f 1824//1824 2081//2081 2079//2079
f 1825//1825 2081//2081 1824//1824
f 1912//1912 2080//2080 1913//1913
f 2003//2003 2081//2081 1825//1825
f 2004//2004 1913//1913 2082//2082
f 2083//2083 2004//2004 2082//2082
f 1914//1914 2005//2005 2003//2003
f 1915//1915 2004//2004 2083//2083
f 2005//2005 1828//1828 2084//2084
f 2006//2006 1915//1915 2083//2083
f 1828//1828 2008//2008 2084//2084
f 1724//1724 2008//2008 1828//1828
f 1832//1832 2085//2085 2008//2008
f 2086//2086 1916//1916 2009//2009
f 1832//1832 2087//2087 2085//2085
f 1917//1917 2087//2087 1832//1832
f 2086//2086 1833//1833 1916//1916
f 2088//2088 1833//1833 2086//2086
f 1835//1835 1833//1833 2088//2088
f 2010//2010 2087//2087 1917//1917
f 2089//2089 1835//1835 2088//2088
f 1918//1918 2090//2090 2010//2010
f 1836//1836 1835//1835 2089//2089
f 1837//1837 2090//2090 1918//1918
f 2011//2011 1836//1836 2089//2089
f 2090//2090 1837//1837 2012//2012
f 1919//1919 2011//2011 2091//2091
f 1921//1921 1919//1919 2091//2091
f 1920//1920 1729//1729 2092//2092
f 2015//2015 1840//1840 2013//2013
f 2093//2093 2014//2014 1922//1922
f 1922//1922 2094//2094 2093//2093
f 1731//1731 2094//2094 1922//1922
f 1924//1924 2094//2094 1731//1731
f 1924//1924 2095//2095 2094//2094
f 2096//2096 1925//1925 1923//1923
f 2097//2097 1925//1925 2096//2096
f 2095//2095 1924//1924 1926//1926
f 2097//2097 2016//2016 1925//1925
f 1845//1845 2098//2098 1926//1926
f 1845//1845 1928//1928 2098//2098
f 1846//1846 1927//1927 2099//2099
f 2100//2100 1846//1846 2099//2099
f 1848//1848 2018//2018 1928//1928
f 2100//2100 1929//1929 1846//1846
f 1851//1851 2101//2101 2018//2018
f 2102//2102 1850//1850 1929//1929
f 1851//1851 1930//1930 2101//2101
f 2103//2103 1850//1850 2102//2102
f 2103//2103 1931//1931 1850//1850
f 1932//1932 2104//2104 1930//1930
f 2103//2103 1933//1933 1931//1931
f 2105//2105 1933//1933 2103//2103
f 1932//1932 2019//2019 2104//2104
f 1935//1935 2106//2106 2019//2019
f 2105//2105 1934//1934 1933//1933
f 1935//1935 2107//2107 2106//2106
f 2108//2108 1934//1934 2105//2105
f 1936//1936 2107//2107 1935//1935
f 2108//2108 1937//1937 1934//1934
f 1739//1739 2109//2109 1936//1936
f 2109//2109 1739//1739 2020//2020
f 2110//2110 1853//1853 1937//1937
f 2110//2110 1938//1938 1853//1853
f 2111//2111 1855//1855 1938//1938
f 1856//1856 2112//2112 2021//2021
f 1855//1855 2111//2111 2113//2113
f 2112//2112 1856//1856 1939//1939
f 2113//2113 1741//1741 1855//1855
f 2113//2113 2114//2114 1741//1741
f 2114//2114 1858//1858 1741//1741
f 2115//2115 1858//1858 2114//2114
f 2115//2115 1940//1940 1858//1858
f 1940//1940 2115//2115 2116//2116
f 2116//2116 2023//2023 1940//1940
f 2023//2023 2117//2117 1859//1859
f 1859//1859 2117//2117 2024//2024
f 2118//2118 1945//1945 1947//1947
f 2118//2118 1947//1947 2026//2026
f 1948//1948 2025//2025 2027//2027
f 2119//2119 1950//1950 1949//1949
f 2119//2119 2029//2029 1950//1950
f 2029//2029 2120//2120 1951//1951
f 1952//1952 2121//2121 2030//2030
f 2031//2031 1951//1951 2122//2122
f 2122//2122 1951//1951 2120//2120
f 1954//1954 2121//2121 1952//1952
f 1954//1954 2123//2123 2121//2121
f 2124//2124 1953//1953 2031//2031
f 2122//2122 2124//2124 2031//2031
f 2032//2032 1955//1955 2125//2125
f 1955//1955 1953//1953 2126//2126
f 2126//2126 1953//1953 2124//2124
f 1954//1954 2127//2127 2123//2123
f 1867//1867 2127//2127 1954//1954
f 1867//1867 2128//2128 2127//2127
f 1956//1956 2128//2128 1867//1867
f 1868//1868 2038//2038 2037//2037
f 2128//2128 1956//1956 1957//1957
f 2129//2129 2035//2035 2034//2034
f 2038//2038 2035//2035 2130//2130
f 2129//2129 2131//2131 2035//2035
f 1960//1960 2036//2036 2132//2132
f 2035//2035 2131//2131 2130//2130
f 2133//2133 2134//2134 1959//1959
f 2133//2133 1959//1959 1961//1961
f 2135//2135 2133//2133 1961//1961
f 2042//2042 2136//2136 2041//2041
f 2042//2042 2137//2137 2136//2136
f 1962//1962 2137//2137 2042//2042
f 1961//1961 1965//1965 2135//2135
f 2138//2138 1965//1965 2041//2041
f 2136//2136 2138//2138 2041//2041
f 1962//1962 2043//2043 2137//2137
f 2135//2135 1965//1965 2138//2138
f 2043//2043 2139//2139 2137//2137
f 2043//2043 2140//2140 2139//2139
f 2044//2044 2140//2140 2043//2043
f 2044//2044 2141//2141 2140//2140
f 2141//2141 2044//2044 2046//2046
f 2047//2047 2045//2045 2142//2142
f 2046//2046 2049//2049 2141//2141
f 2047//2047 2143//2143 2048//2048
f 2142//2142 2143//2143 2047//2047
f 2144//2144 2141//2141 2049//2049
f 2049//2049 2048//2048 2144//2144
f 2142//2142 2145//2145 2143//2143
f 2048//2048 2146//2146 2144//2144
f 2143//2143 2147//2147 2048//2048
f 2143//2143 2145//2145 2147//2147
f 2048//2048 2147//2147 2146//2146
f 2148//2148 2149//2149 2050//2050
f 2050//2050 2150//2150 1970//1970
f 1968//1968 1967//1967 2148//2148
f 2148//2148 2050//2050 1968//1968
f 2151//2151 1971//1971 1970//1970
f 2051//2051 1972//1972 2152//2152
f 1972//1972 2153//2153 2152//2152
f 2052//2052 1971//1971 2151//2151
f 1972//1972 1881//1881 2153//2153
f 1881//1881 2054//2054 2153//2153
f 2154//2154 1882//1882 2053//2053
f 1885//1885 2056//2056 2055//2055
f 2057//2057 1882//1882 2154//2154
f 2061//2061 2155//2155 1888//1888
f 1975//1975 1888//1888 2155//2155
f 1976//1976 2060//2060 2156//2156
f 2157//2157 2061//2061 1890//1890
f 1891//1891 2158//2158 2157//2157
f 2157//2157 1890//1890 1891//1891
f 1978//1978 2159//2159 2158//2158
f 2158//2158 1891//1891 1978//1978
f 2064//2064 2160//2160 1892//1892
f 2159//2159 1978//1978 2065//2065
f 1892//1892 2161//2161 1979//1979
f 1892//1892 2160//2160 2161//2161
f 1893//1893 2162//2162 2065//2065
f 2162//2162 1893//1893 2066//2066
f 1980//1980 2163//2163 1894//1894
f 1895//1895 2164//2164 2066//2066
f 1894//1894 2163//2163 2067//2067
f 2164//2164 1895//1895 2069//2069
f 2071//2071 2165//2165 2069//2069
f 1981//1981 2070//2070 2072//2072
f 2071//2071 2166//2166 2165//2165
f 1982//1982 2166//2166 2071//2071
f 2072//2072 2167//2167 1898//1898
f 2167//2167 1983//1983 1898//1898
f 2168//2168 1983//1983 2167//2167
f 2166//2166 1982//1982 2169//2169
f 2168//2168 1984//1984 1983//1983
f 1985//1985 2169//2169 1982//1982
f 2073//2073 1984//1984 2168//2168
f 1986//1986 1987//1987 2170//2170
f 1986//1986 2170//2170 1988//1988
f 2171//2171 1990//1990 1989//1989
f 2171//2171 2172//2172 1990//1990
f 1990//1990 2172//2172 2074//2074
f 2173//2173 1901//1901 2074//2074
f 1992//1992 1901//1901 2173//2173
f 1985//1985 1991//1991 2174//2174
f 1991//1991 2175//2175 2174//2174
f 1995//1995 2175//2175 1991//1991
f 1995//1995 2176//2176 2175//2175
f 1996//1996 1994//1994 2177//2177
f 1997//1997 2176//2176 1995//1995
f 1997//1997 2178//2178 2176//2176
f 2076//2076 1996//1996 2179//2179
f 1997//1997 2180//2180 2178//2178
f 1998//1998 2180//2180 1997//1997
f 1998//1998 2000//2000 2180//2180
f 2077//2077 1908//1908 2181//2181
f 2182//2182 1910//1910 2001//2001
f 2183//2183 1909//1909 1911//1911
f 1910//1910 2182//2182 2184//2184
f 2184//2184 2002//2002 1910//1910
f 1911//1911 2079//2079 2183//2183
f 2080//2080 2002//2002 2184//2184
f 2185//2185 1913//1913 2080//2080
f 1913//1913 2185//2185 2082//2082
f 2186//2186 2006//2006 2083//2083
f 2187//2187 2006//2006 2186//2186
f 2006//2006 2187//2187 2007//2007
f 2188//2188 2007//2007 2187//2187
f 2007//2007 2188//2188 2009//2009
f 2012//2012 2189//2189 2090//2090
f 1729//1729 2014//2014 2092//2092
f 2013//2013 2190//2190 2015//2015
f 2191//2191 1923//1923 2015//2015
f 2192//2192 1923//1923 2191//2191
f 2096//2096 1923//1923 2192//2192
f 2193//2193 2095//2095 1926//1926
f 1926//1926 2098//2098 2193//2193
f 2017//2017 2016//2016 2097//2097
f 2099//2099 1927//1927 2017//2017
f 1928//1928 2194//2194 2098//2098
f 1928//1928 2018//2018 2194//2194
f 2195//2195 1929//1929 2100//2100
f 2102//2102 1929//1929 2195//2195
f 1930//1930 2196//2196 2101//2101
f 1930//1930 2104//2104 2196//2196
f 2019//2019 2106//2106 2104//2104
f 2109//2109 2107//2107 1936//1936
f 2197//2197 1937//1937 2108//2108
f 1937//1937 2197//2197 2110//2110
f 2198//2198 2109//2109 2020//2020
f 2111//2111 1938//1938 2110//2110
f 2020//2020 2021//2021 2199//2199
f 1939//1939 2200//2200 2112//2112
f 2200//2200 1939//1939 2022//2022
f 2022//2022 2201//2201 2200//2200
f 2201//2201 2022//2022 1941//1941
f 2202//2202 2201//2201 1941//1941
f 1942//1942 2202//2202 1941//1941
f 2203//2203 2202//2202 1942//1942
f 1943//1943 2203//2203 1942//1942
f 2204//2204 2203//2203 1943//1943
f 2204//2204 1943//1943 1944//1944
f 2205//2205 2204//2204 1944//1944
f 1945//1945 2205//2205 1944//1944
f 2118//2118 2205//2205 1945//1945
f 2024//2024 2206//2206 1946//1946
f 2206//2206 2207//2207 1946//1946
f 1946//1946 2207//2207 2025//2025
f 2208//2208 2026//2026 2028//2028
f 2209//2209 1949//1949 2027//2027
f 2028//2028 2210//2210 2208//2208
f 2209//2209 2119//2119 1949//1949
f 2030//2030 2210//2210 2028//2028
f 2210//2210 2030//2030 2121//2121
f 1955//1955 2126//2126 2125//2125
f 2033//2033 2032//2032 2125//2125
f 2211//2211 2034//2034 2033//2033
f 2129//2129 2034//2034 2211//2211
f 2128//2128 1957//1957 2212//2212
f 2036//2036 2037//2037 2213//2213
f 2214//2214 2037//2037 2038//2038
f 1957//1957 2039//2039 2212//2212
f 2038//2038 2130//2130 2214//2214
f 2215//2215 2212//2212 2039//2039
f 2213//2213 2132//2132 2036//2036
f 2216//2216 2131//2131 2129//2129
f 2039//2039 2040//2040 2215//2215
f 2134//2134 2215//2215 2040//2040
f 2040//2040 1959//1959 2134//2134
f 2131//2131 2217//2217 2130//2130
f 2131//2131 2216//2216 2218//2218
f 2219//2219 2218//2218 2216//2216
f 1960//1960 2132//2132 2220//2220
f 2131//2131 2221//2221 2217//2217
f 2218//2218 2221//2221 2131//2131
f 1964//1964 1960//1960 2220//2220
f 2219//2219 2221//2221 2218//2218
f 2219//2219 2222//2222 2221//2221
f 2223//2223 2045//2045 1964//1964
f 2137//2137 2139//2139 2136//2136
f 2223//2223 2224//2224 2045//2045
f 2224//2224 2142//2142 2045//2045
f 2141//2141 2225//2225 2140//2140
f 2141//2141 2144//2144 2225//2225
f 2145//2145 2226//2226 2147//2147
f 2147//2147 2227//2227 2146//2146
f 2147//2147 2228//2228 2227//2227
f 2226//2226 2228//2228 2147//2147
f 2149//2149 2150//2150 2050//2050
f 2229//2229 1970//1970 2150//2150
f 2230//2230 2231//2231 1967//1967
f 2148//2148 1967//1967 2231//2231
f 2151//2151 1970//1970 2229//2229
f 1967//1967 2051//2051 2230//2230
f 2230//2230 2051//2051 2152//2152
f 2052//2052 2151//2151 2232//2232
f 2233//2233 2153//2153 2054//2054
f 2053//2053 2052//2052 2232//2232
f 2054//2054 1973//1973 2233//2233
f 1973//1973 2055//2055 2233//2233
f 2234//2234 2056//2056 1974//1974
f 2235//2235 2234//2234 2059//2059
f 1974//1974 2059//2059 2234//2234
f 2058//2058 2057//2057 2236//2236
f 2237//2237 2235//2235 2059//2059
f 2059//2059 1975//1975 2237//2237
f 2236//2236 2060//2060 2058//2058
f 2237//2237 1975//1975 2155//2155
f 2238//2238 2156//2156 2060//2060
f 2239//2239 2155//2155 2061//2061
f 1976//1976 2240//2240 2062//2062
f 1976//1976 2156//2156 2240//2240
f 2239//2239 2061//2061 2157//2157
f 2240//2240 2063//2063 2062//2062
f 2241//2241 1979//1979 2161//2161
f 1979//1979 2241//2241 1980//1980
f 2163//2163 1980//1980 2241//2241
f 2066//2066 2164//2164 2162//2162
f 2069//2069 2242//2242 2164//2164
f 2068//2068 2067//2067 2243//2243
f 2069//2069 2165//2165 2242//2242
f 2068//2068 2243//2243 2070//2070
f 1987//1987 2073//2073 2244//2244
f 2170//2170 1987//1987 2244//2244
f 1988//1988 2170//2170 2245//2245
f 1989//1989 1988//1988 2245//2245
f 2171//2171 1989//1989 2245//2245
f 2173//2173 2074//2074 2172//2172
f 1985//1985 2174//2174 2169//2169
f 2173//2173 2246//2246 1992//1992
f 2075//2075 1992//1992 2246//2246
f 2075//2075 2246//2246 2247//2247
f 1994//1994 2075//2075 2247//2247
f 2247//2247 2177//2177 1994//1994
f 1996//1996 2177//2177 2179//2179
f 2248//2248 2076//2076 2179//2179
f 2249//2249 2076//2076 2248//2248
f 2249//2249 1999//1999 2076//2076
f 2181//2181 1999//1999 2249//2249
f 2181//2181 1908//1908 1999//1999
f 2077//2077 2181//2181 2250//2250
f 2251//2251 2077//2077 2250//2250
f 2251//2251 2001//2001 2077//2077
f 1909//1909 2252//2252 2078//2078
f 2182//2182 2001//2001 2251//2251
f 1909//1909 2183//2183 2252//2252
f 2080//2080 2184//2184 2253//2253
f 2185//2185 2080//2080 2253//2253
f 2081//2081 2254//2254 2079//2079
f 2081//2081 2255//2255 2254//2254
f 2003//2003 2255//2255 2081//2081
f 2082//2082 2256//2256 2083//2083
f 2003//2003 2005//2005 2255//2255
f 2084//2084 2257//2257 2005//2005
f 2084//2084 2258//2258 2257//2257
f 2084//2084 2008//2008 2258//2258
f 2259//2259 2008//2008 2085//2085
f 2260//2260 2009//2009 2188//2188
f 2009//2009 2260//2260 2086//2086
f 2085//2085 2087//2087 2259//2259
f 2261//2261 2086//2086 2260//2260
f 2261//2261 2088//2088 2086//2086
f 2088//2088 2261//2261 2262//2262
f 2010//2010 2263//2263 2087//2087
f 2262//2262 2089//2089 2088//2088
f 2263//2263 2010//2010 2264//2264
f 2010//2010 2090//2090 2264//2264
f 2090//2090 2189//2189 2264//2264
f 2265//2265 2011//2011 2089//2089
f 2012//2012 2266//2266 2189//2189
f 2091//2091 2011//2011 2265//2265
f 2012//2012 1920//1920 2266//2266
f 2267//2267 2091//2091 2265//2265
f 1920//1920 2092//2092 2266//2266
f 1921//1921 2091//2091 2267//2267
f 2268//2268 2013//2013 1921//1921
f 2190//2190 2013//2013 2268//2268
f 2014//2014 2269//2269 2092//2092
f 2014//2014 2270//2270 2269//2269
f 2093//2093 2270//2270 2014//2014
f 2191//2191 2015//2015 2190//2190
f 2093//2093 2271//2271 2270//2270
f 2094//2094 2271//2271 2093//2093
f 2095//2095 2272//2272 2094//2094
f 2095//2095 2193//2193 2272//2272
f 2098//2098 2273//2273 2193//2193
f 2274//2274 2017//2017 2097//2097
f 2099//2099 2017//2017 2274//2274
f 2098//2098 2194//2194 2275//2275
f 2018//2018 2276//2276 2194//2194
f 2018//2018 2277//2277 2276//2276
f 2101//2101 2277//2277 2018//2018
f 2101//2101 2196//2196 2277//2277
f 2278//2278 2103//2103 2102//2102
f 2105//2105 2103//2103 2278//2278
f 2279//2279 2108//2108 2105//2105
f 2107//2107 2280//2280 2106//2106
f 2107//2107 2109//2109 2280//2280
f 2199//2199 2198//2198 2020//2020
f 2021//2021 2112//2112 2199//2199
f 2281//2281 2111//2111 2282//2282
f 2281//2281 2113//2113 2111//2111
f 2281//2281 2114//2114 2113//2113
f 2281//2281 2283//2283 2114//2114
f 2283//2283 2115//2115 2114//2114
f 2284//2284 2115//2115 2283//2283
f 2116//2116 2115//2115 2284//2284
f 2285//2285 2023//2023 2116//2116
f 2286//2286 2023//2023 2285//2285
f 2286//2286 2117//2117 2023//2023
f 2286//2286 2024//2024 2117//2117
f 2026//2026 2287//2287 2118//2118
f 2207//2207 2288//2288 2025//2025
f 2027//2027 2025//2025 2288//2288
f 2026//2026 2208//2208 2287//2287
f 2119//2119 2289//2289 2029//2029
f 2289//2289 2119//2119 2209//2209
f 2029//2029 2290//2290 2120//2120
f 2289//2289 2290//2290 2029//2029
f 2291//2291 2122//2122 2120//2120
f 2290//2290 2291//2291 2120//2120
f 2124//2124 2122//2122 2292//2292
f 2126//2126 2124//2124 2293//2293
f 2293//2293 2124//2124 2292//2292
f 2211//2211 2033//2033 2125//2125
f 2128//2128 2294//2294 2127//2127
f 2128//2128 2212//2212 2294//2294
f 2214//2214 2130//2130 2295//2295
f 2130//2130 2217//2217 2295//2295
f 2296//2296 2222//2222 2219//2219
f 2223//2223 1964//1964 2220//2220
f 2297//2297 2221//2221 2222//2222
f 2135//2135 2138//2138 2298//2298
f 2138//2138 2299//2299 2298//2298
f 2299//2299 2138//2138 2136//2136
f 2222//2222 2296//2296 2297//2297
f 2300//2300 2299//2299 2136//2136
f 2300//2300 2136//2136 2139//2139
f 2139//2139 2301//2301 2300//2300
f 2140//2140 2301//2301 2139//2139
f 2142//2142 2224//2224 2302//2302
f 2140//2140 2303//2303 2301//2301
f 2225//2225 2303//2303 2140//2140
f 2302//2302 2145//2145 2142//2142
f 2303//2303 2225//2225 2144//2144
f 2304//2304 2145//2145 2302//2302
f 2144//2144 2305//2305 2303//2303
f 2146//2146 2305//2305 2144//2144
f 2304//2304 2226//2226 2145//2145
f 2146//2146 2306//2306 2305//2305
f 2146//2146 2227//2227 2306//2306
f 2228//2228 2307//2307 2227//2227
f 2308//2308 2149//2149 2309//2309
f 2150//2150 2149//2149 2308//2308
f 2231//2231 2309//2309 2148//2148
f 2149//2149 2148//2148 2309//2309
f 2229//2229 2150//2150 2308//2308
f 2310//2310 2151//2151 2229//2229
f 2311//2311 2151//2151 2310//2310
f 2152//2152 2153//2153 2312//2312
f 2232//2232 2151//2151 2311//2311
f 2313//2313 2053//2053 2232//2232
f 2233//2233 2055//2055 2314//2314
f 2313//2313 2154//2154 2053//2053
f 2055//2055 2056//2056 2314//2314
f 2314//2314 2056//2056 2234//2234
f 2315//2315 2060//2060 2236//2236
f 2315//2315 2238//2238 2060//2060
f 2238//2238 2316//2316 2156//2156
f 2316//2316 2240//2240 2156//2156
f 2239//2239 2157//2157 2317//2317
f 2318//2318 2063//2063 2240//2240
f 2319//2319 2157//2157 2158//2158
f 2063//2063 2320//2320 2064//2064
f 2063//2063 2318//2318 2320//2320
f 2158//2158 2321//2321 2319//2319
f 2159//2159 2321//2321 2158//2158
f 2064//2064 2320//2320 2322//2322
f 2322//2322 2160//2160 2064//2064
f 2159//2159 2065//2065 2321//2321
f 2241//2241 2323//2323 2163//2163
f 2324//2324 2067//2067 2163//2163
f 2243//2243 2067//2067 2324//2324
f 2325//2325 2072//2072 2070//2070
f 2166//2166 2326//2326 2165//2165
f 2072//2072 2325//2325 2167//2167
f 2166//2166 2327//2327 2326//2326
f 2166//2166 2169//2169 2327//2327
f 2170//2170 2244//2244 2328//2328
f 2245//2245 2170//2170 2328//2328
f 2073//2073 2329//2329 2244//2244
f 2174//2174 2330//2330 2169//2169
f 2175//2175 2330//2330 2174//2174
f 2175//2175 2331//2331 2330//2330
f 2175//2175 2176//2176 2331//2331
f 2000//2000 2332//2332 2180//2180
f 2000//2000 2333//2333 2332//2332
f 2078//2078 2333//2333 2000//2000
f 2182//2182 2251//2251 2334//2334
f 2334//2334 2184//2184 2182//2182
f 2253//2253 2184//2184 2334//2334
f 2082//2082 2185//2185 2256//2256
f 2335//2335 2083//2083 2256//2256
f 2005//2005 2257//2257 2255//2255
f 2336//2336 2083//2083 2335//2335
f 2083//2083 2336//2336 2186//2186
f 2186//2186 2336//2336 2187//2187
f 2188//2188 2187//2187 2336//2336
f 2008//2008 2259//2259 2258//2258
f 2259//2259 2087//2087 2337//2337
f 2087//2087 2263//2263 2337//2337
f 2265//2265 2089//2089 2338//2338
f 2092//2092 2339//2339 2266//2266
f 2268//2268 1921//1921 2267//2267
f 2092//2092 2340//2340 2339//2339
f 2092//2092 2269//2269 2340//2340
f 2341//2341 2191//2191 2190//2190
f 2342//2342 2191//2191 2341//2341
f 2342//2342 2192//2192 2191//2191
f 2094//2094 2272//2272 2271//2271
f 2343//2343 2096//2096 2192//2192
f 2193//2193 2344//2344 2272//2272
f 2343//2343 2097//2097 2096//2096
f 2193//2193 2273//2273 2344//2344
f 2345//2345 2097//2097 2343//2343
f 2274//2274 2097//2097 2345//2345
f 2098//2098 2275//2275 2273//2273
f 2346//2346 2100//2100 2099//2099
f 2276//2276 2347//2347 2194//2194
f 2195//2195 2100//2100 2346//2346
f 2348//2348 2102//2102 2195//2195
f 2278//2278 2102//2102 2348//2348
f 2196//2196 2104//2104 2277//2277
f 2104//2104 2106//2106 2349//2349
f 2279//2279 2105//2105 2278//2278
f 2106//2106 2350//2350 2349//2349
f 2106//2106 2280//2280 2350//2350
f 2351//2351 2108//2108 2279//2279
f 2197//2197 2108//2108 2351//2351
f 2109//2109 2352//2352 2280//2280
f 2109//2109 2198//2198 2352//2352
f 2353//2353 2111//2111 2110//2110
f 2111//2111 2353//2353 2282//2282
f 2354//2354 2112//2112 2200//2200
f 2355//2355 2024//2024 2286//2286
f 2355//2355 2206//2206 2024//2024
f 2118//2118 2356//2356 2205//2205
f 2118//2118 2287//2287 2356//2356
f 2208//2208 2357//2357 2287//2287
f 2358//2358 2027//2027 2288//2288
f 2027//2027 2358//2358 2209//2209
f 2208//2208 2359//2359 2357//2357
f 2210//2210 2359//2359 2208//2208
f 2358//2358 2360//2360 2209//2209
f 2289//2289 2209//2209 2360//2360
f 2210//2210 2361//2361 2359//2359
f 2121//2121 2361//2361 2210//2210
f 2291//2291 2362//2362 2122//2122
f 2122//2122 2362//2362 2292//2292
f 2125//2125 2126//2126 2363//2363
f 2126//2126 2293//2293 2363//2363
f 2363//2363 2211//2211 2125//2125
f 2364//2364 2037//2037 2365//2365
f 2366//2366 2365//2365 2037//2037
f 2367//2367 2129//2129 2211//2211
f 2368//2368 2037//2037 2364//2364
f 2368//2368 2213//2213 2037//2037
f 2037//2037 2214//2214 2366//2366
f 2369//2369 2216//2216 2129//2129
f 2370//2370 2212//2212 2215//2215
f 2132//2132 2213//2213 2368//2368
f 2219//2219 2216//2216 2369//2369
f 2134//2134 2370//2370 2215//2215
f 2217//2217 2371//2371 2295//2295
f 2372//2372 2220//2220 2132//2132
f 2134//2134 2373//2373 2374//2374
f 2134//2134 2133//2133 2373//2373
f 2221//2221 2371//2371 2217//2217
f 2296//2296 2219//2219 2375//2375
f 2135//2135 2373//2373 2133//2133
f 2223//2223 2220//2220 2372//2372
f 2376//2376 2302//2302 2224//2224
f 2226//2226 2377//2377 2228//2228
f 2226//2226 2304//2304 2377//2377
f 2377//2377 2307//2307 2228//2228
f 2378//2378 2379//2379 2152//2152
f 2230//2230 2152//2152 2379//2379
f 2378//2378 2152//2152 2312//2312
f 2312//2312 2153//2153 2380//2380
f 2381//2381 2380//2380 2233//2233
f 2153//2153 2233//2233 2380//2380
f 2233//2233 2314//2314 2381//2381
f 2314//2314 2234//2234 2382//2382
f 2313//2313 2383//2383 2154//2154
f 2383//2383 2057//2057 2154//2154
f 2236//2236 2057//2057 2383//2383
f 2384//2384 2235//2235 2237//2237
f 2385//2385 2384//2384 2237//2237
f 2237//2237 2155//2155 2385//2385
f 2315//2315 2316//2316 2238//2238
f 2386//2386 2240//2240 2316//2316
f 2240//2240 2386//2386 2318//2318
f 2157//2157 2319//2319 2317//2317
f 2065//2065 2387//2387 2321//2321
f 2160//2160 2388//2388 2161//2161
f 2065//2065 2162//2162 2387//2387
f 2161//2161 2388//2388 2241//2241
f 2164//2164 2389//2389 2162//2162
f 2323//2323 2324//2324 2163//2163
f 2164//2164 2242//2242 2389//2389
f 2165//2165 2390//2390 2242//2242
f 2325//2325 2070//2070 2243//2243
f 2165//2165 2326//2326 2390//2390
f 2391//2391 2392//2392 2167//2167
f 2167//2167 2392//2392 2168//2168
f 2169//2169 2393//2393 2327//2327
f 2329//2329 2168//2168 2392//2392
f 2329//2329 2073//2073 2168//2168
f 2169//2169 2394//2394 2393//2393
f 2328//2328 2244//2244 2395//2395
f 2245//2245 2328//2328 2396//2396
f 2171//2171 2245//2245 2396//2396
f 2397//2397 2171//2171 2396//2396
f 2171//2171 2397//2397 2172//2172
f 2397//2397 2398//2398 2172//2172
f 2172//2172 2398//2398 2173//2173
f 2330//2330 2394//2394 2169//2169
f 2246//2246 2173//2173 2399//2399
f 2176//2176 2400//2400 2331//2331
f 2401//2401 2179//2179 2177//2177
f 2176//2176 2178//2178 2400//2400
f 2248//2248 2179//2179 2401//2401
f 2180//2180 2402//2402 2178//2178
f 2403//2403 2249//2249 2248//2248
f 2180//2180 2332//2332 2402//2402
f 2404//2404 2249//2249 2403//2403
f 2404//2404 2181//2181 2249//2249
f 2405//2405 2181//2181 2404//2404
f 2078//2078 2406//2406 2333//2333
f 2251//2251 2181//2181 2405//2405
f 2251//2251 2250//2250 2181//2181
f 2078//2078 2407//2407 2406//2406
f 2252//2252 2407//2407 2078//2078
f 2183//2183 2407//2407 2252//2252
f 2183//2183 2408//2408 2407//2407
f 2183//2183 2409//2409 2408//2408
f 2079//2079 2409//2409 2183//2183
f 2185//2185 2253//2253 2410//2410
f 2079//2079 2254//2254 2409//2409
f 2256//2256 2185//2185 2410//2410
f 2255//2255 2411//2411 2254//2254
f 2255//2255 2412//2412 2411//2411
f 2257//2257 2412//2412 2255//2255
f 2258//2258 2412//2412 2257//2257
f 2259//2259 2413//2413 2258//2258
f 2259//2259 2414//2414 2413//2413
f 2188//2188 2415//2415 2260//2260
f 2337//2337 2414//2414 2259//2259
f 2263//2263 2416//2416 2337//2337
f 2264//2264 2416//2416 2263//2263
f 2338//2338 2089//2089 2262//2262
f 2189//2189 2417//2417 2264//2264
f 2189//2189 2418//2418 2417//2417
f 2266//2266 2418//2418 2189//2189
f 2419//2419 2267//2267 2265//2265
f 2266//2266 2339//2339 2418//2418
f 2420//2420 2268//2268 2267//2267
f 2420//2420 2190//2190 2268//2268
f 2421//2421 2190//2190 2420//2420
f 2269//2269 2270//2270 2340//2340
f 2341//2341 2190//2190 2421//2421
f 2271//2271 2422//2422 2270//2270
f 2272//2272 2422//2422 2271//2271
f 2342//2342 2423//2423 2192//2192
f 2272//2272 2424//2424 2422//2422
f 2343//2343 2192//2192 2423//2423
f 2272//2272 2344//2344 2424//2424
f 2425//2425 2274//2274 2345//2345
f 2426//2426 2274//2274 2425//2425
f 2426//2426 2099//2099 2274//2274
f 2346//2346 2099//2099 2426//2426
f 2427//2427 2195//2195 2346//2346
f 2276//2276 2428//2428 2347//2347
f 2276//2276 2277//2277 2428//2428
f 2348//2348 2195//2195 2427//2427
f 2429//2429 2278//2278 2348//2348
f 2104//2104 2430//2430 2277//2277
f 2431//2431 2278//2278 2429//2429
f 2104//2104 2349//2349 2430//2430
f 2431//2431 2279//2279 2278//2278
f 2351//2351 2279//2279 2431//2431
f 2198//2198 2432//2432 2352//2352
f 2433//2433 2110//2110 2197//2197
f 2433//2433 2434//2434 2110//2110
f 2435//2435 2432//2432 2198//2198
f 2199//2199 2435//2435 2198//2198
f 2353//2353 2110//2110 2434//2434
f 2436//2436 2199//2199 2112//2112
f 2112//2112 2354//2354 2436//2436
f 2437//2437 2284//2284 2283//2283
f 2202//2202 2438//2438 2201//2201
f 2437//2437 2116//2116 2284//2284
f 2202//2202 2439//2439 2438//2438
f 2203//2203 2439//2439 2202//2202
f 2285//2285 2116//2116 2437//2437
f 2203//2203 2440//2440 2439//2439
f 2204//2204 2440//2440 2203//2203
f 2355//2355 2286//2286 2285//2285
f 2204//2204 2441//2441 2440//2440
f 2205//2205 2441//2441 2204//2204
f 2355//2355 2442//2442 2206//2206
f 2205//2205 2356//2356 2441//2441
f 2442//2442 2207//2207 2206//2206
f 2207//2207 2443//2443 2288//2288
f 2358//2358 2288//2288 2443//2443
f 2289//2289 2360//2360 2444//2444
f 2445//2445 2289//2289 2444//2444
f 2445//2445 2290//2290 2289//2289
f 2121//2121 2446//2446 2361//2361
f 2290//2290 2445//2445 2291//2291
f 2123//2123 2446//2446 2121//2121
f 2123//2123 2447//2447 2446//2446
f 2127//2127 2447//2447 2123//2123
f 2363//2363 2448//2448 2211//2211
f 2293//2293 2449//2449 2363//2363
f 2449//2449 2293//2293 2292//2292
f 2447//2447 2127//2127 2450//2450
f 2127//2127 2294//2294 2450//2450
f 2294//2294 2212//2212 2451//2451
f 2367//2367 2211//2211 2448//2448
f 2214//2214 2452//2452 2366//2366
f 2369//2369 2129//2129 2367//2367
f 2295//2295 2452//2452 2214//2214
f 2374//2374 2370//2370 2134//2134
f 2372//2372 2132//2132 2453//2453
f 2221//2221 2454//2454 2371//2371
f 2373//2373 2135//2135 2455//2455
f 2456//2456 2296//2296 2375//2375
f 2457//2457 2455//2455 2135//2135
f 2221//2221 2297//2297 2454//2454
f 2298//2298 2457//2457 2135//2135
f 2298//2298 2458//2458 2457//2457
f 2298//2298 2299//2299 2458//2458
f 2459//2459 2224//2224 2223//2223
f 2460//2460 2296//2296 2456//2456
f 2461//2461 2458//2458 2299//2299
f 2297//2297 2460//2460 2462//2462
f 2297//2297 2296//2296 2460//2460
f 2461//2461 2299//2299 2300//2300
f 2301//2301 2461//2461 2300//2300
f 2376//2376 2224//2224 2459//2459
f 2301//2301 2303//2303 2463//2463
f 2304//2304 2302//2302 2376//2376
f 2303//2303 2305//2305 2463//2463
f 2305//2305 2306//2306 2464//2464
f 2306//2306 2227//2227 2464//2464
f 2465//2465 2464//2464 2227//2227
f 2227//2227 2307//2307 2465//2465
f 2465//2465 2307//2307 2377//2377
f 2308//2308 2309//2309 2466//2466
f 2308//2308 2466//2466 2467//2467
f 2309//2309 2231//2231 2468//2468
f 2229//2229 2308//2308 2467//2467
f 2230//2230 2469//2469 2231//2231
f 2230//2230 2379//2379 2469//2469
f 2380//2380 2378//2378 2312//2312
f 2470//2470 2232//2232 2311//2311
f 2470//2470 2313//2313 2232//2232
f 2381//2381 2314//2314 2382//2382
f 2235//2235 2471//2471 2234//2234
f 2472//2472 2236//2236 2383//2383
f 2315//2315 2236//2236 2472//2472
f 2473//2473 2316//2316 2315//2315
f 2155//2155 2239//2239 2385//2385
f 2473//2473 2474//2474 2316//2316
f 2474//2474 2386//2386 2316//2316
f 2321//2321 2475//2475 2319//2319
f 2321//2321 2387//2387 2475//2475
f 2476//2476 2160//2160 2322//2322
f 2388//2388 2160//2160 2476//2476
f 2162//2162 2477//2477 2387//2387
f 2388//2388 2478//2478 2241//2241
f 2323//2323 2241//2241 2478//2478
f 2162//2162 2389//2389 2477//2477
f 2323//2323 2479//2479 2324//2324
f 2390//2390 2389//2389 2242//2242
f 2243//2243 2480//2480 2325//2325
f 2326//2326 2481//2481 2390//2390
f 2167//2167 2325//2325 2482//2482
f 2326//2326 2327//2327 2481//2481
f 2391//2391 2167//2167 2482//2482
f 2244//2244 2329//2329 2395//2395
f 2173//2173 2398//2398 2483//2483
f 2399//2399 2173//2173 2483//2483
f 2246//2246 2399//2399 2484//2484
f 2246//2246 2484//2484 2247//2247
f 2247//2247 2484//2484 2485//2485
f 2247//2247 2485//2485 2177//2177
f 2178//2178 2486//2486 2400//2400
f 2401//2401 2403//2403 2248//2248
f 2178//2178 2402//2402 2486//2486
f 2487//2487 2334//2334 2251//2251
f 2334//2334 2410//2410 2253//2253
f 2488//2488 2188//2188 2336//2336
f 2415//2415 2188//2188 2488//2488
f 2260//2260 2415//2415 2489//2489
f 2489//2489 2261//2261 2260//2260
f 2262//2262 2261//2261 2490//2490
f 2262//2262 2490//2490 2491//2491
f 2338//2338 2262//2262 2491//2491
f 2492//2492 2338//2338 2491//2491
f 2492//2492 2265//2265 2338//2338
f 2492//2492 2419//2419 2265//2265
f 2493//2493 2267//2267 2419//2419
f 2420//2420 2267//2267 2493//2493
f 2340//2340 2494//2494 2339//2339
f 2344//2344 2495//2495 2424//2424
f 2344//2344 2496//2496 2495//2495
f 2273//2273 2496//2496 2344//2344
f 2497//2497 2345//2345 2343//2343
f 2497//2497 2425//2425 2345//2345
f 2273//2273 2275//2275 2496//2496
f 2194//2194 2498//2498 2275//2275
f 2347//2347 2498//2498 2194//2194
f 2277//2277 2499//2499 2428//2428
f 2277//2277 2430//2430 2499//2499
f 2350//2350 2500//2500 2349//2349
f 2280//2280 2500//2500 2350//2350
f 2501//2501 2197//2197 2351//2351
f 2280//2280 2502//2502 2500//2500
f 2352//2352 2502//2502 2280//2280
f 2433//2433 2197//2197 2501//2501
f 2352//2352 2432//2432 2502//2502
f 2199//2199 2436//2436 2435//2435
f 2503//2503 2282//2282 2353//2353
f 2504//2504 2281//2281 2282//2282
f 2200//2200 2505//2505 2354//2354
f 2506//2506 2281//2281 2504//2504
f 2506//2506 2283//2283 2281//2281
f 2201//2201 2505//2505 2200//2200
f 2437//2437 2283//2283 2506//2506
f 2201//2201 2438//2438 2505//2505
f 2442//2442 2507//2507 2207//2207
f 2287//2287 2508//2508 2356//2356
f 2507//2507 2443//2443 2207//2207
f 2287//2287 2357//2357 2508//2508
f 2358//2358 2443//2443 2509//2509
f 2509//2509 2510//2510 2358//2358
f 2360//2360 2358//2358 2510//2510
f 2291//2291 2445//2445 2362//2362
f 2292//2292 2362//2362 2511//2511
f 2449//2449 2512//2512 2363//2363
f 2512//2512 2448//2448 2363//2363
f 2449//2449 2292//2292 2511//2511
f 2294//2294 2451//2451 2450//2450
f 2513//2513 2364//2364 2365//2365
f 2513//2513 2365//2365 2366//2366
f 2513//2513 2366//2366 2452//2452
f 2368//2368 2364//2364 2513//2513
f 2514//2514 2451//2451 2212//2212
f 2369//2369 2367//2367 2515//2515
f 2370//2370 2514//2514 2212//2212
f 2453//2453 2132//2132 2368//2368
f 2516//2516 2452//2452 2295//2295
f 2517//2517 2516//2516 2295//2295
f 2517//2517 2295//2295 2371//2371
f 2369//2369 2518//2518 2219//2219
f 2372//2372 2453//2453 2519//2519
f 2375//2375 2219//2219 2518//2518
f 2454//2454 2517//2517 2371//2371
f 2520//2520 2372//2372 2519//2519
f 2520//2520 2223//2223 2372//2372
f 2462//2462 2454//2454 2297//2297
f 2459//2459 2223//2223 2520//2520
f 2521//2521 2461//2461 2301//2301
f 2301//2301 2463//2463 2521//2521
f 2522//2522 2304//2304 2376//2376
f 2309//2309 2468//2468 2466//2466
f 2467//2467 2523//2523 2229//2229
f 2524//2524 2468//2468 2231//2231
f 2231//2231 2469//2469 2524//2524
f 2525//2525 2229//2229 2523//2523
f 2525//2525 2310//2310 2229//2229
f 2379//2379 2526//2526 2469//2469
f 2526//2526 2379//2379 2378//2378
f 2527//2527 2310//2310 2525//2525
f 2527//2527 2311//2311 2310//2310
f 2311//2311 2527//2527 2470//2470
f 2380//2380 2381//2381 2528//2528
f 2529//2529 2313//2313 2470//2470
f 2530//2530 2313//2313 2529//2529
f 2530//2530 2383//2383 2313//2313
f 2382//2382 2234//2234 2471//2471
f 2472//2472 2383//2383 2530//2530
f 2235//2235 2531//2531 2471//2471
f 2384//2384 2531//2531 2235//2235
f 2472//2472 2473//2473 2315//2315
f 2239//2239 2532//2532 2385//2385
f 2532//2532 2239//2239 2317//2317
f 2532//2532 2317//2317 2533//2533
f 2474//2474 2534//2534 2386//2386
f 2318//2318 2386//2386 2534//2534
f 2319//2319 2533//2533 2317//2317
f 2318//2318 2534//2534 2535//2535
f 2475//2475 2533//2533 2319//2319
f 2318//2318 2535//2535 2320//2320
f 2320//2320 2536//2536 2322//2322
f 2476//2476 2322//2322 2536//2536
f 2389//2389 2537//2537 2477//2477
f 2538//2538 2323//2323 2478//2478
f 2538//2538 2479//2479 2323//2323
f 2390//2390 2537//2537 2389//2389
f 2243//2243 2324//2324 2479//2479
f 2243//2243 2479//2479 2480//2480
f 2325//2325 2480//2480 2539//2539
f 2539//2539 2482//2482 2325//2325
f 2540//2540 2329//2329 2392//2392
f 2394//2394 2541//2541 2393//2393
f 2328//2328 2395//2395 2542//2542
f 2543//2543 2328//2328 2542//2542
f 2396//2396 2328//2328 2543//2543
f 2544//2544 2396//2396 2543//2543
f 2397//2397 2396//2396 2544//2544
f 2544//2544 2545//2545 2397//2397
f 2545//2545 2398//2398 2397//2397
f 2545//2545 2483//2483 2398//2398
f 2541//2541 2394//2394 2330//2330
f 2330//2330 2546//2546 2541//2541
f 2484//2484 2399//2399 2483//2483
f 2330//2330 2547//2547 2546//2546
f 2331//2331 2547//2547 2330//2330
f 2331//2331 2548//2548 2547//2547
f 2400//2400 2548//2548 2331//2331
f 2485//2485 2549//2549 2177//2177
f 2177//2177 2549//2549 2401//2401
f 2400//2400 2486//2486 2548//2548
f 2333//2333 2550//2550 2332//2332
f 2333//2333 2551//2551 2550//2550
f 2406//2406 2551//2551 2333//2333
f 2552//2552 2251//2251 2405//2405
f 2407//2407 2551//2551 2406//2406
f 2407//2407 2553//2553 2551//2551
f 2251//2251 2552//2552 2487//2487
f 2408//2408 2553//2553 2407//2407
f 2408//2408 2554//2554 2553//2553
f 2555//2555 2334//2334 2487//2487
f 2408//2408 2409//2409 2554//2554
f 2334//2334 2555//2555 2410//2410
f 2409//2409 2556//2556 2554//2554
f 2409//2409 2557//2557 2556//2556
f 2254//2254 2557//2557 2409//2409
f 2256//2256 2410//2410 2558//2558
f 2558//2558 2559//2559 2256//2256
f 2254//2254 2411//2411 2557//2557
f 2560//2560 2256//2256 2559//2559
f 2560//2560 2335//2335 2256//2256
f 2561//2561 2335//2335 2560//2560
f 2561//2561 2336//2336 2335//2335
f 2258//2258 2562//2562 2412//2412
f 2336//2336 2561//2561 2488//2488
f 2413//2413 2562//2562 2258//2258
f 2413//2413 2563//2563 2562//2562
f 2415//2415 2488//2488 2564//2564
f 2414//2414 2563//2563 2413//2413
f 2564//2564 2489//2489 2415//2415
f 2337//2337 2565//2565 2414//2414
f 2261//2261 2489//2489 2490//2490
f 2416//2416 2565//2565 2337//2337
f 2416//2416 2566//2566 2565//2565
f 2264//2264 2566//2566 2416//2416
f 2264//2264 2417//2417 2566//2566
f 2493//2493 2419//2419 2567//2567
f 2339//2339 2568//2568 2418//2418
f 2339//2339 2494//2494 2568//2568
f 2340//2340 2569//2569 2494//2494
f 2570//2570 2421//2421 2420//2420
f 2270//2270 2569//2569 2340//2340
f 2571//2571 2421//2421 2570//2570
f 2270//2270 2572//2572 2569//2569
f 2341//2341 2421//2421 2571//2571
f 2270//2270 2573//2573 2572//2572
f 2422//2422 2573//2573 2270//2270
f 2574//2574 2342//2342 2341//2341
f 2575//2575 2342//2342 2574//2574
f 2575//2575 2423//2423 2342//2342
f 2422//2422 2424//2424 2573//2573
f 2343//2343 2423//2423 2575//2575
f 2275//2275 2576//2576 2496//2496
f 2577//2577 2426//2426 2425//2425
f 2275//2275 2498//2498 2576//2576
f 2346//2346 2426//2426 2577//2577
f 2347//2347 2578//2578 2498//2498
f 2428//2428 2578//2578 2347//2347
f 2579//2579 2427//2427 2346//2346
f 2348//2348 2427//2427 2579//2579
f 2430//2430 2580//2580 2499//2499
f 2581//2581 2429//2429 2348//2348
f 2582//2582 2429//2429 2581//2581
f 2582//2582 2431//2431 2429//2429
f 2430//2430 2349//2349 2580//2580
f 2583//2583 2431//2431 2582//2582
f 2583//2583 2351//2351 2431//2431
f 2584//2584 2433//2433 2501//2501
f 2435//2435 2502//2502 2432//2432
f 2584//2584 2434//2434 2433//2433
f 2584//2584 2585//2585 2434//2434
f 2585//2585 2353//2353 2434//2434
f 2503//2503 2353//2353 2585//2585
f 2504//2504 2282//2282 2503//2503
f 2354//2354 2586//2586 2436//2436
f 2354//2354 2505//2505 2586//2586
f 2587//2587 2437//2437 2506//2506
f 2438//2438 2588//2588 2505//2505
f 2438//2438 2589//2589 2588//2588
f 2590//2590 2437//2437 2587//2587
f 2438//2438 2591//2591 2589//2589
f 2439//2439 2591//2591 2438//2438
f 2592//2592 2437//2437 2590//2590
f 2592//2592 2285//2285 2437//2437
f 2440//2440 2591//2591 2439//2439
f 2593//2593 2285//2285 2592//2592
f 2593//2593 2355//2355 2285//2285
f 2591//2591 2440//2440 2594//2594
f 2441//2441 2594//2594 2440//2440
f 2595//2595 2355//2355 2593//2593
f 2594//2594 2441//2441 2596//2596
f 2355//2355 2595//2595 2442//2442
f 2356//2356 2596//2596 2441//2441
f 2595//2595 2597//2597 2442//2442
f 2597//2597 2507//2507 2442//2442
f 2356//2356 2508//2508 2596//2596
f 2357//2357 2598//2598 2508//2508
f 2509//2509 2443//2443 2599//2599
f 2357//2357 2359//2359 2598//2598
f 2444//2444 2360//2360 2600//2600
f 2360//2360 2510//2510 2600//2600
f 2444//2444 2600//2600 2445//2445
f 2446//2446 2601//2601 2361//2361
f 2362//2362 2445//2445 2602//2602
f 2446//2446 2447//2447 2601//2601
f 2511//2511 2362//2362 2602//2602
f 2512//2512 2603//2603 2448//2448
f 2447//2447 2450//2450 2604//2604
f 2367//2367 2448//2448 2605//2605
f 2515//2515 2367//2367 2605//2605
f 2606//2606 2514//2514 2370//2370
f 2515//2515 2607//2607 2369//2369
f 2606//2606 2370//2370 2374//2374
f 2369//2369 2607//2607 2518//2518
f 2608//2608 2606//2606 2374//2374
f 2374//2374 2609//2609 2608//2608
f 2374//2374 2373//2373 2609//2609
f 2518//2518 2456//2456 2375//2375
f 2373//2373 2610//2610 2609//2609
f 2373//2373 2455//2455 2610//2610
f 2455//2455 2611//2611 2610//2610
f 2455//2455 2457//2457 2611//2611
f 2457//2457 2458//2458 2611//2611
f 2458//2458 2612//2612 2611//2611
f 2613//2613 2460//2460 2456//2456
f 2612//2612 2458//2458 2461//2461
f 2462//2462 2460//2460 2613//2613
f 2614//2614 2612//2612 2461//2461
f 2461//2461 2521//2521 2614//2614
f 2376//2376 2459//2459 2615//2615
f 2463//2463 2616//2616 2521//2521
f 2616//2616 2463//2463 2617//2617
f 2617//2617 2463//2463 2305//2305
f 2305//2305 2618//2618 2617//2617
f 2619//2619 2304//2304 2522//2522
f 2305//2305 2464//2464 2618//2618
f 2377//2377 2304//2304 2619//2619
f 2619//2619 2465//2465 2377//2377
f 2466//2466 2620//2620 2467//2467
f 2523//2523 2467//2467 2620//2620
f 2524//2524 2469//2469 2621//2621
f 2621//2621 2469//2469 2526//2526
f 2622//2622 2378//2378 2380//2380
f 2623//2623 2378//2378 2622//2622
f 2624//2624 2470//2470 2527//2527
f 2380//2380 2528//2528 2622//2622
f 2625//2625 2528//2528 2381//2381
f 2382//2382 2625//2625 2381//2381
f 2625//2625 2382//2382 2626//2626
f 2471//2471 2626//2626 2382//2382
f 2531//2531 2627//2627 2471//2471
f 2628//2628 2531//2531 2384//2384
f 2385//2385 2628//2628 2384//2384
f 2475//2475 2629//2629 2533//2533
f 2320//2320 2535//2535 2536//2536
f 2630//2630 2388//2388 2476//2476
f 2477//2477 2537//2537 2387//2387
f 2388//2388 2630//2630 2478//2478
f 2630//2630 2631//2631 2478//2478
f 2538//2538 2478//2478 2631//2631
f 2390//2390 2632//2632 2537//2537
f 2480//2480 2479//2479 2633//2633
f 2390//2390 2634//2634 2632//2632
f 2390//2390 2481//2481 2634//2634
f 2539//2539 2635//2635 2482//2482
f 2636//2636 2391//2391 2482//2482
f 2327//2327 2637//2637 2481//2481
f 2392//2392 2391//2391 2636//2636
f 2393//2393 2637//2637 2327//2327
f 2393//2393 2541//2541 2637//2637
f 2395//2395 2329//2329 2540//2540
f 2638//2638 2484//2484 2483//2483
f 2485//2485 2484//2484 2638//2638
f 2485//2485 2638//2638 2639//2639
f 2549//2549 2485//2485 2639//2639
f 2640//2640 2401//2401 2549//2549
f 2486//2486 2641//2641 2548//2548
f 2642//2642 2401//2401 2640//2640
f 2642//2642 2403//2403 2401//2401
f 2486//2486 2643//2643 2641//2641
f 2402//2402 2643//2643 2486//2486
f 2402//2402 2644//2644 2643//2643
f 2332//2332 2644//2644 2402//2402
f 2645//2645 2403//2403 2642//2642
f 2645//2645 2404//2404 2403//2403
f 2332//2332 2550//2550 2644//2644
f 2646//2646 2404//2404 2645//2645
f 2646//2646 2405//2405 2404//2404
f 2552//2552 2405//2405 2646//2646
f 2647//2647 2487//2487 2552//2552
f 2487//2487 2647//2647 2555//2555
f 2648//2648 2410//2410 2555//2555
f 2558//2558 2410//2410 2648//2648
f 2411//2411 2412//2412 2649//2649
f 2561//2561 2650//2650 2488//2488
f 2488//2488 2650//2650 2564//2564
f 2414//2414 2651//2651 2563//2563
f 2414//2414 2565//2565 2651//2651
f 2652//2652 2490//2490 2489//2489
f 2652//2652 2491//2491 2490//2490
f 2491//2491 2652//2652 2653//2653
f 2492//2492 2491//2491 2653//2653
f 2417//2417 2654//2654 2566//2566
f 2567//2567 2492//2492 2653//2653
f 2567//2567 2419//2419 2492//2492
f 2417//2417 2418//2418 2654//2654
f 2655//2655 2493//2493 2567//2567
f 2418//2418 2568//2568 2656//2656
f 2655//2655 2420//2420 2493//2493
f 2420//2420 2655//2655 2570//2570
f 2657//2657 2341//2341 2571//2571
f 2573//2573 2658//2658 2572//2572
f 2574//2574 2341//2341 2657//2657
f 2659//2659 2343//2343 2575//2575
f 2659//2659 2497//2497 2343//2343
f 2660//2660 2497//2497 2659//2659
f 2660//2660 2425//2425 2497//2497
f 2425//2425 2660//2660 2577//2577
f 2661//2661 2346//2346 2577//2577
f 2579//2579 2346//2346 2661//2661
f 2662//2662 2348//2348 2579//2579
f 2348//2348 2662//2662 2581//2581
f 2349//2349 2663//2663 2580//2580
f 2349//2349 2500//2500 2663//2663
f 2502//2502 2664//2664 2500//2500
f 2435//2435 2665//2665 2502//2502
f 2436//2436 2666//2666 2435//2435
f 2436//2436 2667//2667 2668//2668
f 2669//2669 2504//2504 2503//2503
f 2436//2436 2586//2586 2667//2667
f 2506//2506 2504//2504 2669//2669
f 2443//2443 2507//2507 2599//2599
f 2599//2599 2670//2670 2509//2509
f 2509//2509 2670//2670 2510//2510
f 2359//2359 2671//2671 2598//2598
f 2361//2361 2671//2671 2359//2359
f 2672//2672 2671//2671 2361//2361
f 2445//2445 2600//2600 2673//2673
f 2361//2361 2601//2601 2672//2672
f 2673//2673 2602//2602 2445//2445
f 2447//2447 2674//2674 2601//2601
f 2675//2675 2511//2511 2602//2602
f 2512//2512 2676//2676 2603//2603
f 2449//2449 2676//2676 2512//2512
f 2449//2449 2677//2677 2676//2676
f 2449//2449 2675//2675 2677//2677
f 2449//2449 2511//2511 2675//2675
f 2447//2447 2604//2604 2674//2674
f 2450//2450 2678//2678 2604//2604
f 2448//2448 2603//2603 2605//2605
f 2451//2451 2678//2678 2450//2450
f 2513//2513 2452//2452 2679//2679
f 2452//2452 2680//2680 2679//2679
f 2681//2681 2368//2368 2513//2513
f 2368//2368 2681//2681 2682//2682
f 2682//2682 2453//2453 2368//2368
f 2452//2452 2516//2516 2680//2680
f 2680//2680 2516//2516 2683//2683
f 2453//2453 2682//2682 2684//2684
f 2683//2683 2516//2516 2517//2517
f 2519//2519 2453//2453 2684//2684
f 2517//2517 2454//2454 2685//2685
f 2685//2685 2454//2454 2686//2686
f 2613//2613 2456//2456 2518//2518
f 2454//2454 2462//2462 2686//2686
f 2462//2462 2613//2613 2686//2686
f 2615//2615 2459//2459 2520//2520
f 2521//2521 2616//2616 2614//2614
f 2687//2687 2376//2376 2615//2615
f 2522//2522 2376//2376 2687//2687
f 2616//2616 2617//2617 2688//2688
f 2617//2617 2618//2618 2688//2688
f 2689//2689 2618//2618 2464//2464
f 2689//2689 2464//2464 2465//2465
f 2468//2468 2690//2690 2466//2466
f 2466//2466 2690//2690 2620//2620
f 2468//2468 2524//2524 2690//2690
f 2691//2691 2523//2523 2620//2620
f 2525//2525 2523//2523 2691//2691
f 2692//2692 2525//2525 2691//2691
f 2693//2693 2526//2526 2378//2378
f 2692//2692 2527//2527 2525//2525
f 2693//2693 2378//2378 2623//2623
f 2529//2529 2470//2470 2624//2624
f 2529//2529 2694//2694 2530//2530
f 2626//2626 2471//2471 2627//2627
f 2530//2530 2694//2694 2472//2472
f 2694//2694 2695//2695 2472//2472
f 2627//2627 2531//2531 2696//2696
f 2628//2628 2696//2696 2531//2531
f 2695//2695 2697//2697 2472//2472
f 2472//2472 2697//2697 2473//2473
f 2385//2385 2698//2698 2628//2628
f 2698//2698 2385//2385 2532//2532
f 2473//2473 2697//2697 2474//2474
f 2698//2698 2532//2532 2699//2699
f 2536//2536 2535//2535 2700//2700
f 2475//2475 2701//2701 2629//2629
f 2701//2701 2475//2475 2387//2387
f 2536//2536 2702//2702 2476//2476
f 2703//2703 2701//2701 2387//2387
f 2630//2630 2476//2476 2702//2702
f 2537//2537 2703//2703 2387//2387
f 2538//2538 2633//2633 2479//2479
f 2633//2633 2704//2704 2480//2480
f 2480//2480 2704//2704 2539//2539
f 2704//2704 2705//2705 2539//2539
f 2539//2539 2705//2705 2635//2635
f 2482//2482 2635//2635 2636//2636
f 2706//2706 2392//2392 2636//2636
f 2540//2540 2392//2392 2706//2706
f 2541//2541 2707//2707 2637//2637
f 2395//2395 2540//2540 2708//2708
f 2542//2542 2395//2395 2708//2708
f 2709//2709 2542//2542 2708//2708
f 2543//2543 2542//2542 2709//2709
f 2710//2710 2543//2543 2709//2709
f 2544//2544 2543//2543 2710//2710
f 2711//2711 2544//2544 2710//2710
f 2545//2545 2544//2544 2711//2711
f 2711//2711 2712//2712 2545//2545
f 2712//2712 2483//2483 2545//2545
f 2712//2712 2713//2713 2483//2483
f 2541//2541 2546//2546 2707//2707
f 2713//2713 2638//2638 2483//2483
f 2714//2714 2549//2549 2639//2639
f 2640//2640 2549//2549 2714//2714
f 2715//2715 2642//2642 2640//2640
f 2554//2554 2716//2716 2553//2553
f 2647//2647 2648//2648 2555//2555
f 2554//2554 2717//2717 2716//2716
f 2556//2556 2717//2717 2554//2554
f 2556//2556 2718//2718 2717//2717
f 2557//2557 2718//2718 2556//2556
f 2411//2411 2718//2718 2557//2557
f 2718//2718 2411//2411 2649//2649
f 2412//2412 2719//2719 2649//2649
f 2561//2561 2560//2560 2720//2720
f 2412//2412 2562//2562 2719//2719
f 2561//2561 2721//2721 2650//2650
f 2563//2563 2722//2722 2562//2562
f 2650//2650 2723//2723 2564//2564
f 2563//2563 2651//2651 2722//2722
f 2723//2723 2489//2489 2564//2564
f 2418//2418 2724//2724 2654//2654
f 2418//2418 2656//2656 2724//2724
f 2725//2725 2570//2570 2655//2655
f 2569//2569 2726//2726 2494//2494
f 2727//2727 2570//2570 2725//2725
f 2727//2727 2571//2571 2570//2570
f 2572//2572 2726//2726 2569//2569
f 2657//2657 2571//2571 2727//2727
f 2572//2572 2658//2658 2726//2726
f 2728//2728 2575//2575 2574//2574
f 2424//2424 2729//2729 2573//2573
f 2495//2495 2729//2729 2424//2424
f 2659//2659 2575//2575 2728//2728
f 2576//2576 2730//2730 2496//2496
f 2576//2576 2731//2731 2730//2730
f 2498//2498 2731//2731 2576//2576
f 2498//2498 2732//2732 2731//2731
f 2578//2578 2732//2732 2498//2498
f 2578//2578 2733//2733 2732//2732
f 2428//2428 2733//2733 2578//2578
f 2428//2428 2734//2734 2733//2733
f 2662//2662 2579//2579 2735//2735
f 2499//2499 2734//2734 2428//2428
f 2736//2736 2581//2581 2662//2662
f 2499//2499 2580//2580 2734//2734
f 2737//2737 2582//2582 2581//2581
f 2582//2582 2737//2737 2583//2583
f 2500//2500 2738//2738 2663//2663
f 2500//2500 2664//2664 2738//2738
f 2583//2583 2501//2501 2351//2351
f 2502//2502 2665//2665 2664//2664
f 2739//2739 2584//2584 2501//2501
f 2435//2435 2666//2666 2665//2665
f 2739//2739 2585//2585 2584//2584
f 2739//2739 2503//2503 2585//2585
f 2436//2436 2668//2668 2666//2666
f 2739//2739 2740//2740 2503//2503
f 2669//2669 2503//2503 2740//2740
f 2741//2741 2667//2667 2586//2586
f 2505//2505 2741//2741 2586//2586
f 2589//2589 2742//2742 2588//2588
f 2589//2589 2591//2591 2742//2742
f 2743//2743 2592//2592 2590//2590
f 2743//2743 2593//2593 2592//2592
f 2594//2594 2744//2744 2591//2591
f 2743//2743 2745//2745 2593//2593
f 2595//2595 2593//2593 2745//2745
f 2594//2594 2596//2596 2744//2744
f 2595//2595 2746//2746 2597//2597
f 2746//2746 2507//2507 2597//2597
f 2508//2508 2747//2747 2596//2596
f 2670//2670 2600//2600 2510//2510
f 2603//2603 2676//2676 2748//2748
f 2604//2604 2749//2749 2674//2674
f 2604//2604 2678//2678 2749//2749
f 2750//2750 2603//2603 2748//2748
f 2750//2750 2605//2605 2603//2603
f 2451//2451 2751//2751 2678//2678
f 2681//2681 2513//2513 2679//2679
f 2515//2515 2605//2605 2752//2752
f 2751//2751 2451//2451 2514//2514
f 2683//2683 2753//2753 2680//2680
f 2683//2683 2754//2754 2753//2753
f 2755//2755 2751//2751 2514//2514
f 2606//2606 2755//2755 2514//2514
f 2517//2517 2754//2754 2683//2683
f 2607//2607 2515//2515 2756//2756
f 2757//2757 2606//2606 2608//2608
f 2758//2758 2519//2519 2684//2684
f 2756//2756 2759//2759 2607//2607
f 2607//2607 2759//2759 2518//2518
f 2608//2608 2760//2760 2757//2757
f 2608//2608 2609//2609 2760//2760
f 2761//2761 2609//2609 2610//2610
f 2761//2761 2760//2760 2609//2609
f 2520//2520 2519//2519 2758//2758
f 2685//2685 2686//2686 2759//2759
f 2613//2613 2518//2518 2759//2759
f 2610//2610 2611//2611 2761//2761
f 2761//2761 2611//2611 2762//2762
f 2759//2759 2686//2686 2613//2613
f 2611//2611 2763//2763 2762//2762
f 2611//2611 2612//2612 2763//2763
f 2614//2614 2763//2763 2612//2612
f 2764//2764 2763//2763 2614//2614
f 2764//2764 2614//2614 2765//2765
f 2765//2765 2614//2614 2616//2616
f 2765//2765 2616//2616 2688//2688
f 2766//2766 2522//2522 2687//2687
f 2688//2688 2618//2618 2767//2767
f 2522//2522 2766//2766 2619//2619
f 2767//2767 2618//2618 2689//2689
f 2619//2619 2766//2766 2768//2768
f 2768//2768 2689//2689 2465//2465
f 2465//2465 2619//2619 2768//2768
f 2769//2769 2690//2690 2524//2524
f 2770//2770 2690//2690 2769//2769
f 2770//2770 2620//2620 2690//2690
f 2770//2770 2691//2691 2620//2620
f 2524//2524 2621//2621 2769//2769
f 2692//2692 2691//2691 2770//2770
f 2693//2693 2621//2621 2526//2526
f 2527//2527 2692//2692 2771//2771
f 2624//2624 2527//2527 2771//2771
f 2772//2772 2624//2624 2771//2771
f 2622//2622 2528//2528 2773//2773
f 2622//2622 2773//2773 2623//2623
f 2773//2773 2528//2528 2625//2625
f 2772//2772 2529//2529 2624//2624
f 2774//2774 2773//2773 2625//2625
f 2626//2626 2774//2774 2625//2625
f 2627//2627 2775//2775 2626//2626
f 2696//2696 2775//2775 2627//2627
f 2696//2696 2628//2628 2776//2776
f 2776//2776 2628//2628 2698//2698
f 2474//2474 2697//2697 2777//2777
f 2778//2778 2474//2474 2777//2777
f 2699//2699 2532//2532 2533//2533
f 2534//2534 2474//2474 2778//2778
f 2534//2534 2778//2778 2535//2535
f 2700//2700 2702//2702 2536//2536
f 2630//2630 2702//2702 2779//2779
f 2779//2779 2780//2780 2630//2630
f 2703//2703 2537//2537 2781//2781
f 2630//2630 2780//2780 2631//2631
f 2538//2538 2631//2631 2782//2782
f 2538//2538 2782//2782 2633//2633
f 2537//2537 2632//2632 2781//2781
f 2632//2632 2783//2783 2784//2784
f 2634//2634 2783//2783 2632//2632
f 2481//2481 2783//2783 2634//2634
f 2481//2481 2785//2785 2783//2783
f 2481//2481 2637//2637 2785//2785
f 2540//2540 2706//2706 2786//2786
f 2709//2709 2708//2708 2787//2787
f 2546//2546 2788//2788 2707//2707
f 2638//2638 2713//2713 2789//2789
f 2789//2789 2790//2790 2638//2638
f 2546//2546 2791//2791 2788//2788
f 2547//2547 2791//2791 2546//2546
f 2790//2790 2639//2639 2638//2638
f 2639//2639 2790//2790 2714//2714
f 2548//2548 2791//2791 2547//2547
f 2548//2548 2792//2792 2791//2791
f 2641//2641 2792//2792 2548//2548
f 2715//2715 2640//2640 2714//2714
f 2641//2641 2643//2643 2792//2792
f 2644//2644 2793//2793 2643//2643
f 2644//2644 2794//2794 2793//2793
f 2550//2550 2794//2794 2644//2644
f 2551//2551 2794//2794 2550//2550
f 2551//2551 2795//2795 2794//2794
f 2552//2552 2646//2646 2796//2796
f 2553//2553 2795//2795 2551//2551
f 2647//2647 2552//2552 2796//2796
f 2553//2553 2716//2716 2795//2795
f 2797//2797 2558//2558 2648//2648
f 2559//2559 2558//2558 2797//2797
f 2798//2798 2559//2559 2797//2797
f 2799//2799 2559//2559 2798//2798
f 2799//2799 2560//2560 2559//2559
f 2720//2720 2560//2560 2799//2799
f 2721//2721 2561//2561 2720//2720
f 2562//2562 2800//2800 2719//2719
f 2562//2562 2722//2722 2800//2800
f 2651//2651 2801//2801 2722//2722
f 2802//2802 2489//2489 2723//2723
f 2651//2651 2565//2565 2801//2801
f 2802//2802 2652//2652 2489//2489
f 2565//2565 2566//2566 2803//2803
f 2567//2567 2653//2653 2804//2804
f 2655//2655 2567//2567 2805//2805
f 2568//2568 2806//2806 2656//2656
f 2568//2568 2807//2807 2806//2806
f 2494//2494 2807//2807 2568//2568
f 2726//2726 2807//2807 2494//2494
f 2573//2573 2729//2729 2658//2658
f 2808//2808 2659//2659 2728//2728
f 2729//2729 2495//2495 2809//2809
f 2808//2808 2660//2660 2659//2659
f 2496//2496 2809//2809 2495//2495
f 2810//2810 2660//2660 2808//2808
f 2496//2496 2730//2730 2809//2809
f 2810//2810 2577//2577 2660//2660
f 2811//2811 2661//2661 2577//2577
f 2735//2735 2579//2579 2661//2661
f 2662//2662 2735//2735 2812//2812
f 2736//2736 2662//2662 2812//2812
f 2581//2581 2736//2736 2737//2737
f 2813//2813 2583//2583 2737//2737
f 2814//2814 2583//2583 2813//2813
f 2814//2814 2501//2501 2583//2583
f 2815//2815 2501//2501 2814//2814
f 2816//2816 2501//2501 2815//2815
f 2665//2665 2817//2817 2664//2664
f 2501//2501 2816//2816 2739//2739
f 2666//2666 2817//2817 2665//2665
f 2818//2818 2506//2506 2669//2669
f 2819//2819 2506//2506 2818//2818
f 2505//2505 2588//2588 2741//2741
f 2587//2587 2506//2506 2819//2819
f 2820//2820 2587//2587 2819//2819
f 2590//2590 2587//2587 2820//2820
f 2595//2595 2745//2745 2821//2821
f 2747//2747 2744//2744 2596//2596
f 2595//2595 2821//2821 2746//2746
f 2507//2507 2746//2746 2822//2822
f 2823//2823 2747//2747 2508//2508
f 2599//2599 2507//2507 2822//2822
f 2598//2598 2823//2823 2508//2508
f 2671//2671 2824//2824 2598//2598
f 2600//2600 2670//2670 2825//2825
f 2671//2671 2672//2672 2824//2824
f 2600//2600 2826//2826 2673//2673
f 2601//2601 2827//2827 2672//2672
f 2602//2602 2673//2673 2828//2828
f 2601//2601 2829//2829 2827//2827
f 2602//2602 2828//2828 2830//2830
f 2675//2675 2602//2602 2830//2830
f 2601//2601 2674//2674 2829//2829
f 2676//2676 2831//2831 2748//2748
f 2676//2676 2677//2677 2831//2831
f 2677//2677 2830//2830 2831//2831
f 2677//2677 2675//2675 2830//2830
f 2680//2680 2832//2832 2679//2679
f 2680//2680 2753//2753 2832//2832
f 2605//2605 2750//2750 2752//2752
f 2833//2833 2682//2682 2681//2681
f 2752//2752 2754//2754 2515//2515
f 2682//2682 2833//2833 2684//2684
f 2834//2834 2684//2684 2833//2833
f 2756//2756 2515//2515 2754//2754
f 2756//2756 2754//2754 2517//2517
f 2834//2834 2758//2758 2684//2684
f 2685//2685 2756//2756 2517//2517
f 2759//2759 2756//2756 2685//2685
f 2835//2835 2836//2836 2763//2763
f 2835//2835 2763//2763 2837//2837
f 2838//2838 2520//2520 2758//2758
f 2764//2764 2837//2837 2763//2763
f 2837//2837 2764//2764 2839//2839
f 2765//2765 2839//2839 2764//2764
f 2615//2615 2520//2520 2838//2838
f 2687//2687 2615//2615 2838//2838
f 2840//2840 2765//2765 2688//2688
f 2840//2840 2688//2688 2767//2767
f 2841//2841 2766//2766 2687//2687
f 2767//2767 2768//2768 2841//2841
f 2841//2841 2768//2768 2766//2766
f 2689//2689 2768//2768 2767//2767
f 2842//2842 2769//2769 2621//2621
f 2843//2843 2769//2769 2842//2842
f 2843//2843 2770//2770 2769//2769
f 2692//2692 2770//2770 2844//2844
f 2842//2842 2621//2621 2693//2693
f 2623//2623 2845//2845 2693//2693
f 2773//2773 2846//2846 2623//2623
f 2847//2847 2529//2529 2772//2772
f 2848//2848 2694//2694 2847//2847
f 2529//2529 2847//2847 2694//2694
f 2849//2849 2774//2774 2626//2626
f 2848//2848 2850//2850 2694//2694
f 2775//2775 2849//2849 2626//2626
f 2694//2694 2850//2850 2695//2695
f 2695//2695 2850//2850 2697//2697
f 2698//2698 2699//2699 2851//2851
f 2698//2698 2851//2851 2776//2776
f 2699//2699 2533//2533 2852//2852
f 2700//2700 2535//2535 2853//2853
f 2778//2778 2853//2853 2535//2535
f 2629//2629 2852//2852 2533//2533
f 2629//2629 2854//2854 2852//2852
f 2701//2701 2854//2854 2629//2629
f 2702//2702 2700//2700 2855//2855
f 2703//2703 2854//2854 2701//2701
f 2702//2702 2855//2855 2779//2779
f 2631//2631 2780//2780 2782//2782
f 2633//2633 2782//2782 2856//2856
f 2781//2781 2632//2632 2784//2784
f 2633//2633 2856//2856 2704//2704
f 2705//2705 2704//2704 2857//2857
f 2857//2857 2858//2858 2705//2705
f 2705//2705 2858//2858 2635//2635
f 2858//2858 2859//2859 2635//2635
f 2635//2635 2859//2859 2636//2636
f 2860//2860 2785//2785 2637//2637
f 2859//2859 2706//2706 2636//2636
f 2860//2860 2637//2637 2861//2861
f 2711//2711 2710//2710 2862//2862
f 2711//2711 2862//2862 2712//2712
f 2861//2861 2637//2637 2707//2707
f 2540//2540 2786//2786 2863//2863
f 2708//2708 2540//2540 2863//2863
f 2864//2864 2865//2865 2712//2712
f 2861//2861 2707//2707 2788//2788
f 2865//2865 2713//2713 2712//2712
f 2865//2865 2789//2789 2713//2713
f 2866//2866 2790//2790 2789//2789
f 2714//2714 2790//2790 2867//2867
f 2714//2714 2867//2867 2868//2868
f 2714//2714 2868//2868 2715//2715
f 2715//2715 2869//2869 2642//2642
f 2870//2870 2642//2642 2869//2869
f 2645//2645 2642//2642 2870//2870
f 2643//2643 2793//2793 2871//2871
f 2646//2646 2645//2645 2872//2872
f 2646//2646 2872//2872 2873//2873
f 2796//2796 2646//2646 2873//2873
f 2647//2647 2796//2796 2874//2874
f 2648//2648 2647//2647 2874//2874
f 2648//2648 2874//2874 2875//2875
f 2875//2875 2797//2797 2648//2648
f 2718//2718 2876//2876 2877//2877
f 2649//2649 2876//2876 2718//2718
f 2649//2649 2719//2719 2876//2876
f 2799//2799 2878//2878 2720//2720
f 2878//2878 2721//2721 2720//2720
f 2650//2650 2721//2721 2879//2879
f 2650//2650 2879//2879 2880//2880
f 2650//2650 2880//2880 2723//2723
f 2880//2880 2802//2802 2723//2723
f 2802//2802 2881//2881 2652//2652
f 2566//2566 2882//2882 2803//2803
f 2881//2881 2883//2883 2652//2652
f 2652//2652 2883//2883 2653//2653
f 2804//2804 2653//2653 2883//2883
f 2566//2566 2884//2884 2882//2882
f 2654//2654 2884//2884 2566//2566
f 2654//2654 2724//2724 2884//2884
f 2805//2805 2567//2567 2804//2804
f 2656//2656 2806//2806 2885//2885
f 2886//2886 2655//2655 2805//2805
f 2886//2886 2725//2725 2655//2655
f 2887//2887 2725//2725 2886//2886
f 2887//2887 2727//2727 2725//2725
f 2726//2726 2888//2888 2807//2807
f 2658//2658 2888//2888 2726//2726
f 2889//2889 2657//2657 2727//2727
f 2889//2889 2574//2574 2657//2657
f 2728//2728 2574//2574 2889//2889
f 2809//2809 2890//2890 2729//2729
f 2730//2730 2891//2891 2809//2809
f 2731//2731 2891//2891 2730//2730
f 2731//2731 2892//2892 2891//2891
f 2810//2810 2811//2811 2577//2577
f 2731//2731 2893//2893 2892//2892
f 2732//2732 2893//2893 2731//2731
f 2661//2661 2811//2811 2735//2735
f 2732//2732 2733//2733 2893//2893
f 2734//2734 2894//2894 2733//2733
f 2580//2580 2894//2894 2734//2734
f 2580//2580 2895//2895 2894//2894
f 2896//2896 2737//2737 2736//2736
f 2663//2663 2895//2895 2580//2580
f 2663//2663 2897//2897 2895//2895
f 2813//2813 2737//2737 2896//2896
f 2663//2663 2738//2738 2897//2897
f 2664//2664 2898//2898 2738//2738
f 2664//2664 2817//2817 2898//2898
f 2815//2815 2899//2899 2816//2816
f 2666//2666 2900//2900 2817//2817
f 2899//2899 2739//2739 2816//2816
f 2901//2901 2900//2900 2666//2666
f 2668//2668 2901//2901 2666//2666
f 2902//2902 2740//2740 2739//2739
f 2740//2740 2902//2902 2903//2903
f 2667//2667 2904//2904 2668//2668
f 2669//2669 2740//2740 2903//2903
f 2905//2905 2904//2904 2667//2667
f 2741//2741 2905//2905 2667//2667
f 2669//2669 2903//2903 2818//2818
f 2741//2741 2588//2588 2906//2906
f 2588//2588 2742//2742 2906//2906
f 2907//2907 2590//2590 2820//2820
f 2743//2743 2590//2590 2907//2907
f 2908//2908 2742//2742 2591//2591
f 2909//2909 2743//2743 2907//2907
f 2744//2744 2908//2908 2591//2591
f 2909//2909 2745//2745 2743//2743
f 2909//2909 2821//2821 2745//2745
f 2599//2599 2822//2822 2910//2910
f 2598//2598 2911//2911 2823//2823
f 2670//2670 2910//2910 2912//2912
f 2670//2670 2599//2599 2910//2910
f 2670//2670 2912//2912 2825//2825
f 2598//2598 2824//2824 2911//2911
f 2825//2825 2826//2826 2600//2600
f 2672//2672 2827//2827 2824//2824
f 2673//2673 2826//2826 2913//2913
f 2673//2673 2913//2913 2828//2828
f 2748//2748 2831//2831 2914//2914
f 2914//2914 2915//2915 2748//2748
f 2915//2915 2750//2750 2748//2748
f 2749//2749 2678//2678 2916//2916
f 2751//2751 2916//2916 2678//2678
f 2679//2679 2832//2832 2681//2681
f 2833//2833 2681//2681 2832//2832
f 2750//2750 2753//2753 2752//2752
f 2751//2751 2917//2917 2916//2916
f 2751//2751 2755//2755 2917//2917
f 2754//2754 2752//2752 2753//2753
f 2918//2918 2755//2755 2606//2606
f 2918//2918 2606//2606 2757//2757
f 2760//2760 2919//2919 2757//2757
f 2760//2760 2761//2761 2919//2919
f 2835//2835 2837//2837 2920//2920
f 2763//2763 2836//2836 2921//2921
f 2921//2921 2761//2761 2762//2762
f 2762//2762 2763//2763 2921//2921
f 2920//2920 2837//2837 2839//2839
f 2839//2839 2922//2922 2920//2920
f 2922//2922 2839//2839 2923//2923
f 2924//2924 2838//2838 2758//2758
f 2765//2765 2923//2923 2839//2839
f 2925//2925 2838//2838 2924//2924
f 2923//2923 2765//2765 2840//2840
f 2923//2923 2840//2840 2925//2925
f 2687//2687 2838//2838 2925//2925
f 2841//2841 2925//2925 2840//2840
f 2841//2841 2687//2687 2925//2925
f 2841//2841 2840//2840 2767//2767
f 2843//2843 2844//2844 2770//2770
f 2693//2693 2926//2926 2842//2842
f 2927//2927 2842//2842 2926//2926
f 2843//2843 2842//2842 2927//2927
f 2927//2927 2844//2844 2843//2843
f 2928//2928 2844//2844 2927//2927
f 2928//2928 2692//2692 2844//2844
f 2692//2692 2928//2928 2771//2771
f 2926//2926 2693//2693 2845//2845
f 2771//2771 2928//2928 2772//2772
f 2846//2846 2845//2845 2623//2623
f 2929//2929 2772//2772 2928//2928
f 2930//2930 2773//2773 2774//2774
f 2846//2846 2773//2773 2930//2930
f 2847//2847 2772//2772 2929//2929
f 2931//2931 2930//2930 2774//2774
f 2929//2929 2848//2848 2847//2847
f 2849//2849 2931//2931 2774//2774
f 2932//2932 2697//2697 2850//2850
f 2776//2776 2933//2933 2696//2696
f 2933//2933 2775//2775 2696//2696
f 2697//2697 2932//2932 2777//2777
f 2853//2853 2778//2778 2934//2934
f 2777//2777 2934//2934 2778//2778
f 2935//2935 2851//2851 2699//2699
f 2852//2852 2935//2935 2699//2699
f 2700//2700 2936//2936 2855//2855
f 2779//2779 2855//2855 2937//2937
f 2938//2938 2779//2779 2937//2937
f 2939//2939 2854//2854 2703//2703
f 2780//2780 2779//2779 2938//2938
f 2781//2781 2939//2939 2703//2703
f 2938//2938 2940//2940 2782//2782
f 2782//2782 2780//2780 2938//2938
f 2782//2782 2940//2940 2856//2856
f 2781//2781 2941//2941 2939//2939
f 2941//2941 2781//2781 2784//2784
f 2704//2704 2856//2856 2942//2942
f 2943//2943 2941//2941 2784//2784
f 2704//2704 2944//2944 2857//2857
f 2783//2783 2943//2943 2784//2784
f 2945//2945 2943//2943 2783//2783
f 2785//2785 2945//2945 2783//2783
f 2945//2945 2785//2785 2860//2860
f 2860//2860 2946//2946 2945//2945
f 2947//2947 2706//2706 2859//2859
f 2861//2861 2948//2948 2860//2860
f 2860//2860 2948//2948 2946//2946
f 2948//2948 2706//2706 2947//2947
f 2786//2786 2706//2706 2948//2948
f 2949//2949 2709//2709 2787//2787
f 2710//2710 2709//2709 2949//2949
f 2950//2950 2710//2710 2949//2949
f 2950//2950 2862//2862 2710//2710
f 2712//2712 2862//2862 2864//2864
f 2951//2951 2948//2948 2861//2861
f 2952//2952 2786//2786 2948//2948
f 2708//2708 2863//2863 2953//2953
f 2953//2953 2787//2787 2708//2708
f 2788//2788 2951//2951 2861//2861
f 2952//2952 2863//2863 2786//2786
f 2954//2954 2789//2789 2865//2865
f 2866//2866 2789//2789 2954//2954
f 2955//2955 2951//2951 2788//2788
f 2790//2790 2866//2866 2956//2956
f 2791//2791 2955//2955 2788//2788
f 2790//2790 2956//2956 2867//2867
f 2791//2791 2957//2957 2955//2955
f 2958//2958 2868//2868 2867//2867
f 2958//2958 2959//2959 2868//2868
f 2792//2792 2957//2957 2791//2791
f 2959//2959 2715//2715 2868//2868
f 2792//2792 2960//2960 2957//2957
f 2715//2715 2959//2959 2869//2869
f 2869//2869 2959//2959 2961//2961
f 2643//2643 2960//2960 2792//2792
f 2961//2961 2870//2870 2869//2869
f 2871//2871 2960//2960 2643//2643
f 2645//2645 2870//2870 2962//2962
f 2794//2794 2963//2963 2793//2793
f 2872//2872 2645//2645 2962//2962
f 2794//2794 2795//2795 2963//2963
f 2796//2796 2873//2873 2964//2964
f 2716//2716 2965//2965 2795//2795
f 2964//2964 2874//2874 2796//2796
f 2717//2717 2965//2965 2716//2716
f 2718//2718 2877//2877 2717//2717
f 2797//2797 2875//2875 2966//2966
f 2966//2966 2798//2798 2797//2797
f 2798//2798 2967//2967 2799//2799
f 2876//2876 2719//2719 2968//2968
f 2967//2967 2878//2878 2799//2799
f 2719//2719 2969//2969 2968//2968
f 2800//2800 2969//2969 2719//2719
f 2878//2878 2879//2879 2721//2721
f 2722//2722 2970//2970 2800//2800
f 2801//2801 2970//2970 2722//2722
f 2880//2880 2971//2971 2802//2802
f 2565//2565 2972//2972 2801//2801
f 2971//2971 2881//2881 2802//2802
f 2803//2803 2972//2972 2565//2565
f 2803//2803 2882//2882 2972//2972
f 2883//2883 2881//2881 2973//2973
f 2973//2973 2974//2974 2883//2883
f 2883//2883 2974//2974 2804//2804
f 2804//2804 2974//2974 2805//2805
f 2656//2656 2885//2885 2724//2724
f 2975//2975 2805//2805 2974//2974
f 2975//2975 2886//2886 2805//2805
f 2806//2806 2976//2976 2885//2885
f 2807//2807 2976//2976 2806//2806
f 2807//2807 2888//2888 2976//2976
f 2977//2977 2727//2727 2887//2887
f 2977//2977 2889//2889 2727//2727
f 2658//2658 2978//2978 2888//2888
f 2729//2729 2978//2978 2658//2658
f 2889//2889 2979//2979 2728//2728
f 2729//2729 2980//2980 2978//2978
f 2729//2729 2890//2890 2980//2980
f 2981//2981 2728//2728 2979//2979
f 2981//2981 2808//2808 2728//2728
f 2809//2809 2982//2982 2890//2890
f 2981//2981 2810//2810 2808//2808
f 2891//2891 2982//2982 2809//2809
f 2735//2735 2811//2811 2983//2983
f 2733//2733 2984//2984 2893//2893
f 2735//2735 2983//2983 2985//2985
f 2985//2985 2812//2812 2735//2735
f 2733//2733 2894//2894 2984//2984
f 2736//2736 2812//2812 2986//2986
f 2986//2986 2896//2896 2736//2736
f 2738//2738 2898//2898 2897//2897
f 2813//2813 2987//2987 2814//2814
f 2814//2814 2987//2987 2815//2815
f 2817//2817 2988//2988 2898//2898
f 2668//2668 2904//2904 2901//2901
f 2905//2905 2741//2741 2989//2989
f 2741//2741 2906//2906 2989//2989
f 2742//2742 2990//2990 2906//2906
f 2908//2908 2990//2990 2742//2742
f 2991//2991 2908//2908 2744//2744
f 2744//2744 2747//2747 2991//2991
f 2992//2992 2993//2993 2822//2822
f 2822//2822 2746//2746 2992//2992
f 2822//2822 2993//2993 2910//2910
f 2994//2994 2826//2826 2825//2825
f 2912//2912 2994//2994 2825//2825
f 2995//2995 2911//2911 2824//2824
f 2827//2827 2995//2995 2824//2824
f 2996//2996 2830//2830 2828//2828
f 2827//2827 2829//2829 2997//2997
f 2831//2831 2998//2998 2914//2914
f 2831//2831 2996//2996 2998//2998
f 2831//2831 2830//2830 2996//2996
f 2997//2997 2829//2829 2999//2999
f 2674//2674 2999//2999 2829//2829
f 2999//2999 2674//2674 2749//2749
f 2915//2915 3000//3000 2750//2750
f 2749//2749 2916//2916 3001//3001
f 2832//2832 3000//3000 2833//2833
f 2832//2832 2753//2753 3000//3000
f 2750//2750 3000//3000 2753//2753
f 2917//2917 3002//3002 2916//2916
f 2757//2757 2919//2919 2918//2918
f 2835//2835 2920//2920 3003//3003
f 3003//3003 2920//2920 3004//3004
f 2758//2758 2834//2834 3005//3005
f 2922//2922 3004//3004 2920//2920
f 2922//2922 3005//3005 3004//3004
f 2923//2923 3005//3005 2922//2922
f 2923//2923 2758//2758 3005//3005
f 2924//2924 2758//2758 2923//2923
f 2924//2924 2923//2923 2925//2925
f 2845//2845 3006//3006 2926//2926
f 3006//3006 2927//2927 2926//2926
f 3007//3007 2927//2927 3006//3006
f 2928//2928 2927//2927 3007//3007
f 3008//3008 2845//2845 2846//2846
f 3008//3008 3006//3006 2845//2845
f 3009//3009 2928//2928 3007//3007
f 2929//2929 2928//2928 3009//3009
f 2930//2930 3008//3008 2846//2846
f 2848//2848 2929//2929 3009//3009
f 3010//3010 2848//2848 3009//3009
f 3011//3011 2931//2931 2849//2849
f 3012//3012 2850//2850 3010//3010
f 3010//3010 2850//2850 2848//2848
f 3013//3013 2849//2849 2775//2775
f 3012//3012 2932//2932 2850//2850
f 3014//3014 2932//2932 3012//3012
f 2933//2933 3013//3013 2775//2775
f 3014//3014 2777//2777 2932//2932
f 3014//3014 2934//2934 2777//2777
f 3015//3015 2934//2934 3014//3014
f 2851//2851 3016//3016 2776//2776
f 3016//3016 2933//2933 2776//2776
f 3015//3015 2853//2853 2934//2934
f 3016//3016 2851//2851 2935//2935
f 3017//3017 2853//2853 3015//3015
f 2853//2853 3017//3017 2700//2700
f 2852//2852 3018//3018 2935//2935
f 3019//3019 2936//2936 3017//3017
f 3017//3017 2936//2936 2700//2700
f 3020//3020 2936//2936 3019//3019
f 3018//3018 2852//2852 2854//2854
f 3021//3021 3018//3018 2854//2854
f 3020//3020 2855//2855 2936//2936
f 3020//3020 2937//2937 2855//2855
f 2854//2854 3022//3022 3021//3021
f 3022//3022 2854//2854 2939//2939
f 3023//3023 2856//2856 2940//2940
f 3024//3024 2939//2939 2941//2941
f 2856//2856 3023//3023 2942//2942
f 2944//2944 2704//2704 2942//2942
f 3025//3025 3024//3024 2941//2941
f 2943//2943 3025//3025 2941//2941
f 3026//3026 2857//2857 2944//2944
f 3027//3027 3025//3025 2943//2943
f 3027//3027 3026//3026 3025//3025
f 3026//3026 3027//3027 2858//2858
f 3026//3026 2858//2858 2857//2857
f 2945//2945 3027//3027 2943//2943
f 2859//2859 2858//2858 3027//3027
f 2946//2946 3027//3027 2945//2945
f 2947//2947 3027//3027 2946//2946
f 2859//2859 3027//3027 2947//2947
f 2948//2948 2947//2947 2946//2946
f 2862//2862 2950//2950 3028//3028
f 2862//2862 3028//3028 2864//2864
f 2949//2949 2787//2787 2953//2953
f 3029//3029 2865//2865 2864//2864
f 2865//2865 3029//3029 2954//2954
f 2952//2952 2948//2948 2951//2951
f 2954//2954 3030//3030 2866//2866
f 2866//2866 3030//3030 2956//2956
f 2955//2955 2952//2952 2951//2951
f 3031//3031 2867//2867 2956//2956
f 3031//3031 2958//2958 2867//2867
f 3032//3032 2958//2958 3031//3031
f 3033//3033 2958//2958 3032//3032
f 3033//3033 3034//3034 2958//2958
f 3035//3035 3034//3034 3033//3033
f 3034//3034 3035//3035 3036//3036
f 3037//3037 2955//2955 2957//2957
f 3036//3036 3038//3038 3034//3034
f 3034//3034 3039//3039 2958//2958
f 3034//3034 3040//3040 3039//3039
f 3038//3038 3040//3040 3034//3034
f 3039//3039 2959//2959 2958//2958
f 3041//3041 2957//2957 2960//2960
f 2959//2959 3039//3039 2961//2961
f 3039//3039 3042//3042 2961//2961
f 3040//3040 3042//3042 3039//3039
f 3042//3042 3040//3040 3043//3043
f 3042//3042 3044//3044 2961//2961
f 3042//3042 3043//3043 3044//3044
f 2870//2870 2961//2961 3044//3044
f 3045//3045 3044//3044 3043//3043
f 2793//2793 3046//3046 2871//2871
f 3044//3044 2962//2962 2870//2870
f 3044//3044 3045//3045 2962//2962
f 2963//2963 3046//3046 2793//2793
f 2962//2962 3045//3045 2872//2872
f 2872//2872 3047//3047 2873//2873
f 2964//2964 2873//2873 3047//3047
f 2874//2874 2964//2964 3048//3048
f 3048//3048 3049//3049 2874//2874
f 2874//2874 3049//3049 2875//2875
f 3049//3049 2966//2966 2875//2875
f 2877//2877 3050//3050 2717//2717
f 2877//2877 3051//3051 3050//3050
f 2876//2876 3051//3051 2877//2877
f 2966//2966 3052//3052 2798//2798
f 2876//2876 2968//2968 3051//3051
f 3052//3052 2967//2967 2798//2798
f 2878//2878 3053//3053 2879//2879
f 2800//2800 3054//3054 2969//2969
f 2800//2800 2970//2970 3054//3054
f 3053//3053 3055//3055 2879//2879
f 2879//2879 3055//3055 2880//2880
f 3055//3055 2971//2971 2880//2880
f 2801//2801 3056//3056 2970//2970
f 2801//2801 2972//2972 3056//3056
f 2881//2881 2971//2971 3057//3057
f 2881//2881 3057//3057 2973//2973
f 2724//2724 3058//3058 2884//2884
f 2724//2724 2885//2885 3058//3058
f 3059//3059 2975//2975 2974//2974
f 2886//2886 2975//2975 3060//3060
f 3060//3060 2887//2887 2886//2886
f 2888//2888 3061//3061 2976//2976
f 2887//2887 3062//3062 2977//2977
f 2888//2888 2978//2978 3061//3061
f 3062//3062 2889//2889 2977//2977
f 3063//3063 2889//2889 3062//3062
f 2979//2979 2889//2889 3063//3063
f 2890//2890 3064//3064 2980//2980
f 2890//2890 2982//2982 3064//3064
f 3065//3065 2810//2810 2981//2981
f 3065//3065 3066//3066 2810//2810
f 2810//2810 3066//3066 2811//2811
f 2811//2811 3066//3066 2983//2983
f 2812//2812 2985//2985 2986//2986
f 2896//2896 2986//2986 3067//3067
f 2813//2813 2896//2896 3067//3067
f 3068//3068 2813//2813 3067//3067
f 2898//2898 3069//3069 2897//2897
f 2987//2987 2813//2813 3068//3068
f 2898//2898 2988//2988 3069//3069
f 2987//2987 3070//3070 2815//2815
f 2899//2899 2815//2815 3070//3070
f 2817//2817 3071//3071 2988//2988
f 2900//2900 3071//3071 2817//2817
f 3072//3072 3071//3071 2900//2900
f 2899//2899 3073//3073 2739//2739
f 2901//2901 3072//3072 2900//2900
f 3073//3073 2902//2902 2739//2739
f 2904//2904 3072//3072 2901//2901
f 2902//2902 3074//3074 2903//2903
f 3074//3074 3075//3075 2903//2903
f 2903//2903 3075//3075 2818//2818
f 3075//3075 3076//3076 2818//2818
f 2818//2818 3076//3076 2819//2819
f 3076//3076 3077//3077 2819//2819
f 2819//2819 3077//3077 2820//2820
f 3078//3078 2820//2820 3077//3077
f 3078//3078 2907//2907 2820//2820
f 2907//2907 3079//3079 2909//2909
f 2908//2908 2991//2991 3080//3080
f 2909//2909 3081//3081 2821//2821
f 3082//3082 2992//2992 2746//2746
f 2746//2746 2821//2821 3082//3082
f 2991//2991 2747//2747 3083//3083
f 2991//2991 3083//3083 3084//3084
f 2747//2747 2823//2823 3083//3083
f 2993//2993 3085//3085 2910//2910
f 3086//3086 3083//3083 2823//2823
f 2912//2912 3085//3085 3087//3087
f 2912//2912 2910//2910 3085//3085
f 3086//3086 2823//2823 2911//2911
f 2912//2912 3087//3087 2994//2994
f 2911//2911 3088//3088 3086//3086
f 3089//3089 2826//2826 3090//3090
f 3090//3090 2826//2826 2994//2994
f 2911//2911 2995//2995 3088//3088
f 3089//3089 2913//2913 2826//2826
f 3091//3091 2913//2913 3089//3089
f 2827//2827 3092//3092 2995//2995
f 2828//2828 3091//3091 2996//2996
f 2828//2828 2913//2913 3091//3091
f 2827//2827 2997//2997 3092//3092
f 2998//2998 3093//3093 2914//2914
f 2915//2915 2914//2914 3093//3093
f 3094//3094 2999//2999 2749//2749
f 2749//2749 3001//3001 3094//3094
f 2915//2915 3095//3095 3000//3000
f 3000//3000 3095//3095 3096//3096
f 3097//3097 2833//2833 3096//3096
f 3096//3096 2833//2833 3000//3000
f 2916//2916 3002//3002 3001//3001
f 2918//2918 3098//3098 2917//2917
f 2918//2918 2917//2917 2755//2755
f 3099//3099 3098//3098 2918//2918
f 3099//3099 2918//2918 3100//3100
f 3101//3101 2833//2833 3097//3097
f 2834//2834 2833//2833 3101//3101
f 3100//3100 2918//2918 2919//2919
f 3100//3100 2919//2919 3102//3102
f 3004//3004 3103//3103 3003//3003
f 3004//3004 3101//3101 3103//3103
f 3005//3005 3101//3101 3004//3004
f 2834//2834 3101//3101 3005//3005
f 2761//2761 3102//3102 2919//2919
f 3102//3102 2761//2761 3104//3104
f 3105//3105 2836//2836 2835//2835
f 2835//2835 3003//3003 3105//3105
f 2836//2836 3104//3104 2921//2921
f 2921//2921 3104//3104 2761//2761
f 3008//3008 3106//3106 3006//3006
f 3107//3107 3006//3006 3106//3106
f 3107//3107 3007//3007 3006//3006
f 3107//3107 3009//3009 3007//3007
f 3108//3108 3008//3008 2930//2930
f 3108//3108 3106//3106 3008//3008
f 2931//2931 3109//3109 2930//2930
f 3109//3109 3108//3108 2930//2930
f 3110//3110 3009//3009 3107//3107
f 3010//3010 3009//3009 3110//3110
f 3011//3011 3109//3109 2931//2931
f 3111//3111 3107//3107 3106//3106
f 3110//3110 3107//3107 3111//3111
f 3110//3110 3012//3012 3010//3010
f 3112//3112 3011//3011 2849//2849
f 3012//3012 3110//3110 3111//3111
f 3013//3013 3112//3112 2849//2849
f 3014//3014 3012//3012 3111//3111
f 3113//3113 3013//3013 2933//2933
f 3113//3113 2933//2933 3114//3114
f 3114//3114 2933//2933 3016//3016
f 3018//3018 3016//3016 2935//2935
f 3115//3115 3016//3016 3018//3018
f 3021//3021 3115//3115 3018//3018
f 3116//3116 3115//3115 3021//3021
f 3117//3117 3118//3118 3020//3020
f 3116//3116 3021//3021 3022//3022
f 3119//3119 3118//3118 3117//3117
f 2937//2937 3020//3020 3118//3118
f 3120//3120 3118//3118 3119//3119
f 3118//3118 2938//2938 2937//2937
f 3121//3121 3116//3116 3022//3022
f 2940//2940 3118//3118 3120//3120
f 3118//3118 2940//2940 2938//2938
f 3122//3122 3123//3123 3023//3023
f 3023//3023 3120//3120 3122//3122
f 2940//2940 3120//3120 3023//3023
f 3124//3124 3022//3022 2939//2939
f 3124//3124 3121//3121 3022//3022
f 3125//3125 3121//3121 3124//3124
f 3125//3125 3126//3126 3121//3121
f 3126//3126 3125//3125 3123//3123
f 3123//3123 2942//2942 3023//3023
f 3024//3024 3124//3124 2939//2939
f 2944//2944 3123//3123 3125//3125
f 2942//2942 3123//3123 2944//2944
f 3026//3026 3124//3124 3024//3024
f 3026//3026 3125//3125 3124//3124
f 3025//3025 3026//3026 3024//3024
f 3125//3125 3026//3026 2944//2944
f 2953//2953 3127//3127 2949//2949
f 3128//3128 2949//2949 3127//3127
f 2950//2950 2949//2949 3128//3128
f 3129//3129 2864//2864 3028//3028
f 3130//3130 3029//3029 3129//3129
f 3129//3129 3029//3029 2864//2864
f 3130//3130 2954//2954 3029//3029
f 2954//2954 3130//3130 3030//3030
f 2863//2863 2952//2952 3131//3131
f 3030//3030 3132//3132 2956//2956
f 3132//3132 3031//3031 2956//2956
f 3133//3133 3031//3031 3132//3132
f 3031//3031 3133//3133 3134//3134
f 3135//3135 3033//3033 3134//3134
f 3135//3135 3035//3035 3033//3033
f 3136//3136 3137//3137 3035//3035
f 3138//3138 3137//3137 3136//3136
f 3137//3137 3138//3138 3139//3139
f 3134//3134 3032//3032 3031//3031
f 3033//3033 3032//3032 3134//3134
f 3137//3137 3036//3036 3035//3035
f 3140//3140 2952//2952 2955//2955
f 3139//3139 3036//3036 3137//3137
f 2955//2955 3037//3037 3140//3140
f 3139//3139 3141//3141 3036//3036
f 3036//3036 3141//3141 3142//3142
f 3142//3142 3038//3038 3036//3036
f 2957//2957 3041//3041 3037//3037
f 3038//3038 3143//3143 3040//3040
f 3143//3143 3038//3038 3142//3142
f 3143//3143 3043//3043 3040//3040
f 2960//2960 3144//3144 3041//3041
f 3143//3143 3145//3145 3043//3043
f 2871//2871 3144//3144 2960//2960
f 3043//3043 3145//3145 3146//3146
f 3046//3046 3144//3144 2871//2871
f 3045//3045 3043//3043 3146//3146
f 3045//3045 3147//3147 2872//2872
f 2872//2872 3147//3147 3047//3047
f 2795//2795 3148//3148 2963//2963
f 2795//2795 2965//2965 3148//3148
f 2717//2717 3149//3149 2965//2965
f 2717//2717 3050//3050 3149//3149
f 2968//2968 3150//3150 3051//3051
f 3052//3052 3151//3151 2967//2967
f 3151//3151 3152//3152 2967//2967
f 2967//2967 3152//3152 2878//2878
f 2968//2968 2969//2969 3153//3153
f 3152//3152 3053//3053 2878//2878
f 2970//2970 3154//3154 3054//3054
f 2970//2970 3056//3056 3154//3154
f 2882//2882 3155//3155 2972//2972
f 2884//2884 3155//3155 2882//2882
f 2974//2974 2973//2973 3059//3059
f 3059//3059 3156//3156 2975//2975
f 2975//2975 3156//3156 3060//3060
f 2885//2885 2976//2976 3157//3157
f 3158//3158 2887//2887 3060//3060
f 2976//2976 3061//3061 3159//3159
f 3062//3062 2887//2887 3158//3158
f 2979//2979 3063//3063 3160//3160
f 2979//2979 3160//3160 2981//2981
f 3064//3064 2982//2982 3161//3161
f 3162//3162 2981//2981 3160//3160
f 2982//2982 3163//3163 3161//3161
f 2891//2891 3163//3163 2982//2982
f 3162//3162 3065//3065 2981//2981
f 2891//2891 3164//3164 3163//3163
f 2892//2892 3164//3164 2891//2891
f 2893//2893 3164//3164 2892//2892
f 3066//3066 3165//3165 2983//2983
f 2893//2893 3166//3166 3164//3164
f 2984//2984 3166//3166 2893//2893
f 2983//2983 3165//3165 2985//2985
f 2984//2984 3167//3167 3166//3166
f 2894//2894 3167//3167 2984//2984
f 3165//3165 3168//3168 2985//2985
f 2985//2985 3168//3168 2986//2986
f 2894//2894 2895//2895 3167//3167
f 3070//3070 2987//2987 3068//3068
f 3073//3073 3169//3169 2902//2902
f 2904//2904 3170//3170 3072//3072
f 3074//3074 2902//2902 3169//3169
f 3171//3171 2904//2904 2905//2905
f 2905//2905 2989//2989 3171//3171
f 3172//3172 3076//3076 3075//3075
f 3076//3076 3172//3172 3077//3077
f 3173//3173 2989//2989 2906//2906
f 2906//2906 2990//2990 3173//3173
f 3077//3077 3174//3174 3078//3078
f 3175//3175 3173//3173 2990//2990
f 3078//3078 3079//3079 2907//2907
f 2990//2990 2908//2908 3175//3175
f 3175//3175 2908//2908 3080//3080
f 3079//3079 3081//3081 2909//2909
f 3081//3081 3082//3082 2821//2821
f 2991//2991 3084//3084 3080//3080
f 3085//3085 2993//2993 3176//3176
f 2993//2993 2992//2992 3176//3176
f 3083//3083 3177//3177 3084//3084
f 3083//3083 3086//3086 3177//3177
f 2994//2994 3087//3087 3090//3090
f 3178//3178 3088//3088 2995//2995
f 3092//3092 3178//3178 2995//2995
f 3179//3179 2996//2996 3091//3091
f 2998//2998 2996//2996 3179//3179
f 2997//2997 3180//3180 3092//3092
f 3180//3180 3181//3181 3092//3092
f 3093//3093 2998//2998 3182//3182
f 3180//3180 2997//2997 3183//3183
f 2997//2997 2999//2999 3183//3183
f 3093//3093 3184//3184 2915//2915
f 3183//3183 2999//2999 3094//3094
f 2915//2915 3184//3184 3095//3095
f 3096//3096 3095//3095 3184//3184
f 3001//3001 3185//3185 3094//3094
f 3186//3186 3185//3185 3001//3001
f 3187//3187 2917//2917 3188//3188
f 2917//2917 3098//3098 3188//3188
f 3002//3002 2917//2917 3187//3187
f 3001//3001 3189//3189 3186//3186
f 3002//3002 3189//3189 3001//3001
f 3190//3190 3099//3099 3100//3100
f 3191//3191 3192//3192 3103//3103
f 3101//3101 3191//3191 3103//3103
f 3097//3097 3191//3191 3101//3101
f 3190//3190 3100//3100 3102//3102
f 3193//3193 3190//3190 3102//3102
f 3192//3192 3105//3105 3003//3003
f 3103//3103 3192//3192 3003//3003
f 3193//3193 3102//3102 3104//3104
f 3193//3193 3104//3104 2836//2836
f 2836//2836 3105//3105 3193//3193
f 3109//3109 3194//3194 3108//3108
f 3194//3194 3106//3106 3108//3108
f 3194//3194 3111//3111 3106//3106
f 3195//3195 3109//3109 3011//3011
f 3195//3195 3194//3194 3109//3109
f 3195//3195 3011//3011 3112//3112
f 3196//3196 3194//3194 3195//3195
f 3196//3196 3111//3111 3194//3194
f 3014//3014 3111//3111 3196//3196
f 3013//3013 3197//3197 3112//3112
f 3197//3197 3195//3195 3112//3112
f 3198//3198 3197//3197 3013//3013
f 3199//3199 3195//3195 3197//3197
f 3199//3199 3196//3196 3195//3195
f 3014//3014 3196//3196 3015//3015
f 3198//3198 3013//3013 3113//3113
f 3015//3015 3196//3196 3199//3199
f 3198//3198 3113//3113 3114//3114
f 3200//3200 3199//3199 3197//3197
f 3200//3200 3197//3197 3198//3198
f 3017//3017 3199//3199 3200//3200
f 3015//3015 3199//3199 3017//3017
f 3201//3201 3114//3114 3016//3016
f 3201//3201 3198//3198 3114//3114
f 3202//3202 3198//3198 3201//3201
f 3202//3202 3200//3200 3198//3198
f 3203//3203 3200//3200 3202//3202
f 3019//3019 3200//3200 3203//3203
f 3200//3200 3019//3019 3017//3017
f 3204//3204 3201//3201 3016//3016
f 3205//3205 3202//3202 3201//3201
f 3115//3115 3204//3204 3016//3016
f 3204//3204 3205//3205 3201//3201
f 3117//3117 3202//3202 3205//3205
f 3117//3117 3203//3203 3202//3202
f 3020//3020 3203//3203 3117//3117
f 3203//3203 3020//3020 3019//3019
f 3206//3206 3204//3204 3115//3115
f 3207//3207 3204//3204 3206//3206
f 3207//3207 3205//3205 3204//3204
f 3119//3119 3117//3117 3205//3205
f 3115//3115 3116//3116 3206//3206
f 3119//3119 3205//3205 3207//3207
f 3122//3122 3119//3119 3207//3207
f 3120//3120 3119//3119 3122//3122
f 3121//3121 3206//3206 3116//3116
f 3126//3126 3206//3206 3121//3121
f 3126//3126 3207//3207 3206//3206
f 3123//3123 3207//3207 3126//3126
f 3123//3123 3122//3122 3207//3207
f 2950//2950 3128//3128 3208//3208
f 3028//3028 2950//2950 3208//3208
f 3209//3209 3028//3028 3208//3208
f 3209//3209 3129//3129 3028//3028
f 3127//3127 2953//2953 3210//3210
f 3130//3130 3211//3211 3030//3030
f 2953//2953 2863//2863 3212//3212
f 3211//3211 3132//3132 3030//3030
f 3133//3133 3132//3132 3211//3211
f 3213//3213 3138//3138 3214//3214
f 3215//3215 3138//3138 3213//3213
f 3215//3215 3216//3216 3138//3138
f 3216//3216 3215//3215 3217//3217
f 2863//2863 3131//3131 3212//3212
f 3218//3218 3134//3134 3133//3133
f 3218//3218 3135//3135 3134//3134
f 3219//3219 3135//3135 3218//3218
f 3219//3219 3035//3035 3135//3135
f 3214//3214 3035//3035 3219//3219
f 3214//3214 3136//3136 3035//3035
f 3138//3138 3136//3136 3214//3214
f 3217//3217 3220//3220 3216//3216
f 3216//3216 3139//3139 3138//3138
f 3216//3216 3220//3220 3139//3139
f 3131//3131 2952//2952 3221//3221
f 3140//3140 3221//3221 2952//2952
f 3220//3220 3222//3222 3139//3139
f 3139//3139 3222//3222 3141//3141
f 3041//3041 3223//3223 3037//3037
f 3143//3143 3142//3142 3224//3224
f 3143//3143 3224//3224 3145//3145
f 3145//3145 3225//3225 3146//3146
f 3146//3146 3225//3225 3045//3045
f 2963//2963 3226//3226 3046//3046
f 3045//3045 3225//3225 3147//3147
f 2963//2963 3148//3148 3226//3226
f 3047//3047 3147//3147 3227//3227
f 3047//3047 3227//3227 2964//2964
f 2965//2965 3228//3228 3148//3148
f 3048//3048 2964//2964 3227//3227
f 2965//2965 3149//3149 3228//3228
f 3048//3048 3229//3229 3049//3049
f 3230//3230 3049//3049 3229//3229
f 3049//3049 3230//3230 2966//2966
f 3051//3051 3231//3231 3050//3050
f 3232//3232 2966//2966 3230//3230
f 2966//2966 3232//3232 3052//3052
f 3231//3231 3051//3051 3150//3150
f 3052//3052 3232//3232 3151//3151
f 2968//2968 3153//3153 3150//3150
f 2969//2969 3233//3233 3153//3153
f 3234//3234 3152//3152 3235//3235
f 3152//3152 3234//3234 3053//3053
f 2969//2969 3054//3054 3233//3233
f 3053//3053 3234//3234 3055//3055
f 3236//3236 3055//3055 3234//3234
f 3055//3055 3236//3236 2971//2971
f 3056//3056 3237//3237 3154//3154
f 3238//3238 2971//2971 3236//3236
f 2972//2972 3237//3237 3056//3056
f 3238//3238 3239//3239 2971//2971
f 2972//2972 3240//3240 3237//3237
f 2971//2971 3239//3239 3057//3057
f 2972//2972 3155//3155 3240//3240
f 3241//3241 3057//3057 3239//3239
f 3057//3057 3241//3241 2973//2973
f 2884//2884 3242//3242 3155//3155
f 3241//3241 3243//3243 2973//2973
f 3058//3058 3242//3242 2884//2884
f 3243//3243 3059//3059 2973//2973
f 3058//3058 3244//3244 3242//3242
f 3058//3058 2885//2885 3244//3244
f 3244//3244 2885//2885 3157//3157
f 3245//3245 3060//3060 3156//3156
f 2976//2976 3159//3159 3157//3157
f 3245//3245 3158//3158 3060//3060
f 3061//3061 3246//3246 3159//3159
f 3061//3061 3247//3247 3246//3246
f 2978//2978 3247//3247 3061//3061
f 2978//2978 3248//3248 3247//3247
f 2980//2980 3248//3248 2978//2978
f 3063//3063 3249//3249 3160//3160
f 3064//3064 3248//3248 2980//2980
f 3064//3064 3161//3161 3248//3248
f 3250//3250 3162//3162 3160//3160
f 3251//3251 3162//3162 3250//3250
f 3251//3251 3065//3065 3162//3162
f 3252//3252 3065//3065 3251//3251
f 3066//3066 3065//3065 3252//3252
f 3165//3165 3066//3066 3252//3252
f 3253//3253 3165//3165 3252//3252
f 2895//2895 3254//3254 3167//3167
f 3255//3255 2986//2986 3168//3168
f 3067//3067 2986//2986 3255//3255
f 2895//2895 3256//3256 3254//3254
f 2897//2897 3256//3256 2895//2895
f 3069//3069 3256//3256 2897//2897
f 3069//3069 3257//3257 3256//3256
f 2988//2988 3257//3257 3069//3069
f 2988//2988 3258//3258 3257//3257
f 3071//3071 3258//3258 2988//2988
f 3259//3259 2899//2899 3070//3070
f 3260//3260 3258//3258 3071//3071
f 3071//3071 3072//3072 3260//3260
f 2899//2899 3259//3259 3073//3073
f 3259//3259 3261//3261 3073//3073
f 3073//3073 3261//3261 3169//3169
f 3169//3169 3262//3262 3074//3074
f 3170//3170 2904//2904 3171//3171
f 3074//3074 3262//3262 3075//3075
f 3075//3075 3262//3262 3263//3263
f 3075//3075 3263//3263 3172//3172
f 3171//3171 2989//2989 3264//3264
f 3174//3174 3077//3077 3172//3172
f 2989//2989 3173//3173 3264//3264
f 3265//3265 3078//3078 3174//3174
f 3175//3175 3266//3266 3173//3173
f 3078//3078 3265//3265 3079//3079
f 3265//3265 3081//3081 3079//3079
f 3175//3175 3080//3080 3267//3267
f 3175//3175 3267//3267 3266//3266
f 3268//3268 3082//3082 3081//3081
f 3084//3084 3267//3267 3080//3080
f 3269//3269 3267//3267 3084//3084
f 3268//3268 3176//3176 2992//2992
f 2992//2992 3082//3082 3268//3268
f 3270//3270 3085//3085 3176//3176
f 3084//3084 3177//3177 3269//3269
f 3087//3087 3271//3271 3272//3272
f 3271//3271 3087//3087 3270//3270
f 3085//3085 3270//3270 3087//3087
f 3273//3273 3274//3274 3090//3090
f 3090//3090 3272//3272 3273//3273
f 3087//3087 3272//3272 3090//3090
f 3089//3089 3090//3090 3274//3274
f 3275//3275 3177//3177 3086//3086
f 3276//3276 3089//3089 3274//3274
f 3088//3088 3275//3275 3086//3086
f 3275//3275 3088//3088 3178//3178
f 3089//3089 3276//3276 3091//3091
f 3178//3178 3277//3277 3275//3275
f 3278//3278 3179//3179 3276//3276
f 3276//3276 3179//3179 3091//3091
f 3178//3178 3092//3092 3277//3277
f 3181//3181 3277//3277 3092//3092
f 3279//3279 3179//3179 3278//3278
f 3182//3182 2998//2998 3279//3279
f 3179//3179 3279//3279 2998//2998
f 3182//3182 3280//3280 3093//3093
f 3093//3093 3280//3280 3184//3184
f 3188//3188 3098//3098 3281//3281
f 3099//3099 3281//3281 3098//3098
f 3282//3282 3281//3281 3099//3099
f 3283//3283 3097//3097 3096//3096
f 3190//3190 3282//3282 3099//3099
f 3190//3190 3284//3284 3282//3282
f 3283//3283 3285//3285 3191//3191
f 3191//3191 3097//3097 3283//3283
f 3284//3284 3190//3190 3286//3286
f 3285//3285 3287//3287 3192//3192
f 3192//3192 3191//3191 3285//3285
f 3286//3286 3190//3190 3193//3193
f 3193//3193 3287//3287 3286//3286
f 3105//3105 3287//3287 3193//3193
f 3192//3192 3287//3287 3105//3105
f 3288//3288 3129//3129 3209//3209
f 3288//3288 3130//3130 3129//3129
f 3130//3130 3288//3288 3289//3289
f 3290//3290 3291//3291 3292//3292
f 3290//3290 3293//3293 3291//3291
f 3128//3128 3127//3127 3294//3294
f 3295//3295 3130//3130 3289//3289
f 3295//3295 3211//3211 3130//3130
f 3213//3213 3296//3296 3215//3215
f 3291//3291 3215//3215 3296//3296
f 3127//3127 3210//3210 3294//3294
f 3211//3211 3297//3297 3133//3133
f 3133//3133 3297//3297 3218//3218
f 3298//3298 3219//3219 3218//3218
f 3298//3298 3214//3214 3219//3219
f 3213//3213 3214//3214 3298//3298
f 3291//3291 3217//3217 3215//3215
f 3293//3293 3217//3217 3291//3291
f 3293//3293 3299//3299 3217//3217
f 3210//3210 2953//2953 3212//3212
f 3299//3299 3300//3300 3217//3217
f 3217//3217 3300//3300 3220//3220
f 3221//3221 3301//3301 3131//3131
f 3220//3220 3300//3300 3302//3302
f 3302//3302 3222//3222 3220//3220
f 3140//3140 3037//3037 3221//3221
f 3222//3222 3303//3303 3141//3141
f 3037//3037 3223//3223 3304//3304
f 3141//3141 3303//3303 3142//3142
f 3142//3142 3303//3303 3305//3305
f 3041//3041 3306//3306 3223//3223
f 3142//3142 3305//3305 3224//3224
f 3041//3041 3144//3144 3306//3306
f 3224//3224 3307//3307 3145//3145
f 3224//3224 3308//3308 3307//3307
f 3046//3046 3309//3309 3144//3144
f 3145//3145 3307//3307 3225//3225
f 3226//3226 3309//3309 3046//3046
f 3147//3147 3225//3225 3310//3310
f 3227//3227 3147//3147 3310//3310
f 3048//3048 3227//3227 3311//3311
f 3312//3312 3229//3229 3048//3048
f 3313//3313 3229//3229 3312//3312
f 3050//3050 3314//3314 3149//3149
f 3229//3229 3313//3313 3230//3230
f 3050//3050 3231//3231 3314//3314
f 3315//3315 3230//3230 3313//3313
f 3230//3230 3315//3315 3232//3232
f 3231//3231 3150//3150 3316//3316
f 3315//3315 3317//3317 3232//3232
f 3318//3318 3232//3232 3317//3317
f 3232//3232 3318//3318 3151//3151
f 3153//3153 3319//3319 3150//3150
f 3320//3320 3151//3151 3318//3318
f 3151//3151 3320//3320 3152//3152
f 3319//3319 3153//3153 3233//3233
f 3235//3235 3152//3152 3320//3320
f 3054//3054 3321//3321 3233//3233
f 3054//3054 3322//3322 3321//3321
f 3154//3154 3322//3322 3054//3054
f 3235//3235 3323//3323 3234//3234
f 3323//3323 3236//3236 3234//3234
f 3322//3322 3154//3154 3237//3237
f 3238//3238 3236//3236 3323//3323
f 3324//3324 3239//3239 3238//3238
f 3155//3155 3325//3325 3240//3240
f 3241//3241 3239//3239 3324//3324
f 3324//3324 3326//3326 3241//3241
f 3155//3155 3242//3242 3325//3325
f 3243//3243 3241//3241 3326//3326
f 3327//3327 3059//3059 3243//3243
f 3156//3156 3059//3059 3327//3327
f 3327//3327 3328//3328 3156//3156
f 3157//3157 3329//3329 3244//3244
f 3157//3157 3159//3159 3329//3329
f 3328//3328 3245//3245 3156//3156
f 3330//3330 3158//3158 3245//3245
f 3330//3330 3062//3062 3158//3158
f 3331//3331 3062//3062 3330//3330
f 3332//3332 3062//3062 3331//3331
f 3332//3332 3063//3063 3062//3062
f 3063//3063 3332//3332 3249//3249
f 3249//3249 3250//3250 3160//3160
f 3163//3163 3333//3333 3161//3161
f 3251//3251 3334//3334 3252//3252
f 3164//3164 3335//3335 3163//3163
f 3164//3164 3336//3336 3335//3335
f 3166//3166 3336//3336 3164//3164
f 3165//3165 3253//3253 3337//3337
f 3165//3165 3337//3337 3338//3338
f 3167//3167 3339//3339 3166//3166
f 3338//3338 3168//3168 3165//3165
f 3168//3168 3338//3338 3340//3340
f 3167//3167 3254//3254 3339//3339
f 3340//3340 3255//3255 3168//3168
f 3341//3341 3255//3255 3340//3340
f 3255//3255 3341//3341 3067//3067
f 3342//3342 3067//3067 3341//3341
f 3342//3342 3068//3068 3067//3067
f 3343//3343 3068//3068 3342//3342
f 3343//3343 3070//3070 3068//3068
f 3260//3260 3072//3072 3344//3344
f 3170//3170 3345//3345 3072//3072
f 3072//3072 3345//3345 3344//3344
f 3345//3345 3170//3170 3171//3171
f 3171//3171 3346//3346 3345//3345
f 3264//3264 3346//3346 3171//3171
f 3172//3172 3347//3347 3174//3174
f 3264//3264 3173//3173 3348//3348
f 3173//3173 3266//3266 3348//3348
f 3349//3349 3270//3270 3176//3176
f 3268//3268 3349//3349 3176//3176
f 3350//3350 3351//3351 3273//3273
f 3272//3272 3350//3350 3273//3273
f 3272//3272 3352//3352 3350//3350
f 3271//3271 3352//3352 3272//3272
f 3353//3353 3269//3269 3177//3177
f 3354//3354 3274//3274 3351//3351
f 3274//3274 3273//3273 3351//3351
f 3355//3355 3353//3353 3177//3177
f 3356//3356 3274//3274 3354//3354
f 3276//3276 3274//3274 3356//3356
f 3357//3357 3177//3177 3275//3275
f 3357//3357 3355//3355 3177//3177
f 3358//3358 3276//3276 3356//3356
f 3359//3359 3357//3357 3275//3275
f 3358//3358 3278//3278 3276//3276
f 3359//3359 3275//3275 3277//3277
f 3277//3277 3181//3181 3360//3360
f 3361//3361 3182//3182 3279//3279
f 3180//3180 3362//3362 3181//3181
f 3181//3181 3362//3362 3360//3360
f 3363//3363 3180//3180 3183//3183
f 3180//3180 3363//3363 3362//3362
f 3364//3364 3363//3363 3183//3183
f 3364//3364 3183//3183 3094//3094
f 3184//3184 3365//3365 3096//3096
f 3096//3096 3365//3365 3283//3283
f 3186//3186 3366//3366 3185//3185
f 3002//3002 3187//3187 3367//3367
f 3187//3187 3368//3368 3367//3367
f 3366//3366 3186//3186 3189//3189
f 3286//3286 3287//3287 3284//3284
f 3189//3189 3369//3369 3366//3366
f 3367//3367 3370//3370 3189//3189
f 3189//3189 3002//3002 3367//3367
f 3369//3369 3189//3189 3370//3370
f 3371//3371 3372//3372 3373//3373
f 3374//3374 3372//3372 3371//3371
f 3374//3374 3375//3375 3372//3372
f 3373//3373 3376//3376 3377//3377
f 3372//3372 3376//3376 3373//3373
f 3372//3372 3375//3375 3376//3376
f 3376//3376 3378//3378 3377//3377
f 3376//3376 3379//3379 3378//3378
f 3375//3375 3379//3379 3376//3376
f 3380//3380 3379//3379 3375//3375
f 3379//3379 3381//3381 3378//3378
f 3380//3380 3381//3381 3379//3379
f 3382//3382 3383//3383 3290//3290
f 3383//3383 3384//3384 3290//3290
f 3382//3382 3290//3290 3292//3292
f 3209//3209 3208//3208 3385//3385
f 3292//3292 3296//3296 3386//3386
f 3292//3292 3291//3291 3296//3296
f 3294//3294 3387//3387 3128//3128
f 3208//3208 3128//3128 3387//3387
f 3211//3211 3295//3295 3388//3388
f 3386//3386 3213//3213 3389//3389
f 3386//3386 3296//3296 3213//3213
f 3290//3290 3384//3384 3293//3293
f 3388//3388 3297//3297 3211//3211
f 3390//3390 3218//3218 3297//3297
f 3390//3390 3298//3298 3218//3218
f 3389//3389 3213//3213 3298//3298
f 3294//3294 3210//3210 3391//3391
f 3210//3210 3212//3212 3391//3391
f 3301//3301 3212//3212 3131//3131
f 3300//3300 3299//3299 3392//3392
f 3300//3300 3392//3392 3302//3302
f 3222//3222 3302//3302 3393//3393
f 3393//3393 3302//3302 3392//3392
f 3037//3037 3304//3304 3221//3221
f 3303//3303 3222//3222 3393//3393
f 3305//3305 3303//3303 3393//3393
f 3306//3306 3304//3304 3223//3223
f 3305//3305 3394//3394 3224//3224
f 3224//3224 3394//3394 3308//3308
f 3307//3307 3308//3308 3395//3395
f 3307//3307 3395//3395 3225//3225
f 3148//3148 3396//3396 3226//3226
f 3225//3225 3397//3397 3310//3310
f 3225//3225 3395//3395 3397//3397
f 3310//3310 3397//3397 3398//3398
f 3148//3148 3399//3399 3396//3396
f 3227//3227 3310//3310 3398//3398
f 3228//3228 3399//3399 3148//3148
f 3398//3398 3311//3311 3227//3227
f 3311//3311 3312//3312 3048//3048
f 3228//3228 3314//3314 3399//3399
f 3149//3149 3314//3314 3228//3228
f 3231//3231 3400//3400 3314//3314
f 3315//3315 3313//3313 3401//3401
f 3400//3400 3231//3231 3316//3316
f 3317//3317 3315//3315 3401//3401
f 3150//3150 3319//3319 3316//3316
f 3402//3402 3318//3318 3317//3317
f 3403//3403 3318//3318 3402//3402
f 3318//3318 3403//3403 3320//3320
f 3404//3404 3320//3320 3403//3403
f 3320//3320 3404//3404 3235//3235
f 3405//3405 3235//3235 3404//3404
f 3321//3321 3322//3322 3406//3406
f 3235//3235 3405//3405 3323//3323
f 3407//3407 3238//3238 3323//3323
f 3324//3324 3238//3238 3407//3407
f 3242//3242 3408//3408 3325//3325
f 3409//3409 3243//3243 3326//3326
f 3409//3409 3327//3327 3243//3243
f 3242//3242 3244//3244 3408//3408
f 3328//3328 3410//3410 3245//3245
f 3159//3159 3411//3411 3329//3329
f 3410//3410 3330//3330 3245//3245
f 3159//3159 3246//3246 3411//3411
f 3247//3247 3412//3412 3246//3246
f 3247//3247 3413//3413 3412//3412
f 3248//3248 3413//3413 3247//3247
f 3248//3248 3414//3414 3413//3413
f 3332//3332 3415//3415 3249//3249
f 3248//3248 3416//3416 3414//3414
f 3249//3249 3415//3415 3250//3250
f 3161//3161 3416//3416 3248//3248
f 3334//3334 3250//3250 3415//3415
f 3161//3161 3333//3333 3416//3416
f 3334//3334 3251//3251 3250//3250
f 3163//3163 3335//3335 3333//3333
f 3252//3252 3334//3334 3417//3417
f 3252//3252 3417//3417 3253//3253
f 3253//3253 3417//3417 3337//3337
f 3166//3166 3339//3339 3336//3336
f 3337//3337 3418//3418 3338//3338
f 3418//3418 3340//3340 3338//3338
f 3419//3419 3340//3340 3418//3418
f 3419//3419 3341//3341 3340//3340
f 3419//3419 3420//3420 3341//3341
f 3420//3420 3421//3421 3341//3341
f 3256//3256 3422//3422 3254//3254
f 3341//3341 3421//3421 3342//3342
f 3256//3256 3423//3423 3422//3422
f 3256//3256 3424//3424 3423//3423
f 3257//3257 3424//3424 3256//3256
f 3343//3343 3259//3259 3070//3070
f 3424//3424 3257//3257 3258//3258
f 3258//3258 3260//3260 3425//3425
f 3425//3425 3260//3260 3344//3344
f 3261//3261 3259//3259 3426//3426
f 3427//3427 3169//3169 3261//3261
f 3262//3262 3169//3169 3427//3427
f 3428//3428 3172//3172 3263//3263
f 3428//3428 3347//3347 3172//3172
f 3264//3264 3348//3348 3346//3346
f 3429//3429 3174//3174 3347//3347
f 3265//3265 3174//3174 3429//3429
f 3430//3430 3348//3348 3266//3266
f 3268//3268 3081//3081 3265//3265
f 3267//3267 3430//3430 3266//3266
f 3431//3431 3430//3430 3267//3267
f 3432//3432 3433//3433 3350//3350
f 3432//3432 3350//3350 3352//3352
f 3432//3432 3352//3352 3434//3434
f 3434//3434 3352//3352 3271//3271
f 3434//3434 3271//3271 3435//3435
f 3435//3435 3271//3271 3270//3270
f 3435//3435 3270//3270 3349//3349
f 3431//3431 3267//3267 3269//3269
f 3351//3351 3433//3433 3436//3436
f 3351//3351 3350//3350 3433//3433
f 3354//3354 3351//3351 3436//3436
f 3353//3353 3431//3431 3269//3269
f 3353//3353 3437//3437 3431//3431
f 3355//3355 3437//3437 3353//3353
f 3438//3438 3437//3437 3355//3355
f 3356//3356 3354//3354 3439//3439
f 3440//3440 3358//3358 3356//3356
f 3359//3359 3355//3355 3357//3357
f 3359//3359 3438//3438 3355//3355
f 3441//3441 3438//3438 3359//3359
f 3441//3441 3442//3442 3438//3438
f 3443//3443 3358//3358 3440//3440
f 3358//3358 3443//3443 3278//3278
f 3444//3444 3361//3361 3445//3445
f 3361//3361 3443//3443 3445//3445
f 3279//3279 3443//3443 3361//3361
f 3279//3279 3278//3278 3443//3443
f 3446//3446 3361//3361 3444//3444
f 3360//3360 3359//3359 3277//3277
f 3447//3447 3359//3359 3360//3360
f 3361//3361 3446//3446 3182//3182
f 3447//3447 3360//3360 3362//3362
f 3182//3182 3446//3446 3280//3280
f 3280//3280 3448//3448 3184//3184
f 3094//3094 3449//3449 3364//3364
f 3449//3449 3094//3094 3185//3185
f 3281//3281 3450//3450 3451//3451
f 3450//3450 3281//3281 3282//3282
f 3187//3187 3188//3188 3452//3452
f 3188//3188 3451//3451 3452//3452
f 3188//3188 3281//3281 3451//3451
f 3284//3284 3453//3453 3282//3282
f 3454//3454 3455//3455 3285//3285
f 3454//3454 3285//3285 3456//3456
f 3283//3283 3456//3456 3285//3285
f 3283//3283 3365//3365 3456//3456
f 3368//3368 3187//3187 3452//3452
f 3455//3455 3453//3453 3284//3284
f 3287//3287 3455//3455 3284//3284
f 3285//3285 3455//3455 3287//3287
f 3457//3457 3458//3458 3459//3459
f 3460//3460 3459//3459 3458//3458
f 3371//3371 3460//3460 3461//3461
f 3462//3462 3374//3374 3371//3371
f 3462//3462 3463//3463 3374//3374
f 3464//3464 3374//3374 3463//3463
f 3459//3459 3465//3465 3457//3457
f 3373//3373 3460//3460 3371//3371
f 3374//3374 3464//3464 3466//3466
f 3460//3460 3467//3467 3459//3459
f 3373//3373 3467//3467 3460//3460
f 3374//3374 3466//3466 3375//3375
f 3373//3373 3377//3377 3467//3467
f 3378//3378 3467//3467 3377//3377
f 3375//3375 3466//3466 3380//3380
f 3468//3468 3469//3469 3470//3470
f 3470//3470 3383//3383 3471//3471
f 3469//3469 3383//3383 3470//3470
f 3472//3472 3471//3471 3382//3382
f 3383//3383 3382//3382 3471//3471
f 3469//3469 3473//3473 3383//3383
f 3474//3474 3472//3472 3292//3292
f 3472//3472 3382//3382 3292//3292
f 3473//3473 3384//3384 3383//3383
f 3292//3292 3386//3386 3474//3474
f 3473//3473 3475//3475 3384//3384
f 3476//3476 3209//3209 3385//3385
f 3288//3288 3209//3209 3476//3476
f 3477//3477 3288//3288 3476//3476
f 3289//3289 3288//3288 3477//3477
f 3478//3478 3289//3289 3477//3477
f 3295//3295 3289//3289 3478//3478
f 3478//3478 3388//3388 3295//3295
f 3208//3208 3387//3387 3385//3385
f 3479//3479 3297//3297 3388//3388
f 3390//3390 3297//3297 3479//3479
f 3298//3298 3390//3390 3480//3480
f 3389//3389 3298//3298 3480//3480
f 3384//3384 3475//3475 3293//3293
f 3299//3299 3293//3293 3481//3481
f 3481//3481 3293//3293 3475//3475
f 3299//3299 3482//3482 3392//3392
f 3482//3482 3299//3299 3481//3481
f 3483//3483 3301//3301 3221//3221
f 3304//3304 3483//3483 3221//3221
f 3484//3484 3393//3393 3392//3392
f 3485//3485 3393//3393 3484//3484
f 3305//3305 3393//3393 3485//3485
f 3306//3306 3486//3486 3304//3304
f 3394//3394 3305//3305 3487//3487
f 3487//3487 3305//3305 3485//3485
f 3306//3306 3488//3488 3486//3486
f 3144//3144 3488//3488 3306//3306
f 3489//3489 3394//3394 3487//3487
f 3394//3394 3489//3489 3308//3308
f 3309//3309 3488//3488 3144//3144
f 3226//3226 3490//3490 3309//3309
f 3396//3396 3490//3490 3226//3226
f 3314//3314 3491//3491 3399//3399
f 3314//3314 3492//3492 3491//3491
f 3493//3493 3313//3313 3312//3312
f 3492//3492 3314//3314 3400//3400
f 3493//3493 3401//3401 3313//3313
f 3401//3401 3494//3494 3317//3317
f 3316//3316 3319//3319 3495//3495
f 3495//3495 3319//3319 3496//3496
f 3402//3402 3317//3317 3494//3494
f 3319//3319 3497//3497 3496//3496
f 3319//3319 3233//3233 3497//3497
f 3498//3498 3403//3403 3402//3402
f 3403//3403 3498//3498 3404//3404
f 3497//3497 3233//3233 3406//3406
f 3406//3406 3233//3233 3321//3321
f 3498//3498 3499//3499 3404//3404
f 3499//3499 3405//3405 3404//3404
f 3322//3322 3500//3500 3406//3406
f 3499//3499 3501//3501 3405//3405
f 3237//3237 3502//3502 3322//3322
f 3322//3322 3502//3502 3500//3500
f 3503//3503 3405//3405 3501//3501
f 3503//3503 3323//3323 3405//3405
f 3407//3407 3323//3323 3503//3503
f 3237//3237 3240//3240 3502//3502
f 3502//3502 3240//3240 3325//3325
f 3504//3504 3407//3407 3505//3505
f 3504//3504 3324//3324 3407//3407
f 3324//3324 3504//3504 3326//3326
f 3504//3504 3409//3409 3326//3326
f 3244//3244 3506//3506 3408//3408
f 3244//3244 3507//3507 3506//3506
f 3508//3508 3328//3328 3327//3327
f 3244//3244 3329//3329 3507//3507
f 3508//3508 3410//3410 3328//3328
f 3509//3509 3330//3330 3410//3410
f 3246//3246 3510//3510 3411//3411
f 3511//3511 3330//3330 3509//3509
f 3246//3246 3412//3412 3510//3510
f 3511//3511 3331//3331 3330//3330
f 3512//3512 3331//3331 3511//3511
f 3512//3512 3332//3332 3331//3331
f 3512//3512 3513//3513 3332//3332
f 3332//3332 3513//3513 3415//3415
f 3514//3514 3334//3334 3415//3415
f 3334//3334 3515//3515 3417//3417
f 3417//3417 3516//3516 3337//3337
f 3337//3337 3516//3516 3517//3517
f 3337//3337 3517//3517 3418//3418
f 3339//3339 3518//3518 3336//3336
f 3519//3519 3419//3419 3418//3418
f 3419//3419 3519//3519 3520//3520
f 3339//3339 3521//3521 3518//3518
f 3520//3520 3522//3522 3419//3419
f 3522//3522 3520//3520 3523//3523
f 3339//3339 3524//3524 3521//3521
f 3254//3254 3524//3524 3339//3339
f 3419//3419 3522//3522 3420//3420
f 3522//3522 3421//3421 3420//3420
f 3522//3522 3525//3525 3421//3421
f 3522//3522 3526//3526 3525//3525
f 3254//3254 3422//3422 3524//3524
f 3525//3525 3527//3527 3421//3421
f 3421//3421 3527//3527 3342//3342
f 3342//3342 3527//3527 3528//3528
f 3528//3528 3343//3343 3342//3342
f 3529//3529 3530//3530 3531//3531
f 3529//3529 3532//3532 3530//3530
f 3532//3532 3533//3533 3530//3530
f 3534//3534 3259//3259 3343//3343
f 3535//3535 3532//3532 3536//3536
f 3258//3258 3537//3537 3424//3424
f 3534//3534 3538//3538 3259//3259
f 3532//3532 3535//3535 3533//3533
f 3533//3533 3535//3535 3539//3539
f 3537//3537 3258//3258 3425//3425
f 3426//3426 3259//3259 3538//3538
f 3540//3540 3425//3425 3344//3344
f 3345//3345 3540//3540 3344//3344
f 3345//3345 3541//3541 3540//3540
f 3427//3427 3542//3542 3262//3262
f 3542//3542 3263//3263 3262//3262
f 3346//3346 3541//3541 3345//3345
f 3543//3543 3541//3541 3346//3346
f 3542//3542 3428//3428 3263//3263
f 3543//3543 3346//3346 3544//3544
f 3348//3348 3544//3544 3346//3346
f 3545//3545 3544//3544 3348//3348
f 3546//3546 3265//3265 3429//3429
f 3547//3547 3265//3265 3546//3546
f 3430//3430 3545//3545 3348//3348
f 3548//3548 3268//3268 3547//3547
f 3265//3265 3547//3547 3268//3268
f 3549//3549 3436//3436 3550//3550
f 3436//3436 3551//3551 3550//3550
f 3433//3433 3551//3551 3436//3436
f 3433//3433 3432//3432 3551//3551
f 3349//3349 3548//3548 3435//3435
f 3268//3268 3548//3548 3349//3349
f 3552//3552 3430//3430 3431//3431
f 3553//3553 3354//3354 3549//3549
f 3549//3549 3354//3354 3436//3436
f 3437//3437 3552//3552 3431//3431
f 3554//3554 3552//3552 3437//3437
f 3552//3552 3554//3554 3555//3555
f 3439//3439 3354//3354 3553//3553
f 3556//3556 3555//3555 3554//3554
f 3554//3554 3437//3437 3557//3557
f 3557//3557 3556//3556 3554//3554
f 3438//3438 3557//3557 3437//3437
f 3558//3558 3556//3556 3557//3557
f 3558//3558 3559//3559 3556//3556
f 3439//3439 3440//3440 3356//3356
f 3442//3442 3557//3557 3438//3438
f 3442//3442 3558//3558 3557//3557
f 3560//3560 3561//3561 3559//3559
f 3562//3562 3561//3561 3560//3560
f 3563//3563 3558//3558 3442//3442
f 3563//3563 3559//3559 3558//3558
f 3560//3560 3559//3559 3563//3563
f 3444//3444 3564//3564 3562//3562
f 3444//3444 3440//3440 3564//3564
f 3445//3445 3440//3440 3444//3444
f 3443//3443 3440//3440 3445//3445
f 3565//3565 3442//3442 3441//3441
f 3565//3565 3563//3563 3442//3442
f 3359//3359 3447//3447 3566//3566
f 3448//3448 3280//3280 3446//3446
f 3362//3362 3567//3567 3447//3447
f 3447//3447 3567//3567 3566//3566
f 3362//3362 3363//3363 3568//3568
f 3569//3569 3363//3363 3364//3364
f 3569//3569 3568//3568 3363//3363
f 3448//3448 3570//3570 3184//3184
f 3184//3184 3570//3570 3365//3365
f 3449//3449 3569//3569 3364//3364
f 3282//3282 3571//3571 3450//3450
f 3453//3453 3571//3571 3282//3282
f 3572//3572 3571//3571 3453//3453
f 3185//3185 3366//3366 3449//3449
f 3573//3573 3369//3369 3370//3370
f 3461//3461 3460//3460 3458//3458
f 3371//3371 3461//3461 3574//3574
f 3462//3462 3371//3371 3574//3574
f 3457//3457 3465//3465 3575//3575
f 3575//3575 3576//3576 3577//3577
f 3465//3465 3576//3576 3575//3575
f 3577//3577 3578//3578 3579//3579
f 3576//3576 3578//3578 3577//3577
f 3465//3465 3580//3580 3576//3576
f 3459//3459 3580//3580 3465//3465
f 3579//3579 3581//3581 3582//3582
f 3578//3578 3581//3581 3579//3579
f 3576//3576 3583//3583 3578//3578
f 3576//3576 3584//3584 3583//3583
f 3576//3576 3580//3580 3584//3584
f 3459//3459 3585//3585 3580//3580
f 3467//3467 3585//3585 3459//3459
f 3578//3578 3586//3586 3581//3581
f 3578//3578 3583//3583 3586//3586
f 3581//3581 3587//3587 3582//3582
f 3581//3581 3586//3586 3587//3587
f 3468//3468 3588//3588 3589//3589
f 3589//3589 3590//3590 3468//3468
f 3582//3582 3590//3590 3589//3589
f 3582//3582 3587//3587 3590//3590
f 3468//3468 3591//3591 3588//3588
f 3468//3468 3470//3470 3591//3591
f 3590//3590 3587//3587 3592//3592
f 3593//3593 3381//3381 3380//3380
f 3594//3594 3593//3593 3380//3380
f 3470//3470 3471//3471 3591//3591
f 3590//3590 3592//3592 3595//3595
f 3469//3469 3468//3468 3596//3596
f 3590//3590 3596//3596 3468//3468
f 3590//3590 3595//3595 3596//3596
f 3596//3596 3473//3473 3469//3469
f 3597//3597 3386//3386 3598//3598
f 3597//3597 3474//3474 3386//3386
f 3599//3599 3388//3388 3478//3478
f 3479//3479 3388//3388 3599//3599
f 3598//3598 3386//3386 3389//3389
f 3387//3387 3294//3294 3600//3600
f 3601//3601 3390//3390 3479//3479
f 3601//3601 3480//3480 3390//3390
f 3602//3602 3212//3212 3301//3301
f 3602//3602 3391//3391 3212//3212
f 3301//3301 3603//3603 3602//3602
f 3482//3482 3481//3481 3604//3604
f 3483//3483 3603//3603 3301//3301
f 3484//3484 3392//3392 3482//3482
f 3605//3605 3483//3483 3304//3304
f 3485//3485 3484//3484 3606//3606
f 3486//3486 3605//3605 3304//3304
f 3487//3487 3485//3485 3606//3606
f 3309//3309 3607//3607 3488//3488
f 3489//3489 3608//3608 3308//3308
f 3490//3490 3607//3607 3309//3309
f 3308//3308 3609//3609 3395//3395
f 3308//3308 3608//3608 3609//3609
f 3395//3395 3610//3610 3397//3397
f 3395//3395 3609//3609 3610//3610
f 3399//3399 3611//3611 3396//3396
f 3397//3397 3612//3612 3398//3398
f 3399//3399 3491//3491 3611//3611
f 3398//3398 3613//3613 3311//3311
f 3612//3612 3613//3613 3398//3398
f 3311//3311 3614//3614 3312//3312
f 3614//3614 3311//3311 3613//3613
f 3614//3614 3493//3493 3312//3312
f 3400//3400 3615//3615 3492//3492
f 3615//3615 3400//3400 3316//3316
f 3615//3615 3316//3316 3495//3495
f 3494//3494 3401//3401 3616//3616
f 3402//3402 3494//3494 3617//3617
f 3402//3402 3617//3617 3618//3618
f 3402//3402 3618//3618 3498//3498
f 3618//3618 3619//3619 3498//3498
f 3499//3499 3498//3498 3619//3619
f 3620//3620 3503//3503 3501//3501
f 3621//3621 3503//3503 3620//3620
f 3503//3503 3621//3621 3407//3407
f 3502//3502 3325//3325 3622//3622
f 3505//3505 3407//3407 3621//3621
f 3623//3623 3504//3504 3505//3505
f 3622//3622 3325//3325 3624//3624
f 3625//3625 3504//3504 3623//3623
f 3624//3624 3325//3325 3408//3408
f 3504//3504 3625//3625 3409//3409
f 3408//3408 3506//3506 3624//3624
f 3409//3409 3508//3508 3327//3327
f 3508//3508 3509//3509 3410//3410
f 3507//3507 3329//3329 3411//3411
f 3507//3507 3411//3411 3626//3626
f 3411//3411 3510//3510 3626//3626
f 3412//3412 3627//3627 3510//3510
f 3413//3413 3628//3628 3627//3627
f 3412//3412 3413//3413 3627//3627
f 3413//3413 3414//3414 3628//3628
f 3629//3629 3415//3415 3513//3513
f 3514//3514 3415//3415 3629//3629
f 3333//3333 3630//3630 3416//3416
f 3514//3514 3631//3631 3334//3334
f 3334//3334 3631//3631 3515//3515
f 3335//3335 3632//3632 3333//3333
f 3418//3418 3517//3517 3633//3633
f 3336//3336 3634//3634 3335//3335
f 3633//3633 3519//3519 3418//3418
f 3336//3336 3518//3518 3634//3634
f 3633//3633 3520//3520 3519//3519
f 3635//3635 3523//3523 3520//3520
f 3635//3635 3636//3636 3523//3523
f 3636//3636 3635//3635 3637//3637
f 3636//3636 3522//3522 3523//3523
f 3637//3637 3638//3638 3636//3636
f 3639//3639 3638//3638 3637//3637
f 3638//3638 3639//3639 3640//3640
f 3522//3522 3636//3636 3526//3526
f 3636//3636 3641//3641 3526//3526
f 3638//3638 3641//3641 3636//3636
f 3638//3638 3642//3642 3641//3641
f 3640//3640 3642//3642 3638//3638
f 3643//3643 3642//3642 3640//3640
f 3526//3526 3644//3644 3525//3525
f 3641//3641 3644//3644 3526//3526
f 3422//3422 3645//3645 3524//3524
f 3646//3646 3647//3647 3648//3648
f 3649//3649 3529//3529 3650//3650
f 3651//3651 3529//3529 3649//3649
f 3646//3646 3652//3652 3647//3647
f 3646//3646 3531//3531 3652//3652
f 3650//3650 3531//3531 3646//3646
f 3531//3531 3650//3650 3529//3529
f 3529//3529 3651//3651 3653//3653
f 3645//3645 3422//3422 3423//3423
f 3652//3652 3654//3654 3647//3647
f 3531//3531 3530//3530 3652//3652
f 3529//3529 3653//3653 3655//3655
f 3424//3424 3656//3656 3423//3423
f 3652//3652 3657//3657 3654//3654
f 3530//3530 3657//3657 3652//3652
f 3529//3529 3655//3655 3532//3532
f 3343//3343 3528//3528 3534//3534
f 3530//3530 3533//3533 3657//3657
f 3532//3532 3655//3655 3536//3536
f 3656//3656 3424//3424 3537//3537
f 3657//3657 3533//3533 3658//3658
f 3533//3533 3539//3539 3658//3658
f 3536//3536 3659//3659 3535//3535
f 3660//3660 3535//3535 3659//3659
f 3537//3537 3425//3425 3661//3661
f 3535//3535 3660//3660 3539//3539
f 3662//3662 3261//3261 3426//3426
f 3540//3540 3661//3661 3425//3425
f 3261//3261 3662//3662 3427//3427
f 3663//3663 3540//3540 3541//3541
f 3543//3543 3663//3663 3541//3541
f 3664//3664 3663//3663 3543//3543
f 3428//3428 3665//3665 3347//3347
f 3666//3666 3664//3664 3543//3543
f 3544//3544 3666//3666 3543//3543
f 3429//3429 3347//3347 3665//3665
f 3545//3545 3666//3666 3544//3544
f 3667//3667 3666//3666 3545//3545
f 3666//3666 3667//3667 3668//3668
f 3430//3430 3667//3667 3545//3545
f 3669//3669 3667//3667 3430//3430
f 3669//3669 3668//3668 3667//3667
f 3549//3549 3670//3670 3671//3671
f 3550//3550 3670//3670 3549//3549
f 3550//3550 3551//3551 3670//3670
f 3672//3672 3668//3668 3669//3669
f 3549//3549 3671//3671 3673//3673
f 3432//3432 3674//3674 3551//3551
f 3432//3432 3675//3675 3674//3674
f 3434//3434 3675//3675 3432//3432
f 3676//3676 3675//3675 3434//3434
f 3676//3676 3434//3434 3435//3435
f 3435//3435 3548//3548 3677//3677
f 3555//3555 3672//3672 3669//3669
f 3552//3552 3669//3669 3430//3430
f 3552//3552 3555//3555 3669//3669
f 3678//3678 3672//3672 3555//3555
f 3679//3679 3673//3673 3680//3680
f 3553//3553 3673//3673 3679//3679
f 3553//3553 3549//3549 3673//3673
f 3681//3681 3672//3672 3678//3678
f 3682//3682 3678//3678 3555//3555
f 3682//3682 3681//3681 3678//3678
f 3683//3683 3684//3684 3681//3681
f 3685//3685 3684//3684 3683//3683
f 3685//3685 3679//3679 3684//3684
f 3439//3439 3553//3553 3679//3679
f 3556//3556 3682//3682 3555//3555
f 3686//3686 3681//3681 3682//3682
f 3686//3686 3683//3683 3681//3681
f 3685//3685 3439//3439 3679//3679
f 3559//3559 3682//3682 3556//3556
f 3559//3559 3686//3686 3682//3682
f 3687//3687 3683//3683 3686//3686
f 3688//3688 3683//3683 3687//3687
f 3688//3688 3685//3685 3683//3683
f 3561//3561 3686//3686 3559//3559
f 3561//3561 3687//3687 3686//3686
f 3562//3562 3687//3687 3561//3561
f 3562//3562 3688//3688 3687//3687
f 3564//3564 3688//3688 3562//3562
f 3564//3564 3685//3685 3688//3688
f 3440//3440 3685//3685 3564//3564
f 3685//3685 3440//3440 3439//3439
f 3689//3689 3562//3562 3560//3560
f 3690//3690 3689//3689 3560//3560
f 3691//3691 3562//3562 3689//3689
f 3691//3691 3444//3444 3562//3562
f 3359//3359 3692//3692 3441//3441
f 3692//3692 3693//3693 3441//3441
f 3693//3693 3565//3565 3441//3441
f 3446//3446 3444//3444 3691//3691
f 3692//3692 3359//3359 3566//3566
f 3566//3566 3567//3567 3694//3694
f 3568//3568 3567//3567 3362//3362
f 3448//3448 3695//3695 3570//3570
f 3696//3696 3694//3694 3567//3567
f 3450//3450 3694//3694 3696//3696
f 3450//3450 3571//3571 3694//3694
f 3454//3454 3456//3456 3697//3697
f 3456//3456 3698//3698 3697//3697
f 3456//3456 3365//3365 3698//3698
f 3696//3696 3699//3699 3451//3451
f 3451//3451 3450//3450 3696//3696
f 3455//3455 3572//3572 3453//3453
f 3455//3455 3700//3700 3572//3572
f 3455//3455 3454//3454 3700//3700
f 3452//3452 3451//3451 3699//3699
f 3452//3452 3701//3701 3368//3368
f 3449//3449 3366//3366 3702//3702
f 3367//3367 3368//3368 3701//3701
f 3367//3367 3701//3701 3703//3703
f 3366//3366 3369//3369 3573//3573
f 3366//3366 3573//3573 3702//3702
f 3367//3367 3703//3703 3370//3370
f 3370//3370 3703//3703 3573//3573
f 3457//3457 3704//3704 3458//3458
f 3461//3461 3458//3458 3704//3704
f 3705//3705 3706//3706 3575//3575
f 3457//3457 3575//3575 3706//3706
f 3463//3463 3462//3462 3574//3574
f 3705//3705 3577//3577 3707//3707
f 3705//3705 3575//3575 3577//3577
f 3708//3708 3464//3464 3463//3463
f 3709//3709 3707//3707 3577//3577
f 3710//3710 3709//3709 3579//3579
f 3709//3709 3577//3577 3579//3579
f 3711//3711 3466//3466 3464//3464
f 3582//3582 3710//3710 3579//3579
f 3710//3710 3582//3582 3712//3712
f 3712//3712 3589//3589 3588//3588
f 3712//3712 3582//3582 3589//3589
f 3585//3585 3467//3467 3713//3713
f 3467//3467 3378//3378 3713//3713
f 3714//3714 3380//3380 3466//3466
f 3586//3586 3715//3715 3587//3587
f 3583//3583 3715//3715 3586//3586
f 3594//3594 3380//3380 3714//3714
f 3715//3715 3716//3716 3587//3587
f 3716//3716 3592//3592 3587//3587
f 3717//3717 3378//3378 3381//3381
f 3591//3591 3471//3471 3718//3718
f 3593//3593 3717//3717 3381//3381
f 3719//3719 3718//3718 3471//3471
f 3594//3594 3720//3720 3593//3593
f 3719//3719 3471//3471 3472//3472
f 3474//3474 3597//3597 3719//3719
f 3472//3472 3474//3474 3719//3719
f 3473//3473 3596//3596 3721//3721
f 3596//3596 3595//3595 3721//3721
f 3475//3475 3473//3473 3722//3722
f 3722//3722 3473//3473 3721//3721
f 3476//3476 3385//3385 3723//3723
f 3724//3724 3476//3476 3723//3723
f 3477//3477 3476//3476 3724//3724
f 3601//3601 3725//3725 3480//3480
f 3726//3726 3480//3480 3725//3725
f 3389//3389 3480//3480 3726//3726
f 3598//3598 3389//3389 3726//3726
f 3727//3727 3387//3387 3600//3600
f 3385//3385 3387//3387 3727//3727
f 3728//3728 3475//3475 3722//3722
f 3294//3294 3391//3391 3729//3729
f 3294//3294 3729//3729 3600//3600
f 3481//3481 3475//3475 3604//3604
f 3604//3604 3475//3475 3728//3728
f 3391//3391 3730//3730 3729//3729
f 3602//3602 3730//3730 3391//3391
f 3482//3482 3604//3604 3731//3731
f 3483//3483 3732//3732 3603//3603
f 3733//3733 3482//3482 3731//3731
f 3484//3484 3482//3482 3734//3734
f 3734//3734 3482//3482 3733//3733
f 3605//3605 3735//3735 3483//3483
f 3734//3734 3606//3606 3484//3484
f 3606//3606 3736//3736 3487//3487
f 3488//3488 3737//3737 3486//3486
f 3738//3738 3489//3489 3487//3487
f 3736//3736 3738//3738 3487//3487
f 3489//3489 3738//3738 3739//3739
f 3739//3739 3608//3608 3489//3489
f 3490//3490 3740//3740 3607//3607
f 3490//3490 3396//3396 3740//3740
f 3740//3740 3396//3396 3611//3611
f 3610//3610 3741//3741 3397//3397
f 3741//3741 3612//3612 3397//3397
f 3611//3611 3491//3491 3742//3742
f 3491//3491 3743//3743 3742//3742
f 3614//3614 3613//3613 3744//3744
f 3491//3491 3492//3492 3743//3743
f 3614//3614 3745//3745 3493//3493
f 3492//3492 3746//3746 3743//3743
f 3493//3493 3745//3745 3401//3401
f 3492//3492 3615//3615 3746//3746
f 3745//3745 3616//3616 3401//3401
f 3495//3495 3747//3747 3615//3615
f 3494//3494 3616//3616 3617//3617
f 3747//3747 3495//3495 3496//3496
f 3497//3497 3748//3748 3496//3496
f 3497//3497 3749//3749 3748//3748
f 3497//3497 3406//3406 3749//3749
f 3749//3749 3406//3406 3750//3750
f 3750//3750 3406//3406 3500//3500
f 3499//3499 3619//3619 3751//3751
f 3500//3500 3752//3752 3750//3750
f 3501//3501 3499//3499 3751//3751
f 3502//3502 3752//3752 3500//3500
f 3502//3502 3753//3753 3752//3752
f 3751//3751 3620//3620 3501//3501
f 3502//3502 3622//3622 3753//3753
f 3754//3754 3621//3621 3620//3620
f 3754//3754 3505//3505 3621//3621
f 3623//3623 3505//3505 3754//3754
f 3506//3506 3755//3755 3624//3624
f 3756//3756 3409//3409 3625//3625
f 3508//3508 3409//3409 3756//3756
f 3507//3507 3757//3757 3506//3506
f 3506//3506 3757//3757 3755//3755
f 3756//3756 3758//3758 3508//3508
f 3508//3508 3758//3758 3509//3509
f 3757//3757 3507//3507 3626//3626
f 3510//3510 3759//3759 3626//3626
f 3511//3511 3509//3509 3760//3760
f 3510//3510 3761//3761 3759//3759
f 3627//3627 3761//3761 3510//3510
f 3627//3627 3628//3628 3761//3761
f 3511//3511 3760//3760 3762//3762
f 3511//3511 3762//3762 3512//3512
f 3763//3763 3513//3513 3762//3762
f 3512//3512 3762//3762 3513//3513
f 3414//3414 3764//3764 3628//3628
f 3629//3629 3513//3513 3763//3763
f 3416//3416 3764//3764 3414//3414
f 3416//3416 3765//3765 3764//3764
f 3629//3629 3766//3766 3514//3514
f 3416//3416 3630//3630 3765//3765
f 3514//3514 3766//3766 3631//3631
f 3630//3630 3333//3333 3632//3632
f 3631//3631 3767//3767 3515//3515
f 3767//3767 3768//3768 3515//3515
f 3768//3768 3417//3417 3515//3515
f 3769//3769 3417//3417 3768//3768
f 3516//3516 3417//3417 3769//3769
f 3516//3516 3770//3770 3517//3517
f 3517//3517 3770//3770 3771//3771
f 3517//3517 3771//3771 3633//3633
f 3632//3632 3335//3335 3634//3634
f 3633//3633 3772//3772 3520//3520
f 3520//3520 3772//3772 3635//3635
f 3639//3639 3637//3637 3635//3635
f 3773//3773 3640//3640 3639//3639
f 3640//3640 3773//3773 3774//3774
f 3521//3521 3775//3775 3518//3518
f 3774//3774 3776//3776 3640//3640
f 3777//3777 3776//3776 3774//3774
f 3777//3777 3778//3778 3776//3776
f 3779//3779 3778//3778 3777//3777
f 3779//3779 3780//3780 3778//3778
f 3780//3780 3779//3779 3781//3781
f 3524//3524 3782//3782 3521//3521
f 3521//3521 3782//3782 3775//3775
f 3776//3776 3643//3643 3640//3640
f 3781//3781 3783//3783 3780//3780
f 3781//3781 3784//3784 3783//3783
f 3780//3780 3785//3785 3778//3778
f 3780//3780 3783//3783 3785//3785
f 3786//3786 3787//3787 3784//3784
f 3788//3788 3789//3789 3786//3786
f 3790//3790 3789//3789 3788//3788
f 3790//3790 3791//3791 3789//3789
f 3648//3648 3791//3791 3790//3790
f 3642//3642 3792//3792 3641//3641
f 3643//3643 3793//3793 3642//3642
f 3776//3776 3793//3793 3643//3643
f 3776//3776 3794//3794 3793//3793
f 3778//3778 3794//3794 3776//3776
f 3786//3786 3795//3795 3787//3787
f 3789//3789 3795//3795 3786//3786
f 3791//3791 3796//3796 3789//3789
f 3644//3644 3641//3641 3797//3797
f 3641//3641 3792//3792 3797//3797
f 3789//3789 3796//3796 3795//3795
f 3791//3791 3647//3647 3796//3796
f 3647//3647 3791//3791 3648//3648
f 3525//3525 3644//3644 3798//3798
f 3797//3797 3798//3798 3644//3644
f 3423//3423 3799//3799 3645//3645
f 3527//3527 3798//3798 3800//3800
f 3798//3798 3527//3527 3525//3525
f 3647//3647 3801//3801 3796//3796
f 3802//3802 3653//3653 3651//3651
f 3527//3527 3800//3800 3528//3528
f 3647//3647 3654//3654 3801//3801
f 3802//3802 3655//3655 3653//3653
f 3423//3423 3656//3656 3799//3799
f 3536//3536 3655//3655 3802//3802
f 3534//3534 3528//3528 3803//3803
f 3534//3534 3803//3803 3538//3538
f 3538//3538 3662//3662 3426//3426
f 3539//3539 3660//3660 3804//3804
f 3540//3540 3805//3805 3661//3661
f 3662//3662 3806//3806 3427//3427
f 3540//3540 3807//3807 3805//3805
f 3663//3663 3807//3807 3540//3540
f 3808//3808 3807//3807 3663//3663
f 3427//3427 3809//3809 3542//3542
f 3810//3810 3808//3808 3663//3663
f 3665//3665 3428//3428 3809//3809
f 3542//3542 3809//3809 3428//3428
f 3664//3664 3810//3810 3663//3663
f 3664//3664 3666//3666 3811//3811
f 3811//3811 3810//3810 3664//3664
f 3812//3812 3810//3810 3811//3811
f 3429//3429 3665//3665 3813//3813
f 3814//3814 3811//3811 3666//3666
f 3814//3814 3812//3812 3811//3811
f 3429//3429 3813//3813 3546//3546
f 3815//3815 3812//3812 3814//3814
f 3812//3812 3815//3815 3816//3816
f 3547//3547 3546//3546 3813//3813
f 3814//3814 3666//3666 3668//3668
f 3817//3817 3816//3816 3815//3815
f 3817//3817 3818//3818 3816//3816
f 3818//3818 3819//3819 3820//3820
f 3671//3671 3820//3820 3819//3819
f 3671//3671 3821//3821 3820//3820
f 3821//3821 3671//3671 3822//3822
f 3822//3822 3671//3671 3670//3670
f 3822//3822 3670//3670 3823//3823
f 3824//3824 3814//3814 3668//3668
f 3824//3824 3815//3815 3814//3814
f 3817//3817 3815//3815 3824//3824
f 3825//3825 3818//3818 3817//3817
f 3819//3819 3818//3818 3825//3825
f 3551//3551 3823//3823 3670//3670
f 3823//3823 3551//3551 3826//3826
f 3826//3826 3551//3551 3674//3674
f 3677//3677 3547//3547 3827//3827
f 3548//3548 3547//3547 3677//3677
f 3680//3680 3819//3819 3825//3825
f 3673//3673 3819//3819 3680//3680
f 3819//3819 3673//3673 3671//3671
f 3674//3674 3828//3828 3826//3826
f 3675//3675 3828//3828 3674//3674
f 3828//3828 3675//3675 3676//3676
f 3672//3672 3824//3824 3668//3668
f 3829//3829 3824//3824 3672//3672
f 3829//3829 3817//3817 3824//3824
f 3829//3829 3825//3825 3817//3817
f 3435//3435 3677//3677 3676//3676
f 3681//3681 3829//3829 3672//3672
f 3684//3684 3829//3829 3681//3681
f 3684//3684 3825//3825 3829//3829
f 3684//3684 3680//3680 3825//3825
f 3679//3679 3680//3680 3684//3684
f 3560//3560 3563//3563 3830//3830
f 3560//3560 3830//3830 3690//3690
f 3691//3691 3689//3689 3690//3690
f 3693//3693 3831//3831 3565//3565
f 3831//3831 3563//3563 3565//3565
f 3832//3832 3446//3446 3691//3691
f 3833//3833 3692//3692 3566//3566
f 3693//3693 3692//3692 3833//3833
f 3446//3446 3832//3832 3448//3448
f 3832//3832 3695//3695 3448//3448
f 3833//3833 3566//3566 3694//3694
f 3695//3695 3834//3834 3570//3570
f 3699//3699 3567//3567 3568//3568
f 3696//3696 3567//3567 3699//3699
f 3365//3365 3834//3834 3698//3698
f 3365//3365 3570//3570 3834//3834
f 3835//3835 3568//3568 3569//3569
f 3699//3699 3568//3568 3835//3835
f 3572//3572 3836//3836 3571//3571
f 3572//3572 3700//3700 3836//3836
f 3700//3700 3454//3454 3837//3837
f 3454//3454 3697//3697 3837//3837
f 3835//3835 3569//3569 3449//3449
f 3835//3835 3449//3449 3703//3703
f 3452//3452 3699//3699 3701//3701
f 3702//3702 3703//3703 3449//3449
f 3573//3573 3703//3703 3702//3702
f 3457//3457 3706//3706 3838//3838
f 3704//3704 3457//3457 3838//3838
f 3574//3574 3461//3461 3839//3839
f 3711//3711 3464//3464 3708//3708
f 3840//3840 3841//3841 3712//3712
f 3841//3841 3710//3710 3712//3712
f 3588//3588 3842//3842 3840//3840
f 3840//3840 3712//3712 3588//3588
f 3714//3714 3466//3466 3711//3711
f 3583//3583 3584//3584 3843//3843
f 3580//3580 3843//3843 3584//3584
f 3713//3713 3378//3378 3844//3844
f 3591//3591 3845//3845 3842//3842
f 3842//3842 3588//3588 3591//3591
f 3715//3715 3583//3583 3843//3843
f 3594//3594 3714//3714 3846//3846
f 3378//3378 3717//3717 3844//3844
f 3845//3845 3591//3591 3718//3718
f 3716//3716 3847//3847 3592//3592
f 3847//3847 3595//3595 3592//3592
f 3717//3717 3593//3593 3720//3720
f 3594//3594 3848//3848 3720//3720
f 3598//3598 3849//3849 3597//3597
f 3724//3724 3850//3850 3477//3477
f 3477//3477 3850//3850 3478//3478
f 3598//3598 3726//3726 3849//3849
f 3385//3385 3727//3727 3723//3723
f 3851//3851 3479//3479 3599//3599
f 3479//3479 3851//3851 3601//3601
f 3852//3852 3601//3601 3851//3851
f 3725//3725 3601//3601 3852//3852
f 3722//3722 3853//3853 3728//3728
f 3853//3853 3604//3604 3728//3728
f 3602//3602 3603//3603 3854//3854
f 3730//3730 3602//3602 3854//3854
f 3483//3483 3735//3735 3732//3732
f 3605//3605 3486//3486 3737//3737
f 3607//3607 3855//3855 3488//3488
f 3609//3609 3608//3608 3856//3856
f 3856//3856 3610//3610 3609//3609
f 3611//3611 3857//3857 3740//3740
f 3857//3857 3611//3611 3742//3742
f 3612//3612 3744//3744 3613//3613
f 3742//3742 3743//3743 3858//3858
f 3614//3614 3744//3744 3859//3859
f 3614//3614 3859//3859 3745//3745
f 3743//3743 3746//3746 3858//3858
f 3746//3746 3615//3615 3860//3860
f 3861//3861 3616//3616 3745//3745
f 3860//3860 3615//3615 3747//3747
f 3747//3747 3496//3496 3748//3748
f 3862//3862 3618//3618 3617//3617
f 3751//3751 3863//3863 3620//3620
f 3864//3864 3753//3753 3622//3622
f 3863//3863 3865//3865 3620//3620
f 3864//3864 3622//3622 3866//3866
f 3865//3865 3754//3754 3620//3620
f 3866//3866 3622//3622 3624//3624
f 3866//3866 3624//3624 3867//3867
f 3868//3868 3754//3754 3869//3869
f 3868//3868 3623//3623 3754//3754
f 3870//3870 3623//3623 3868//3868
f 3623//3623 3870//3870 3625//3625
f 3867//3867 3624//3624 3755//3755
f 3756//3756 3625//3625 3870//3870
f 3758//3758 3756//3756 3871//3871
f 3757//3757 3626//3626 3872//3872
f 3871//3871 3873//3873 3758//3758
f 3758//3758 3873//3873 3509//3509
f 3872//3872 3626//3626 3759//3759
f 3873//3873 3760//3760 3509//3509
f 3762//3762 3760//3760 3874//3874
f 3763//3763 3762//3762 3874//3874
f 3629//3629 3763//3763 3875//3875
f 3766//3766 3629//3629 3875//3875
f 3876//3876 3766//3766 3875//3875
f 3631//3631 3766//3766 3876//3876
f 3877//3877 3631//3631 3876//3876
f 3878//3878 3630//3630 3632//3632
f 3877//3877 3767//3767 3631//3631
f 3770//3770 3516//3516 3769//3769
f 3632//3632 3879//3879 3878//3878
f 3880//3880 3633//3633 3771//3771
f 3880//3880 3881//3881 3633//3633
f 3633//3633 3881//3881 3772//3772
f 3632//3632 3634//3634 3879//3879
f 3772//3772 3882//3882 3635//3635
f 3882//3882 3883//3883 3635//3635
f 3635//3635 3883//3883 3639//3639
f 3639//3639 3883//3883 3884//3884
f 3518//3518 3879//3879 3634//3634
f 3885//3885 3879//3879 3518//3518
f 3884//3884 3886//3886 3639//3639
f 3639//3639 3886//3886 3773//3773
f 3773//3773 3887//3887 3774//3774
f 3518//3518 3888//3888 3885//3885
f 3887//3887 3777//3777 3774//3774
f 3779//3779 3777//3777 3887//3887
f 3888//3888 3518//3518 3775//3775
f 3889//3889 3781//3781 3779//3779
f 3890//3890 3781//3781 3889//3889
f 3775//3775 3782//3782 3888//3888
f 3890//3890 3784//3784 3781//3781
f 3890//3890 3786//3786 3784//3784
f 3891//3891 3786//3786 3890//3890
f 3788//3788 3786//3786 3891//3891
f 3892//3892 3648//3648 3790//3790
f 3648//3648 3892//3892 3893//3893
f 3893//3893 3646//3646 3648//3648
f 3650//3650 3646//3646 3893//3893
f 3894//3894 3650//3650 3893//3893
f 3649//3649 3650//3650 3894//3894
f 3649//3649 3894//3894 3895//3895
f 3782//3782 3524//3524 3645//3645
f 3895//3895 3651//3651 3649//3649
f 3792//3792 3642//3642 3793//3793
f 3778//3778 3896//3896 3794//3794
f 3785//3785 3897//3897 3896//3896
f 3785//3785 3896//3896 3778//3778
f 3783//3783 3897//3897 3785//3785
f 3783//3783 3898//3898 3897//3897
f 3784//3784 3898//3898 3783//3783
f 3784//3784 3899//3899 3898//3898
f 3787//3787 3899//3899 3784//3784
f 3795//3795 3900//3900 3787//3787
f 3796//3796 3900//3900 3795//3795
f 3528//3528 3800//3800 3901//3901
f 3528//3528 3901//3901 3803//3803
f 3902//3902 3801//3801 3654//3654
f 3654//3654 3657//3657 3902//3902
f 3903//3903 3902//3902 3657//3657
f 3657//3657 3658//3658 3903//3903
f 3537//3537 3904//3904 3656//3656
f 3803//3803 3905//3905 3538//3538
f 3906//3906 3659//3659 3536//3536
f 3907//3907 3903//3903 3658//3658
f 3658//3658 3539//3539 3907//3907
f 3904//3904 3537//3537 3661//3661
f 3905//3905 3908//3908 3538//3538
f 3907//3907 3539//3539 3804//3804
f 3538//3538 3908//3908 3662//3662
f 3908//3908 3806//3806 3662//3662
f 3660//3660 3909//3909 3804//3804
f 3659//3659 3909//3909 3660//3660
f 3427//3427 3806//3806 3809//3809
f 3910//3910 3807//3807 3808//3808
f 3665//3665 3809//3809 3911//3911
f 3810//3810 3910//3910 3808//3808
f 3912//3912 3665//3665 3911//3911
f 3910//3910 3810//3810 3812//3812
f 3812//3812 3913//3913 3910//3910
f 3816//3816 3914//3914 3913//3913
f 3914//3914 3816//3816 3915//3915
f 3816//3816 3913//3913 3812//3812
f 3916//3916 3915//3915 3816//3816
f 3915//3915 3916//3916 3917//3917
f 3820//3820 3917//3917 3916//3916
f 3813//3813 3665//3665 3912//3912
f 3821//3821 3918//3918 3820//3820
f 3818//3818 3916//3916 3816//3816
f 3916//3916 3818//3818 3820//3820
f 3813//3813 3827//3827 3547//3547
f 3919//3919 3828//3828 3676//3676
f 3919//3919 3676//3676 3827//3827
f 3827//3827 3676//3676 3677//3677
f 3831//3831 3830//3830 3563//3563
f 3920//3920 3691//3691 3690//3690
f 3691//3691 3920//3920 3832//3832
f 3921//3921 3693//3693 3833//3833
f 3921//3921 3831//3831 3693//3693
f 3833//3833 3922//3922 3921//3921
f 3833//3833 3694//3694 3922//3922
f 3571//3571 3922//3922 3694//3694
f 3571//3571 3836//3836 3922//3922
f 3697//3697 3923//3923 3837//3837
f 3697//3697 3698//3698 3923//3923
f 3698//3698 3834//3834 3923//3923
f 3835//3835 3701//3701 3699//3699
f 3701//3701 3835//3835 3703//3703
f 3838//3838 3706//3706 3924//3924
f 3839//3839 3461//3461 3704//3704
f 3706//3706 3705//3705 3924//3924
f 3925//3925 3574//3574 3839//3839
f 3463//3463 3574//3574 3925//3925
f 3463//3463 3925//3925 3708//3708
f 3707//3707 3709//3709 3926//3926
f 3927//3927 3710//3710 3841//3841
f 3709//3709 3710//3710 3927//3927
f 3709//3709 3927//3927 3926//3926
f 3708//3708 3928//3928 3711//3711
f 3714//3714 3711//3711 3928//3928
f 3585//3585 3713//3713 3929//3929
f 3843//3843 3580//3580 3930//3930
f 3930//3930 3580//3580 3585//3585
f 3844//3844 3929//3929 3713//3713
f 3715//3715 3843//3843 3931//3931
f 3845//3845 3718//3718 3932//3932
f 3933//3933 3716//3716 3715//3715
f 3934//3934 3844//3844 3717//3717
f 3848//3848 3594//3594 3846//3846
f 3718//3718 3935//3935 3932//3932
f 3847//3847 3716//3716 3933//3933
f 3936//3936 3934//3934 3717//3717
f 3935//3935 3718//3718 3719//3719
f 3720//3720 3936//3936 3717//3717
f 3597//3597 3937//3937 3719//3719
f 3938//3938 3721//3721 3595//3595
f 3937//3937 3597//3597 3939//3939
f 3849//3849 3939//3939 3597//3597
f 3938//3938 3722//3722 3721//3721
f 3727//3727 3940//3940 3723//3723
f 3723//3723 3940//3940 3941//3941
f 3723//3723 3941//3941 3724//3724
f 3850//3850 3724//3724 3941//3941
f 3478//3478 3850//3850 3942//3942
f 3478//3478 3942//3942 3943//3943
f 3478//3478 3943//3943 3599//3599
f 3599//3599 3943//3943 3851//3851
f 3725//3725 3944//3944 3726//3726
f 3726//3726 3944//3944 3849//3849
f 3600//3600 3945//3945 3727//3727
f 3852//3852 3944//3944 3725//3725
f 3729//3729 3945//3945 3600//3600
f 3730//3730 3946//3946 3729//3729
f 3946//3946 3945//3945 3729//3729
f 3946//3946 3730//3730 3947//3947
f 3853//3853 3731//3731 3604//3604
f 3948//3948 3603//3603 3732//3732
f 3854//3854 3603//3603 3948//3948
f 3949//3949 3733//3733 3731//3731
f 3732//3732 3735//3735 3950//3950
f 3948//3948 3732//3732 3950//3950
f 3733//3733 3949//3949 3734//3734
f 3949//3949 3951//3951 3734//3734
f 3735//3735 3605//3605 3952//3952
f 3735//3735 3952//3952 3950//3950
f 3951//3951 3606//3606 3734//3734
f 3606//3606 3951//3951 3736//3736
f 3737//3737 3952//3952 3605//3605
f 3855//3855 3737//3737 3488//3488
f 3607//3607 3953//3953 3855//3855
f 3608//3608 3739//3739 3954//3954
f 3740//3740 3953//3953 3607//3607
f 3856//3856 3608//3608 3954//3954
f 3740//3740 3955//3955 3953//3953
f 3856//3856 3956//3956 3610//3610
f 3857//3857 3955//3955 3740//3740
f 3956//3956 3957//3957 3610//3610
f 3610//3610 3957//3957 3741//3741
f 3742//3742 3958//3958 3857//3857
f 3958//3958 3742//3742 3858//3858
f 3859//3859 3744//3744 3959//3959
f 3745//3745 3859//3859 3960//3960
f 3858//3858 3746//3746 3860//3860
f 3960//3960 3861//3861 3745//3745
f 3861//3861 3961//3961 3616//3616
f 3962//3962 3860//3860 3747//3747
f 3616//3616 3961//3961 3617//3617
f 3962//3962 3747//3747 3748//3748
f 3961//3961 3862//3862 3617//3617
f 3963//3963 3962//3962 3748//3748
f 3749//3749 3963//3963 3748//3748
f 3964//3964 3862//3862 3965//3965
f 3618//3618 3862//3862 3964//3964
f 3966//3966 3965//3965 3967//3967
f 3966//3966 3964//3964 3965//3965
f 3963//3963 3749//3749 3750//3750
f 3963//3963 3750//3750 3968//3968
f 3969//3969 3967//3967 3970//3970
f 3971//3971 3967//3967 3969//3969
f 3971//3971 3966//3966 3967//3967
f 3972//3972 3964//3964 3966//3966
f 3972//3972 3618//3618 3964//3964
f 3618//3618 3972//3972 3619//3619
f 3973//3973 3974//3974 3970//3970
f 3974//3974 3969//3969 3970//3970
f 3975//3975 3966//3966 3971//3971
f 3975//3975 3972//3972 3966//3966
f 3968//3968 3750//3750 3752//3752
f 3752//3752 3976//3976 3968//3968
f 3977//3977 3974//3974 3973//3973
f 3978//3978 3972//3972 3975//3975
f 3751//3751 3619//3619 3972//3972
f 3979//3979 3974//3974 3977//3977
f 3979//3979 3969//3969 3974//3974
f 3979//3979 3971//3971 3969//3969
f 3980//3980 3971//3971 3979//3979
f 3980//3980 3975//3975 3971//3971
f 3978//3978 3751//3751 3972//3972
f 3981//3981 3975//3975 3980//3980
f 3981//3981 3978//3978 3975//3975
f 3863//3863 3751//3751 3978//3978
f 3753//3753 3976//3976 3752//3752
f 3982//3982 3980//3980 3979//3979
f 3863//3863 3978//3978 3981//3981
f 3976//3976 3753//3753 3864//3864
f 3983//3983 3981//3981 3980//3980
f 3984//3984 3981//3981 3983//3983
f 3984//3984 3863//3863 3981//3981
f 3866//3866 3985//3985 3864//3864
f 3865//3865 3863//3863 3984//3984
f 3986//3986 3865//3865 3984//3984
f 3869//3869 3754//3754 3865//3865
f 3867//3867 3985//3985 3866//3866
f 3987//3987 3985//3985 3867//3867
f 3988//3988 3987//3987 3867//3867
f 3870//3870 3868//3868 3869//3869
f 3755//3755 3988//3988 3867//3867
f 3757//3757 3988//3988 3755//3755
f 3989//3989 3988//3988 3757//3757
f 3990//3990 3756//3756 3870//3870
f 3871//3871 3756//3756 3990//3990
f 3989//3989 3757//3757 3872//3872
f 3991//3991 3873//3873 3871//3871
f 3992//3992 3872//3872 3759//3759
f 3760//3760 3873//3873 3991//3991
f 3761//3761 3992//3992 3759//3759
f 3993//3993 3760//3760 3991//3991
f 3994//3994 3992//3992 3761//3761
f 3874//3874 3993//3993 3995//3995
f 3760//3760 3993//3993 3874//3874
f 3994//3994 3761//3761 3628//3628
f 3996//3996 3874//3874 3995//3995
f 3763//3763 3874//3874 3996//3996
f 3764//3764 3994//3994 3628//3628
f 3997//3997 3994//3994 3764//3764
f 3875//3875 3996//3996 3998//3998
f 3763//3763 3996//3996 3875//3875
f 3765//3765 3997//3997 3764//3764
f 3999//3999 3997//3997 3765//3765
f 3876//3876 3875//3875 3998//3998
f 3765//3765 3630//3630 4000//4000
f 3765//3765 4000//4000 3999//3999
f 4001//4001 3876//3876 3998//3998
f 4002//4002 3876//3876 4001//4001
f 4003//4003 3876//3876 4002//4002
f 4003//4003 3877//3877 3876//3876
f 4000//4000 3630//3630 3878//3878
f 3768//3768 3767//3767 4004//4004
f 4005//4005 3768//3768 4004//4004
f 3769//3769 3768//3768 4005//4005
f 3771//3771 3770//3770 4006//4006
f 3880//3880 3771//3771 4006//4006
f 4003//4003 4007//4007 3877//3877
f 3767//3767 3877//3877 4007//4007
f 4008//4008 3878//3878 3879//3879
f 3881//3881 4009//4009 3772//3772
f 3772//3772 4009//4009 3882//3882
f 3883//3883 3882//3882 4009//4009
f 3885//3885 4008//4008 3879//3879
f 4010//4010 3773//3773 3886//3886
f 4010//4010 3887//3887 3773//3773
f 4011//4011 3779//3779 3887//3887
f 4012//4012 3885//3885 3888//3888
f 4013//4013 3890//3890 3889//3889
f 3890//3890 4013//4013 3891//3891
f 4014//4014 3788//3788 3891//3891
f 4014//4014 3790//3790 3788//3788
f 4014//4014 4015//4015 3790//3790
f 4016//4016 3888//3888 3782//3782
f 3888//3888 4016//4016 4012//4012
f 4015//4015 3892//3892 3790//3790
f 3782//3782 3645//3645 4017//4017
f 3782//3782 4017//4017 4016//4016
f 4018//4018 3651//3651 3895//3895
f 3797//3797 3792//3792 4019//4019
f 3792//3792 4020//4020 4019//4019
f 3792//3792 3793//3793 4020//4020
f 3794//3794 3896//3896 4020//4020
f 3794//3794 4020//4020 3793//3793
f 3898//3898 3899//3899 4021//4021
f 4021//4021 3899//3899 4022//4022
f 4022//4022 3899//3899 3787//3787
f 4022//4022 3787//3787 3900//3900
f 4017//4017 3645//3645 3799//3799
f 3800//3800 4023//4023 3901//3901
f 3800//3800 3798//3798 4023//4023
f 3798//3798 4024//4024 4023//4023
f 3798//3798 3797//3797 4024//4024
f 3797//3797 4019//4019 4024//4024
f 3900//3900 3796//3796 4025//4025
f 4025//4025 3796//3796 3801//3801
f 3802//3802 3651//3651 4018//4018
f 4026//4026 4025//4025 3801//3801
f 3656//3656 4027//4027 3799//3799
f 4026//4026 3801//3801 3902//3902
f 4028//4028 3536//3536 3802//3802
f 4027//4027 3656//3656 3904//3904
f 3906//3906 3536//3536 4028//4028
f 3904//3904 3661//3661 4029//4029
f 3906//3906 4030//4030 3659//3659
f 4029//4029 3661//3661 3805//3805
f 3805//3805 4031//4031 4029//4029
f 4032//4032 3806//3806 3908//3908
f 4030//4030 3909//3909 3659//3659
f 4031//4031 3805//3805 3807//3807
f 4031//4031 3807//3807 4033//4033
f 3806//3806 4032//4032 3809//3809
f 4033//4033 3807//3807 3910//3910
f 4032//4032 3911//3911 3809//3809
f 3914//3914 4033//4033 3910//3910
f 3914//3914 4034//4034 4033//4033
f 4034//4034 3914//3914 4035//4035
f 3914//3914 3910//3910 3913//3913
f 3915//3915 4035//4035 3914//3914
f 3915//3915 4036//4036 4035//4035
f 3917//3917 4036//4036 3915//3915
f 4036//4036 3917//3917 4037//4037
f 3820//3820 4037//4037 3917//3917
f 4037//4037 3820//3820 3918//3918
f 4038//4038 4039//4039 3813//3813
f 3813//3813 3912//3912 4038//4038
f 3918//3918 3821//3821 4040//4040
f 3822//3822 4040//4040 3821//3821
f 4040//4040 3822//3822 4041//4041
f 3823//3823 4041//4041 3822//3822
f 4041//4041 3823//3823 3826//3826
f 3827//3827 4039//4039 4042//4042
f 3813//3813 4039//4039 3827//3827
f 3828//3828 4043//4043 3826//3826
f 3919//3919 4043//4043 3828//3828
f 3919//3919 4042//4042 4043//4043
f 3919//3919 3827//3827 4042//4042
f 3690//3690 3830//3830 4044//4044
f 3690//3690 4044//4044 3920//3920
f 3830//3830 3831//3831 4045//4045
f 3921//3921 4046//4046 3831//3831
f 4046//4046 4045//4045 3831//3831
f 4047//4047 3832//3832 3920//3920
f 3832//3832 4047//4047 3695//3695
f 3695//3695 4047//4047 3834//3834
f 3922//3922 3836//3836 4048//4048
f 3700//3700 4048//4048 3836//3836
f 3700//3700 4049//4049 4048//4048
f 3700//3700 3837//3837 4049//4049
f 3837//3837 3923//3923 4050//4050
f 4051//4051 3705//3705 3707//3707
f 3924//3924 3705//3705 4051//4051
f 3707//3707 3926//3926 4052//4052
f 3707//3707 4052//4052 4051//4051
f 3842//3842 4053//4053 3840//3840
f 3585//3585 4054//4054 3930//3930
f 3585//3585 3929//3929 4054//4054
f 4055//4055 3929//3929 3844//3844
f 3714//3714 3928//3928 4056//4056
f 3842//3842 3845//3845 4053//4053
f 3844//3844 3934//3934 4055//4055
f 4056//4056 3846//3846 3714//3714
f 3715//3715 3931//3931 4057//4057
f 3846//3846 4056//4056 3848//3848
f 3933//3933 3715//3715 4057//4057
f 3720//3720 3848//3848 3936//3936
f 3847//3847 3938//3938 3595//3595
f 3937//3937 3935//3935 3719//3719
f 4058//4058 3935//3935 3937//3937
f 4059//4059 3937//3937 3939//3939
f 4058//4058 3937//3937 4059//4059
f 4060//4060 3722//3722 3938//3938
f 4059//4059 3939//3939 4061//4061
f 4062//4062 3939//3939 3849//3849
f 4061//4061 3939//3939 4062//4062
f 4063//4063 3850//3850 3941//3941
f 4063//4063 3942//3942 3850//3850
f 3942//3942 4064//4064 3943//3943
f 4065//4065 3849//3849 3944//3944
f 4065//4065 4062//4062 3849//3849
f 4066//4066 4061//4061 4062//4062
f 3722//3722 4060//4060 3853//3853
f 3945//3945 4067//4067 3727//3727
f 4067//4067 3940//3940 3727//3727
f 4068//4068 3943//3943 4064//4064
f 4068//4068 3851//3851 3943//3943
f 4069//4069 3851//3851 4068//4068
f 4069//4069 3852//3852 3851//3851
f 4070//4070 4062//4062 4065//4065
f 4066//4066 4062//4062 4070//4070
f 4071//4071 3852//3852 4069//4069
f 4071//4071 3944//3944 3852//3852
f 4072//4072 4065//4065 3944//3944
f 4073//4073 4072//4072 3944//3944
f 4070//4070 4065//4065 4072//4072
f 4074//4074 3731//3731 3853//3853
f 4075//4075 3730//3730 3854//3854
f 3947//3947 3730//3730 4075//4075
f 3949//3949 3731//3731 4074//4074
f 4075//4075 3854//3854 3948//3948
f 4075//4075 3948//3948 4076//4076
f 4076//4076 3948//3948 3950//3950
f 4077//4077 3952//3952 3737//3737
f 4078//4078 4077//4077 3737//3737
f 3855//3855 4078//4078 3737//3737
f 3953//3953 4078//4078 3855//3855
f 3953//3953 4079//4079 4078//4078
f 3954//3954 3739//3739 4080//4080
f 3955//3955 4079//4079 3953//3953
f 3956//3956 3856//3856 4080//4080
f 3954//3954 4080//4080 3856//3856
f 4081//4081 3955//3955 3857//3857
f 4082//4082 3741//3741 3957//3957
f 3612//3612 3741//3741 4082//4082
f 3958//3958 4081//4081 3857//3857
f 4082//4082 4083//4083 3612//3612
f 4083//4083 3959//3959 3744//3744
f 3744//3744 3612//3612 4083//4083
f 3858//3858 4084//4084 3958//3958
f 3959//3959 4085//4085 3859//3859
f 4086//4086 4084//4084 3858//3858
f 4085//4085 3960//3960 3859//3859
f 4086//4086 3858//3858 3860//3860
f 4087//4087 4086//4086 3860//3860
f 4087//4087 3860//3860 3962//3962
f 3965//3965 3961//3961 4088//4088
f 3862//3862 3961//3961 3965//3965
f 3967//3967 4088//4088 4089//4089
f 3967//3967 3965//3965 4088//4088
f 3967//3967 4089//4089 4090//4090
f 3973//3973 4090//4090 4091//4091
f 3970//3970 4090//4090 3973//3973
f 3967//3967 4090//4090 3970//3970
f 4092//4092 3973//3973 4091//4091
f 3977//3977 3973//3973 4092//4092
f 4093//4093 4092//4092 4094//4094
f 4093//4093 3977//3977 4092//4092
f 4095//4095 4093//4093 4094//4094
f 4096//4096 3977//3977 4093//4093
f 4097//4097 3977//3977 4096//4096
f 4097//4097 3979//3979 3977//3977
f 3864//3864 4098//4098 3976//3976
f 4097//4097 3982//3982 3979//3979
f 4099//4099 4098//4098 3864//3864
f 4098//4098 4099//4099 4100//4100
f 4100//4100 4095//4095 4098//4098
f 4101//4101 4093//4093 4095//4095
f 4101//4101 4096//4096 4093//4093
f 3983//3983 3980//3980 3982//3982
f 3985//3985 4099//4099 3864//3864
f 4102//4102 4096//4096 4101//4101
f 4097//4097 4096//4096 4102//4102
f 4103//4103 3982//3982 4097//4097
f 4103//4103 3983//3983 3982//3982
f 4100//4100 4099//4099 3985//3985
f 4104//4104 4095//4095 4100//4100
f 4104//4104 4101//4101 4095//4095
f 4102//4102 4101//4101 4104//4104
f 4105//4105 3983//3983 4103//4103
f 3986//3986 3983//3983 4105//4105
f 3986//3986 3984//3984 3983//3983
f 4106//4106 4104//4104 4100//4100
f 3987//3987 4100//4100 3985//3985
f 4107//4107 4100//4100 3987//3987
f 4107//4107 4106//4106 4100//4100
f 4108//4108 3986//3986 4109//4109
f 4108//4108 3865//3865 3986//3986
f 4108//4108 3869//3869 3865//3865
f 3988//3988 4107//4107 3987//3987
f 4110//4110 3869//3869 4108//4108
f 4110//4110 3870//3870 3869//3869
f 4111//4111 4107//4107 3988//3988
f 4112//4112 4110//4110 4108//4108
f 4113//4113 4110//4110 4112//4112
f 4113//4113 3870//3870 4110//4110
f 3989//3989 4111//4111 3988//3988
f 4114//4114 4111//4111 3989//3989
f 3990//3990 3870//3870 4113//4113
f 3872//3872 4114//4114 3989//3989
f 4115//4115 3990//3990 4113//4113
f 3871//3871 3990//3990 4115//4115
f 3872//3872 3992//3992 4116//4116
f 3991//3991 3871//3871 4115//4115
f 3993//3993 3991//3991 4115//4115
f 4117//4117 3993//3993 4115//4115
f 3994//3994 4118//4118 3992//3992
f 3995//3995 3993//3993 4117//4117
f 4119//4119 4118//4118 3994//3994
f 4120//4120 3995//3995 4117//4117
f 3996//3996 3995//3995 4120//4120
f 4121//4121 4119//4119 3994//3994
f 3997//3997 4121//4121 3994//3994
f 3998//3998 4120//4120 4122//4122
f 3996//3996 4120//4120 3998//3998
f 4123//4123 3998//3998 4122//4122
f 4124//4124 3997//3997 3999//3999
f 4000//4000 4124//4124 3999//3999
f 4001//4001 4123//4123 4125//4125
f 4001//4001 3998//3998 4123//4123
f 4124//4124 4000//4000 4126//4126
f 4127//4127 4001//4001 4125//4125
f 3878//3878 4126//4126 4000//4000
f 4002//4002 4001//4001 4127//4127
f 3769//3769 4005//4005 4128//4128
f 3769//3769 4128//4128 3770//3770
f 4129//4129 4002//4002 4127//4127
f 4007//4007 4130//4130 3767//3767
f 4004//4004 3767//3767 4130//4130
f 4008//4008 4126//4126 3878//3878
f 4131//4131 4126//4126 4008//4008
f 4132//4132 4002//4002 4129//4129
f 4002//4002 4132//4132 4133//4133
f 4002//4002 4133//4133 4003//4003
f 4133//4133 4007//4007 4003//4003
f 3884//3884 3883//3883 4134//4134
f 4135//4135 4131//4131 4008//4008
f 3886//3886 3884//3884 4134//4134
f 4135//4135 4008//4008 3885//3885
f 4136//4136 3887//3887 4010//4010
f 4011//4011 3887//3887 4136//4136
f 4137//4137 3779//3779 4011//4011
f 4137//4137 3889//3889 3779//3779
f 4013//4013 3889//3889 4137//4137
f 4013//4013 4138//4138 3891//3891
f 3891//3891 4138//4138 4139//4139
f 4012//4012 4135//4135 3885//3885
f 4139//4139 4014//4014 3891//3891
f 4139//4139 4140//4140 4014//4014
f 4014//4014 4140//4140 4015//4015
f 4141//4141 3892//3892 4015//4015
f 4016//4016 4142//4142 4012//4012
f 4143//4143 3892//3892 4141//4141
f 3893//3893 3892//3892 4143//4143
f 4143//4143 3894//3894 3893//3893
f 3895//3895 3894//3894 4144//4144
f 4144//4144 4145//4145 3895//3895
f 4016//4016 4146//4146 4142//4142
f 4147//4147 4016//4016 4017//4017
f 4147//4147 4146//4146 4016//4016
f 4018//4018 3895//3895 4145//4145
f 3896//3896 3897//3897 4148//4148
f 3897//3897 4149//4149 4148//4148
f 4149//4149 3897//3897 3898//3898
f 3799//3799 4147//4147 4017//4017
f 4150//4150 4021//4021 4022//4022
f 4022//4022 4151//4151 4150//4150
f 4022//4022 3900//3900 4151//4151
f 4152//4152 3802//3802 4018//4018
f 4027//4027 4147//4147 3799//3799
f 4153//4153 4147//4147 4027//4027
f 3901//3901 4154//4154 3803//3803
f 4155//4155 4026//4026 3902//3902
f 4028//4028 3802//3802 4152//4152
f 4154//4154 3905//3905 3803//3803
f 4156//4156 4155//4155 3902//3902
f 4156//4156 3902//3902 3903//3903
f 3904//3904 4153//4153 4027//4027
f 4156//4156 3903//3903 4157//4157
f 4028//4028 4158//4158 3906//3906
f 4159//4159 4153//4153 3904//3904
f 4160//4160 3908//3908 4161//4161
f 4161//4161 3908//3908 3905//3905
f 3903//3903 3907//3907 4157//4157
f 4029//4029 4159//4159 3904//3904
f 4159//4159 4029//4029 4162//4162
f 3908//3908 4160//4160 4032//4032
f 4031//4031 4162//4162 4029//4029
f 4163//4163 4162//4162 4031//4031
f 4163//4163 4164//4164 4162//4162
f 3804//3804 3909//3909 4165//4165
f 3909//3909 4030//4030 4165//4165
f 4163//4163 4031//4031 4033//4033
f 4034//4034 4163//4163 4033//4033
f 4163//4163 4034//4034 4166//4166
f 4167//4167 3911//3911 4032//4032
f 4035//4035 4166//4166 4034//4034
f 4168//4168 3911//3911 4167//4167
f 4168//4168 4169//4169 3911//3911
f 4036//4036 4166//4166 4035//4035
f 4166//4166 4036//4036 4170//4170
f 3911//3911 4169//4169 3912//3912
f 4170//4170 4036//4036 4037//4037
f 4037//4037 4171//4171 4170//4170
f 3912//3912 4169//4169 4038//4038
f 4171//4171 4037//4037 3918//3918
f 4171//4171 3918//3918 4172//4172
f 4172//4172 3918//3918 4040//4040
f 4173//4173 4039//4039 4038//4038
f 4173//4173 4174//4174 4042//4042
f 4039//4039 4173//4173 4042//4042
f 3826//3826 4175//4175 4041//4041
f 4175//4175 3826//3826 4043//4043
f 4175//4175 4043//4043 4174//4174
f 4042//4042 4174//4174 4043//4043
f 4045//4045 4176//4176 3830//3830
f 3830//3830 4177//4177 4044//4044
f 3830//3830 4176//4176 4177//4177
f 4047//4047 4044//4044 4177//4177
f 3920//3920 4044//4044 4047//4047
f 3921//3921 3922//3922 4048//4048
f 4048//4048 4046//4046 3921//3921
f 4049//4049 4046//4046 4048//4048
f 3834//3834 4047//4047 3923//3923
f 3837//3837 4050//4050 4049//4049
f 4178//4178 3838//3838 3924//3924
f 3704//3704 3838//3838 4178//4178
f 4178//4178 4179//4179 3704//3704
f 3839//3839 3704//3704 4179//4179
f 4180//4180 3839//3839 4179//4179
f 3925//3925 3839//3839 4180//4180
f 3708//3708 3925//3925 4181//4181
f 3926//3926 3927//3927 4182//4182
f 4182//4182 4052//4052 3926//3926
f 3927//3927 3841//3841 4183//4183
f 4183//4183 4182//4182 3927//3927
f 4181//4181 3928//3928 3708//3708
f 3841//3841 3840//3840 4184//4184
f 3840//3840 4185//4185 4184//4184
f 3840//3840 4053//4053 4185//4185
f 4186//4186 4053//4053 3845//3845
f 3845//3845 3932//3932 4187//4187
f 4186//4186 3845//3845 4187//4187
f 4188//4188 3934//3934 3936//3936
f 3848//3848 4188//4188 3936//3936
f 3932//3932 3935//3935 4187//4187
f 4189//4189 3935//3935 4058//4058
f 4189//4189 4187//4187 3935//3935
f 4189//4189 4058//4058 4059//4059
f 4190//4190 4059//4059 4061//4061
f 4066//4066 4190//4190 4061//4061
f 4060//4060 4191//4191 3853//3853
f 3940//3940 4067//4067 4192//4192
f 4192//4192 3941//3941 3940//3940
f 4193//4193 3941//3941 4192//4192
f 4193//4193 4063//4063 3941//3941
f 4194//4194 4063//4063 4193//4193
f 4194//4194 3942//3942 4063//4063
f 4194//4194 4064//4064 3942//3942
f 4190//4190 4066//4066 4195//4195
f 4191//4191 4074//4074 3853//3853
f 3946//3946 4196//4196 3945//3945
f 4067//4067 3945//3945 4196//4196
f 4197//4197 4064//4064 4194//4194
f 4197//4197 4068//4068 4064//4064
f 4198//4198 4069//4069 4068//4068
f 4199//4199 4070//4070 4072//4072
f 4199//4199 4066//4066 4070//4070
f 4195//4195 4066//4066 4199//4199
f 3947//3947 4200//4200 3946//3946
f 4196//4196 3946//3946 4200//4200
f 4201//4201 4068//4068 4197//4197
f 4201//4201 4198//4198 4068//4068
f 4071//4071 4069//4069 4198//4198
f 4073//4073 3944//3944 4071//4071
f 4200//4200 3947//3947 4075//4075
f 4202//4202 4071//4071 4198//4198
f 4202//4202 4073//4073 4071//4071
f 4203//4203 4073//4073 4202//4202
f 4203//4203 4204//4204 4073//4073
f 4073//4073 4204//4204 4072//4072
f 4204//4204 4199//4199 4072//4072
f 4205//4205 3949//3949 4074//4074
f 4203//4203 4202//4202 4206//4206
f 4207//4207 3951//3951 4205//4205
f 3949//3949 4205//4205 3951//3951
f 4208//4208 3951//3951 4207//4207
f 3950//3950 3952//3952 4209//4209
f 3950//3950 4209//4209 4076//4076
f 3736//3736 4208//4208 4210//4210
f 3736//3736 3951//3951 4208//4208
f 4077//4077 4209//4209 3952//3952
f 4211//4211 3736//3736 4210//4210
f 4211//4211 3738//3738 3736//3736
f 4077//4077 4078//4078 4212//4212
f 4212//4212 4209//4209 4077//4077
f 4213//4213 3739//3739 4211//4211
f 4211//4211 3739//3739 3738//3738
f 4213//4213 4080//4080 3739//3739
f 4079//4079 4212//4212 4078//4078
f 4214//4214 4212//4212 4079//4079
f 3955//3955 4214//4214 4079//4079
f 4214//4214 3955//3955 4081//4081
f 4215//4215 4082//4082 3957//3957
f 4083//4083 4082//4082 4215//4215
f 4084//4084 4081//4081 3958//3958
f 4085//4085 4216//4216 3960//3960
f 4217//4217 4084//4084 4086//4086
f 3861//3861 3960//3960 4216//4216
f 4217//4217 4086//4086 4087//4087
f 4087//4087 4218//4218 4217//4217
f 4219//4219 3861//3861 4216//4216
f 4220//4220 3961//3961 4219//4219
f 4219//4219 3961//3961 3861//3861
f 3962//3962 4218//4218 4087//4087
f 4221//4221 4218//4218 3962//3962
f 3961//3961 4220//4220 4222//4222
f 4088//4088 4222//4222 4223//4223
f 3961//3961 4222//4222 4088//4088
f 3962//3962 4224//4224 4221//4221
f 4089//4089 4223//4223 4090//4090
f 4088//4088 4223//4223 4089//4089
f 3962//3962 3963//3963 4224//4224
f 4090//4090 4225//4225 4091//4091
f 4226//4226 4224//4224 3963//3963
f 3968//3968 4226//4226 3963//3963
f 4226//4226 3968//3968 4227//4227
f 4228//4228 4092//4092 4091//4091
f 4227//4227 4092//4092 4228//4228
f 4227//4227 3968//3968 3976//3976
f 4229//4229 4227//4227 3976//3976
f 4229//4229 4092//4092 4227//4227
f 4094//4094 4092//4092 4229//4229
f 4229//4229 3976//3976 4098//4098
f 4098//4098 4094//4094 4229//4229
f 4095//4095 4094//4094 4098//4098
f 4230//4230 4097//4097 4102//4102
f 4231//4231 4097//4097 4230//4230
f 4231//4231 4103//4103 4097//4097
f 4232//4232 4103//4103 4231//4231
f 4232//4232 4105//4105 4103//4103
f 4106//4106 4102//4102 4104//4104
f 4233//4233 4102//4102 4106//4106
f 4233//4233 4230//4230 4102//4102
f 4105//4105 4109//4109 3986//3986
f 4234//4234 4230//4230 4233//4233
f 4234//4234 4231//4231 4230//4230
f 4235//4235 4105//4105 4232//4232
f 4236//4236 4233//4233 4106//4106
f 4234//4234 4233//4233 4236//4236
f 4237//4237 4105//4105 4235//4235
f 4237//4237 4109//4109 4105//4105
f 4238//4238 4106//4106 4107//4107
f 4236//4236 4106//4106 4238//4238
f 4112//4112 4108//4108 4109//4109
f 4107//4107 4111//4111 4239//4239
f 4239//4239 4238//4238 4107//4107
f 4237//4237 4240//4240 4109//4109
f 4240//4240 4112//4112 4109//4109
f 4241//4241 4238//4238 4239//4239
f 4236//4236 4238//4238 4241//4241
f 4242//4242 4112//4112 4240//4240
f 4243//4243 4112//4112 4242//4242
f 4243//4243 4113//4113 4112//4112
f 4114//4114 4239//4239 4111//4111
f 4244//4244 4239//4239 4114//4114
f 4239//4239 4244//4244 4241//4241
f 4245//4245 4242//4242 4240//4240
f 4243//4243 4242//4242 4245//4245
f 3872//3872 4244//4244 4114//4114
f 4115//4115 4113//4113 4243//4243
f 4116//4116 4244//4244 3872//3872
f 4246//4246 4244//4244 4116//4116
f 4247//4247 4243//4243 4245//4245
f 4248//4248 4243//4243 4247//4247
f 4248//4248 4115//4115 4243//4243
f 4117//4117 4115//4115 4248//4248
f 4116//4116 3992//3992 4118//4118
f 4118//4118 4246//4246 4116//4116
f 4249//4249 4246//4246 4118//4118
f 4117//4117 4247//4247 4250//4250
f 4117//4117 4248//4248 4247//4247
f 4251//4251 4250//4250 4252//4252
f 4251//4251 4117//4117 4250//4250
f 4119//4119 4249//4249 4118//4118
f 4120//4120 4117//4117 4251//4251
f 4253//4253 4249//4249 4119//4119
f 4254//4254 4251//4251 4252//4252
f 4255//4255 4253//4253 4119//4119
f 4256//4256 4253//4253 4255//4255
f 4122//4122 4251//4251 4254//4254
f 4122//4122 4120//4120 4251//4251
f 4255//4255 4119//4119 4121//4121
f 4255//4255 4257//4257 4256//4256
f 4258//4258 4122//4122 4254//4254
f 4259//4259 4121//4121 3997//3997
f 4259//4259 4255//4255 4121//4121
f 4259//4259 4257//4257 4255//4255
f 4260//4260 4122//4122 4258//4258
f 4123//4123 4122//4122 4260//4260
f 4124//4124 4259//4259 3997//3997
f 4125//4125 4260//4260 4258//4258
f 4260//4260 4125//4125 4123//4123
f 4261//4261 4259//4259 4124//4124
f 4262//4262 4258//4258 4263//4263
f 4264//4264 4258//4258 4262//4262
f 4264//4264 4125//4125 4258//4258
f 4126//4126 4261//4261 4124//4124
f 4265//4265 4261//4261 4126//4126
f 4266//4266 4264//4264 4262//4262
f 4127//4127 4125//4125 4264//4264
f 4267//4267 4127//4127 4264//4264
f 3770//3770 4128//4128 4268//4268
f 4269//4269 3770//3770 4268//4268
f 4006//4006 3770//3770 4269//4269
f 4006//4006 4269//4269 3880//3880
f 4126//4126 4270//4270 4265//4265
f 4267//4267 4264//4264 4266//4266
f 4129//4129 4127//4127 4267//4267
f 3881//3881 3880//3880 4269//4269
f 4131//4131 4270//4270 4126//4126
f 4009//4009 3881//3881 4271//4271
f 4272//4272 4267//4267 4266//4266
f 4273//4273 4267//4267 4272//4272
f 4273//4273 4129//4129 4267//4267
f 4009//4009 4274//4274 3883//3883
f 4134//4134 3883//3883 4274//4274
f 4135//4135 4270//4270 4131//4131
f 4275//4275 4270//4270 4135//4135
f 3886//3886 4134//4134 4276//4276
f 4010//4010 3886//3886 4276//4276
f 4277//4277 4275//4275 4135//4135
f 4012//4012 4277//4277 4135//4135
f 4142//4142 4277//4277 4012//4012
f 4278//4278 4277//4277 4142//4142
f 3894//3894 4143//4143 4279//4279
f 4279//4279 4144//4144 3894//3894
f 4146//4146 4278//4278 4142//4142
f 4280//4280 4278//4278 4146//4146
f 4281//4281 4023//4023 4024//4024
f 4024//4024 4282//4282 4281//4281
f 4024//4024 4019//4019 4282//4282
f 4019//4019 4283//4283 4282//4282
f 4019//4019 4020//4020 4283//4283
f 4020//4020 4284//4284 4283//4283
f 4020//4020 4285//4285 4284//4284
f 4020//4020 3896//3896 4285//4285
f 3896//3896 4148//4148 4285//4285
f 4286//4286 4146//4146 4147//4147
f 4286//4286 4280//4280 4146//4146
f 4286//4286 4287//4287 4280//4280
f 3901//3901 4023//4023 4288//4288
f 3898//3898 4021//4021 4149//4149
f 3901//3901 4288//4288 4154//4154
f 4289//4289 4151//4151 3900//3900
f 3900//3900 4025//4025 4289//4289
f 4290//4290 4025//4025 4026//4026
f 4290//4290 4289//4289 4025//4025
f 4153//4153 4286//4286 4147//4147
f 4291//4291 4287//4287 4286//4286
f 4026//4026 4155//4155 4290//4290
f 4292//4292 4028//4028 4152//4152
f 4293//4293 4286//4286 4153//4153
f 4293//4293 4291//4291 4286//4286
f 4294//4294 3905//3905 4154//4154
f 4295//4295 4161//4161 4294//4294
f 4294//4294 4161//4161 3905//3905
f 4293//4293 4153//4153 4159//4159
f 4159//4159 4291//4291 4293//4293
f 4160//4160 4161//4161 4295//4295
f 4158//4158 4028//4028 4292//4292
f 4296//4296 4291//4291 4159//4159
f 4291//4291 4296//4296 4297//4297
f 4162//4162 4296//4296 4159//4159
f 4298//4298 4157//4157 3907//3907
f 4299//4299 3906//3906 4158//4158
f 4296//4296 4162//4162 4164//4164
f 4164//4164 4297//4297 4296//4296
f 3907//3907 3804//3804 4298//4298
f 3804//3804 4165//4165 4298//4298
f 3906//3906 4299//4299 4030//4030
f 4300//4300 4297//4297 4164//4164
f 4160//4160 4301//4301 4032//4032
f 4030//4030 4299//4299 4165//4165
f 4163//4163 4300//4300 4164//4164
f 4301//4301 4167//4167 4032//4032
f 4300//4300 4163//4163 4166//4166
f 4166//4166 4302//4302 4300//4300
f 4302//4302 4166//4166 4170//4170
f 4169//4169 4168//4168 4303//4303
f 4171//4171 4304//4304 4170//4170
f 4304//4304 4171//4171 4172//4172
f 4305//4305 4038//4038 4303//4303
f 4169//4169 4303//4303 4038//4038
f 4305//4305 4306//4306 4173//4173
f 4305//4305 4173//4173 4038//4038
f 4040//4040 4307//4307 4172//4172
f 4307//4307 4040//4040 4308//4308
f 4041//4041 4308//4308 4040//4040
f 4175//4175 4308//4308 4041//4041
f 4175//4175 4309//4309 4308//4308
f 4174//4174 4309//4309 4175//4175
f 4174//4174 4306//4306 4309//4309
f 4173//4173 4306//4306 4174//4174
f 4046//4046 4310//4310 4045//4045
f 4176//4176 4045//4045 4310//4310
f 4049//4049 4310//4310 4046//4046
f 4310//4310 4049//4049 4050//4050
f 4311//4311 4050//4050 3923//3923
f 3923//3923 4047//4047 4311//4311
f 4052//4052 4312//4312 4051//4051
f 4051//4051 4312//4312 4313//4313
f 3924//3924 4051//4051 4313//4313
f 3924//3924 4313//4313 4314//4314
f 4180//4180 4181//4181 3925//3925
f 4182//4182 4312//4312 4052//4052
f 4183//4183 3841//3841 4184//4184
f 4315//4315 3928//3928 4181//4181
f 4316//4316 3930//3930 4054//4054
f 4317//4317 4318//4318 3843//3843
f 3930//3930 4317//4317 3843//3843
f 3929//3929 4319//4319 4054//4054
f 3929//3929 4055//4055 4319//4319
f 4055//4055 4320//4320 4319//4319
f 4318//4318 4057//4057 3931//3931
f 3843//3843 4318//4318 3931//3931
f 3928//3928 4315//4315 4056//4056
f 4321//4321 4185//4185 4053//4053
f 4055//4055 4322//4322 4320//4320
f 4186//4186 4321//4321 4053//4053
f 3934//3934 4322//4322 4055//4055
f 4323//4323 3933//3933 4324//4324
f 4324//4324 3933//3933 4057//4057
f 4322//4322 3934//3934 4188//4188
f 3933//3933 4323//4323 3847//3847
f 4325//4325 3847//3847 4323//4323
f 4188//4188 3848//3848 4326//4326
f 3938//3938 3847//3847 4325//4325
f 4187//4187 4189//4189 4327//4327
f 4328//4328 4327//4327 4189//4189
f 4328//4328 4189//4189 4059//4059
f 3938//3938 4329//4329 4060//4060
f 4328//4328 4059//4059 4330//4330
f 4191//4191 4060//4060 4329//4329
f 4330//4330 4059//4059 4190//4190
f 4331//4331 4330//4330 4190//4190
f 4332//4332 4074//4074 4191//4191
f 4331//4331 4190//4190 4195//4195
f 4196//4196 4192//4192 4067//4067
f 4333//4333 4192//4192 4196//4196
f 4333//4333 4193//4193 4192//4192
f 4334//4334 4193//4193 4333//4333
f 4334//4334 4194//4194 4193//4193
f 4335//4335 4194//4194 4334//4334
f 4194//4194 4335//4335 4197//4197
f 4336//4336 4197//4197 4335//4335
f 4197//4197 4336//4336 4201//4201
f 4337//4337 4195//4195 4199//4199
f 4332//4332 4205//4205 4074//4074
f 4338//4338 4196//4196 4200//4200
f 4339//4339 4196//4196 4338//4338
f 4340//4340 4335//4335 4334//4334
f 4340//4340 4336//4336 4335//4335
f 4341//4341 4201//4201 4336//4336
f 4341//4341 4198//4198 4201//4201
f 4342//4342 4199//4199 4204//4204
f 4337//4337 4199//4199 4342//4342
f 4075//4075 4343//4343 4200//4200
f 4343//4343 4338//4338 4200//4200
f 4340//4340 4341//4341 4336//4336
f 4344//4344 4198//4198 4341//4341
f 4198//4198 4344//4344 4202//4202
f 4343//4343 4075//4075 4076//4076
f 4344//4344 4206//4206 4202//4202
f 4345//4345 4203//4203 4206//4206
f 4345//4345 4204//4204 4203//4203
f 4346//4346 4204//4204 4345//4345
f 4346//4346 4342//4342 4204//4204
f 4347//4347 4343//4343 4076//4076
f 4338//4338 4343//4343 4347//4347
f 4348//4348 4206//4206 4344//4344
f 4349//4349 4206//4206 4348//4348
f 4349//4349 4345//4345 4206//4206
f 4350//4350 4208//4208 4207//4207
f 4350//4350 4210//4210 4208//4208
f 4351//4351 4076//4076 4209//4209
f 4347//4347 4076//4076 4351//4351
f 4352//4352 4211//4211 4210//4210
f 4353//4353 4351//4351 4209//4209
f 4354//4354 4213//4213 4352//4352
f 4352//4352 4213//4213 4211//4211
f 4212//4212 4353//4353 4209//4209
f 4355//4355 4353//4353 4212//4212
f 4356//4356 4080//4080 4354//4354
f 4354//4354 4080//4080 4213//4213
f 4214//4214 4355//4355 4212//4212
f 4357//4357 4355//4355 4214//4214
f 4358//4358 3956//3956 4080//4080
f 4359//4359 4357//4357 4214//4214
f 4360//4360 3957//3957 4358//4358
f 4358//4358 3957//3957 3956//3956
f 4215//4215 3957//3957 4360//4360
f 4081//4081 4359//4359 4214//4214
f 4361//4361 4359//4359 4081//4081
f 4362//4362 4083//4083 4215//4215
f 4361//4361 4081//4081 4084//4084
f 4363//4363 4361//4361 4084//4084
f 4364//4364 3959//3959 4362//4362
f 4362//4362 3959//3959 4083//4083
f 4364//4364 4085//4085 3959//3959
f 4217//4217 4363//4363 4084//4084
f 4218//4218 4365//4365 4217//4217
f 4221//4221 4365//4365 4218//4218
f 4366//4366 4365//4365 4221//4221
f 4367//4367 4222//4222 4220//4220
f 4223//4223 4367//4367 4368//4368
f 4222//4222 4367//4367 4223//4223
f 4224//4224 4366//4366 4221//4221
f 4366//4366 4224//4224 4369//4369
f 4370//4370 4371//4371 4372//4372
f 4225//4225 4370//4370 4372//4372
f 4225//4225 4368//4368 4370//4370
f 4090//4090 4368//4368 4225//4225
f 4223//4223 4368//4368 4090//4090
f 4369//4369 4372//4372 4371//4371
f 4228//4228 4369//4369 4224//4224
f 4091//4091 4372//4372 4369//4369
f 4372//4372 4091//4091 4225//4225
f 4226//4226 4228//4228 4224//4224
f 4227//4227 4228//4228 4226//4226
f 4369//4369 4228//4228 4091//4091
f 4373//4373 4231//4231 4234//4234
f 4373//4373 4232//4232 4231//4231
f 4235//4235 4232//4232 4373//4373
f 4374//4374 4234//4234 4236//4236
f 4374//4374 4373//4373 4234//4234
f 4375//4375 4373//4373 4374//4374
f 4376//4376 4373//4373 4375//4375
f 4376//4376 4235//4235 4373//4373
f 4377//4377 4235//4235 4376//4376
f 4377//4377 4237//4237 4235//4235
f 4378//4378 4236//4236 4241//4241
f 4378//4378 4374//4374 4236//4236
f 4375//4375 4374//4374 4378//4378
f 4379//4379 4376//4376 4375//4375
f 4379//4379 4377//4377 4376//4376
f 4380//4380 4237//4237 4377//4377
f 4380//4380 4240//4240 4237//4237
f 4381//4381 4377//4377 4379//4379
f 4381//4381 4380//4380 4377//4377
f 4380//4380 4245//4245 4240//4240
f 4382//4382 4378//4378 4241//4241
f 4383//4383 4378//4378 4382//4382
f 4383//4383 4375//4375 4378//4378
f 4384//4384 4375//4375 4383//4383
f 4384//4384 4379//4379 4375//4375
f 4246//4246 4241//4241 4244//4244
f 4246//4246 4382//4382 4241//4241
f 4385//4385 4379//4379 4384//4384
f 4385//4385 4381//4381 4379//4379
f 4386//4386 4380//4380 4381//4381
f 4386//4386 4245//4245 4380//4380
f 4247//4247 4245//4245 4386//4386
f 4387//4387 4381//4381 4385//4385
f 4387//4387 4386//4386 4381//4381
f 4388//4388 4383//4383 4382//4382
f 4388//4388 4384//4384 4383//4383
f 4250//4250 4247//4247 4386//4386
f 4249//4249 4382//4382 4246//4246
f 4389//4389 4382//4382 4249//4249
f 4389//4389 4388//4388 4382//4382
f 4390//4390 4384//4384 4388//4388
f 4391//4391 4384//4384 4390//4390
f 4391//4391 4385//4385 4384//4384
f 4392//4392 4385//4385 4391//4391
f 4392//4392 4387//4387 4385//4385
f 4390//4390 4388//4388 4389//4389
f 4252//4252 4386//4386 4387//4387
f 4386//4386 4252//4252 4250//4250
f 4253//4253 4390//4390 4389//4389
f 4393//4393 4391//4391 4390//4390
f 4392//4392 4391//4391 4393//4393
f 4394//4394 4387//4387 4392//4392
f 4394//4394 4252//4252 4387//4387
f 4389//4389 4249//4249 4253//4253
f 4395//4395 4390//4390 4253//4253
f 4395//4395 4393//4393 4390//4390
f 4396//4396 4392//4392 4393//4393
f 4397//4397 4392//4392 4396//4396
f 4397//4397 4394//4394 4392//4392
f 4254//4254 4252//4252 4394//4394
f 4398//4398 4253//4253 4256//4256
f 4398//4398 4395//4395 4253//4253
f 4399//4399 4395//4395 4398//4398
f 4399//4399 4393//4393 4395//4395
f 4399//4399 4396//4396 4393//4393
f 4254//4254 4394//4394 4397//4397
f 4400//4400 4396//4396 4399//4399
f 4400//4400 4397//4397 4396//4396
f 4257//4257 4398//4398 4256//4256
f 4401//4401 4398//4398 4257//4257
f 4401//4401 4399//4399 4398//4398
f 4263//4263 4254//4254 4397//4397
f 4258//4258 4254//4254 4263//4263
f 4402//4402 4399//4399 4401//4401
f 4402//4402 4400//4400 4399//4399
f 4263//4263 4397//4397 4400//4400
f 4403//4403 4257//4257 4259//4259
f 4403//4403 4401//4401 4257//4257
f 4404//4404 4263//4263 4400//4400
f 4404//4404 4400//4400 4402//4402
f 4262//4262 4263//4263 4404//4404
f 4261//4261 4403//4403 4259//4259
f 4405//4405 4401//4401 4403//4403
f 4405//4405 4402//4402 4401//4401
f 4406//4406 4403//4403 4261//4261
f 4406//4406 4405//4405 4403//4403
f 4407//4407 4402//4402 4405//4405
f 4407//4407 4404//4404 4402//4402
f 4265//4265 4406//4406 4261//4261
f 4408//4408 4405//4405 4406//4406
f 4408//4408 4407//4407 4405//4405
f 4409//4409 4404//4404 4407//4407
f 4409//4409 4262//4262 4404//4404
f 4266//4266 4262//4262 4409//4409
f 4410//4410 4408//4408 4406//4406
f 4411//4411 4407//4407 4408//4408
f 4412//4412 4407//4407 4411//4411
f 4412//4412 4409//4409 4407//4407
f 4412//4412 4266//4266 4409//4409
f 4413//4413 4268//4268 4128//4128
f 4414//4414 4265//4265 4270//4270
f 4414//4414 4406//4406 4265//4265
f 4414//4414 4410//4410 4406//4406
f 4411//4411 4408//4408 4410//4410
f 4130//4130 4415//4415 4004//4004
f 4004//4004 4415//4415 4005//4005
f 4415//4415 4413//4413 4005//4005
f 4413//4413 4128//4128 4005//4005
f 4416//4416 3881//3881 4269//4269
f 4416//4416 4271//4271 3881//3881
f 4272//4272 4266//4266 4412//4412
f 4133//4133 4417//4417 4418//4418
f 4133//4133 4418//4418 4007//4007
f 4130//4130 4007//4007 4418//4418
f 4415//4415 4130//4130 4418//4418
f 4271//4271 4274//4274 4009//4009
f 4275//4275 4414//4414 4270//4270
f 4419//4419 4414//4414 4275//4275
f 4419//4419 4410//4410 4414//4414
f 4419//4419 4411//4411 4410//4410
f 4420//4420 4411//4411 4419//4419
f 4421//4421 4411//4411 4420//4420
f 4421//4421 4412//4412 4411//4411
f 4422//4422 4412//4412 4421//4421
f 4272//4272 4412//4412 4422//4422
f 4129//4129 4423//4423 4132//4132
f 4417//4417 4133//4133 4423//4423
f 4423//4423 4133//4133 4132//4132
f 4274//4274 4276//4276 4134//4134
f 4424//4424 4419//4419 4275//4275
f 4425//4425 4272//4272 4422//4422
f 4425//4425 4273//4273 4272//4272
f 4426//4426 4273//4273 4425//4425
f 4129//4129 4273//4273 4426//4426
f 4423//4423 4129//4129 4426//4426
f 4427//4427 4010//4010 4276//4276
f 4136//4136 4010//4010 4427//4427
f 4136//4136 4428//4428 4011//4011
f 4011//4011 4428//4428 4137//4137
f 4138//4138 4013//4013 4137//4137
f 4429//4429 4275//4275 4277//4277
f 4429//4429 4424//4424 4275//4275
f 4430//4430 4419//4419 4424//4424
f 4015//4015 4140//4140 4431//4431
f 4432//4432 4424//4424 4429//4429
f 4141//4141 4015//4015 4431//4431
f 4433//4433 4277//4277 4278//4278
f 4433//4433 4429//4429 4277//4277
f 4432//4432 4429//4429 4433//4433
f 4143//4143 4141//4141 4434//4434
f 4143//4143 4434//4434 4279//4279
f 4280//4280 4433//4433 4278//4278
f 4280//4280 4432//4432 4433//4433
f 4435//4435 4432//4432 4280//4280
f 4436//4436 4018//4018 4145//4145
f 4287//4287 4435//4435 4280//4280
f 4023//4023 4437//4437 4288//4288
f 4023//4023 4281//4281 4437//4437
f 4018//4018 4436//4436 4438//4438
f 4152//4152 4018//4018 4438//4438
f 4439//4439 4154//4154 4288//4288
f 4295//4295 4294//4294 4439//4439
f 4439//4439 4294//4294 4154//4154
f 4155//4155 4440//4440 4290//4290
f 4292//4292 4152//4152 4438//4438
f 4291//4291 4441//4441 4287//4287
f 4442//4442 4160//4160 4295//4295
f 4441//4441 4291//4291 4297//4297
f 4443//4443 4441//4441 4297//4297
f 4442//4442 4301//4301 4160//4160
f 4443//4443 4297//4297 4300//4300
f 4302//4302 4444//4444 4443//4443
f 4301//4301 4442//4442 4445//4445
f 4300//4300 4302//4302 4443//4443
f 4444//4444 4302//4302 4446//4446
f 4447//4447 4298//4298 4165//4165
f 4447//4447 4165//4165 4448//4448
f 4165//4165 4299//4299 4448//4448
f 4449//4449 4446//4446 4302//4302
f 4301//4301 4445//4445 4167//4167
f 4168//4168 4445//4445 4450//4450
f 4445//4445 4168//4168 4167//4167
f 4449//4449 4302//4302 4170//4170
f 4304//4304 4449//4449 4170//4170
f 4305//4305 4450//4450 4451//4451
f 4303//4303 4450//4450 4305//4305
f 4450//4450 4303//4303 4168//4168
f 4172//4172 4452//4452 4304//4304
f 4307//4307 4452//4452 4172//4172
f 4307//4307 4453//4453 4452//4452
f 4307//4307 4454//4454 4453//4453
f 4455//4455 4456//4456 4309//4309
f 4306//4306 4305//4305 4455//4455
f 4308//4308 4454//4454 4307//4307
f 4308//4308 4309//4309 4454//4454
f 4306//4306 4455//4455 4309//4309
f 4457//4457 4176//4176 4310//4310
f 4457//4457 4177//4177 4176//4176
f 4311//4311 4177//4177 4457//4457
f 4311//4311 4047//4047 4177//4177
f 4457//4457 4310//4310 4050//4050
f 4311//4311 4457//4457 4050//4050
f 3924//3924 4314//4314 4458//4458
f 3924//3924 4458//4458 4178//4178
f 4459//4459 4178//4178 4458//4458
f 4179//4179 4178//4178 4459//4459
f 4179//4179 4459//4459 4460//4460
f 4179//4179 4460//4460 4180//4180
f 4180//4180 4460//4460 4461//4461
f 4180//4180 4461//4461 4181//4181
f 4182//4182 4462//4462 4312//4312
f 4317//4317 4313//4313 4312//4312
f 4317//4317 4314//4314 4313//4313
f 4183//4183 4463//4463 4182//4182
f 4462//4462 4182//4182 4463//4463
f 4315//4315 4181//4181 4461//4461
f 4184//4184 4464//4464 4183//4183
f 4463//4463 4183//4183 4464//4464
f 4318//4318 4312//4312 4462//4462
f 4318//4318 4317//4317 4312//4312
f 3930//3930 4314//4314 4317//4317
f 4316//4316 4314//4314 3930//3930
f 4054//4054 4465//4465 4316//4316
f 4054//4054 4319//4319 4465//4465
f 4464//4464 4184//4184 4185//4185
f 4466//4466 4462//4462 4463//4463
f 4318//4318 4462//4462 4466//4466
f 4467//4467 4464//4464 4185//4185
f 4466//4466 4057//4057 4318//4318
f 4467//4467 4185//4185 4321//4321
f 4323//4323 4324//4324 4463//4463
f 4324//4324 4466//4466 4463//4463
f 4057//4057 4466//4466 4324//4324
f 4056//4056 4315//4315 4468//4468
f 4468//4468 4469//4469 4056//4056
f 4470//4470 4321//4321 4186//4186
f 4470//4470 4467//4467 4321//4321
f 3848//3848 4056//4056 4469//4469
f 4186//4186 4187//4187 4471//4471
f 4471//4471 4470//4470 4186//4186
f 4470//4470 4325//4325 4323//4323
f 3848//3848 4469//4469 4326//4326
f 4327//4327 4471//4471 4187//4187
f 3938//3938 4470//4470 4471//4471
f 3938//3938 4325//4325 4470//4470
f 4329//4329 4327//4327 4328//4328
f 4329//4329 4471//4471 4327//4327
f 4329//4329 3938//3938 4471//4471
f 4191//4191 4329//4329 4328//4328
f 4472//4472 4328//4328 4330//4330
f 4472//4472 4191//4191 4328//4328
f 4332//4332 4330//4330 4331//4331
f 4332//4332 4472//4472 4330//4330
f 4191//4191 4472//4472 4332//4332
f 4473//4473 4331//4331 4195//4195
f 4473//4473 4332//4332 4331//4331
f 4473//4473 4195//4195 4337//4337
f 4205//4205 4332//4332 4473//4473
f 4339//4339 4333//4333 4196//4196
f 4474//4474 4334//4334 4333//4333
f 4350//4350 4473//4473 4337//4337
f 4475//4475 4333//4333 4339//4339
f 4475//4475 4474//4474 4333//4333
f 4350//4350 4337//4337 4342//4342
f 4350//4350 4205//4205 4473//4473
f 4207//4207 4205//4205 4350//4350
f 4476//4476 4475//4475 4339//4339
f 4477//4477 4334//4334 4474//4474
f 4477//4477 4340//4340 4334//4334
f 4476//4476 4339//4339 4338//4338
f 4478//4478 4340//4340 4477//4477
f 4479//4479 4340//4340 4478//4478
f 4479//4479 4341//4341 4340//4340
f 4479//4479 4344//4344 4341//4341
f 4480//4480 4342//4342 4346//4346
f 4480//4480 4350//4350 4342//4342
f 4481//4481 4338//4338 4347//4347
f 4482//4482 4338//4338 4481//4481
f 4482//4482 4476//4476 4338//4338
f 4475//4475 4476//4476 4483//4483
f 4484//4484 4478//4478 4477//4477
f 4485//4485 4347//4347 4351//4351
f 4485//4485 4481//4481 4347//4347
f 4486//4486 4478//4478 4484//4484
f 4487//4487 4478//4478 4486//4486
f 4487//4487 4479//4479 4478//4478
f 4487//4487 4344//4344 4479//4479
f 4488//4488 4344//4344 4487//4487
f 4488//4488 4348//4348 4344//4344
f 4489//4489 4348//4348 4488//4488
f 4489//4489 4349//4349 4348//4348
f 4490//4490 4349//4349 4489//4489
f 4490//4490 4345//4345 4349//4349
f 4491//4491 4345//4345 4490//4490
f 4491//4491 4346//4346 4345//4345
f 4354//4354 4346//4346 4491//4491
f 4352//4352 4346//4346 4354//4354
f 4352//4352 4480//4480 4346//4346
f 4350//4350 4352//4352 4210//4210
f 4480//4480 4352//4352 4350//4350
f 4492//4492 4481//4481 4485//4485
f 4492//4492 4482//4482 4481//4481
f 4493//4493 4476//4476 4482//4482
f 4493//4493 4483//4483 4476//4476
f 4353//4353 4485//4485 4351//4351
f 4492//4492 4493//4493 4482//4482
f 4494//4494 4488//4488 4487//4487
f 4495//4495 4488//4488 4494//4494
f 4496//4496 4488//4488 4495//4495
f 4496//4496 4489//4489 4488//4488
f 4497//4497 4485//4485 4353//4353
f 4497//4497 4492//4492 4485//4485
f 4498//4498 4493//4493 4499//4499
f 4356//4356 4354//4354 4491//4491
f 4500//4500 4493//4493 4492//4492
f 4499//4499 4493//4493 4500//4500
f 4355//4355 4497//4497 4353//4353
f 4501//4501 4492//4492 4497//4497
f 4501//4501 4500//4500 4492//4492
f 4502//4502 4356//4356 4503//4503
f 4504//4504 4497//4497 4355//4355
f 4080//4080 4356//4356 4502//4502
f 4505//4505 4497//4497 4504//4504
f 4505//4505 4501//4501 4497//4497
f 4500//4500 4501//4501 4505//4505
f 4506//4506 4358//4358 4502//4502
f 4502//4502 4358//4358 4080//4080
f 4357//4357 4504//4504 4355//4355
f 4507//4507 4504//4504 4357//4357
f 4505//4505 4504//4504 4507//4507
f 4508//4508 4358//4358 4506//4506
f 4360//4360 4358//4358 4508//4508
f 4359//4359 4507//4507 4357//4357
f 4215//4215 4360//4360 4508//4508
f 4509//4509 4507//4507 4359//4359
f 4361//4361 4509//4509 4359//4359
f 4362//4362 4215//4215 4510//4510
f 4511//4511 4509//4509 4361//4361
f 4363//4363 4511//4511 4361//4361
f 4363//4363 4512//4512 4511//4511
f 4513//4513 4085//4085 4514//4514
f 4514//4514 4085//4085 4364//4364
f 4515//4515 4216//4216 4513//4513
f 4513//4513 4216//4216 4085//4085
f 4516//4516 4363//4363 4217//4217
f 4516//4516 4512//4512 4363//4363
f 4517//4517 4512//4512 4516//4516
f 4516//4516 4217//4217 4365//4365
f 4365//4365 4517//4517 4516//4516
f 4219//4219 4515//4515 4518//4518
f 4515//4515 4219//4219 4216//4216
f 4367//4367 4518//4518 4519//4519
f 4220//4220 4518//4518 4367//4367
f 4219//4219 4518//4518 4220//4220
f 4520//4520 4521//4521 4368//4368
f 4368//4368 4519//4519 4520//4520
f 4367//4367 4519//4519 4368//4368
f 4517//4517 4365//4365 4366//4366
f 4371//4371 4517//4517 4366//4366
f 4371//4371 4522//4522 4517//4517
f 4370//4370 4522//4522 4371//4371
f 4370//4370 4521//4521 4522//4522
f 4370//4370 4368//4368 4521//4521
f 4371//4371 4366//4366 4369//4369
f 4523//4523 4268//4268 4413//4413
f 4523//4523 4269//4269 4268//4268
f 4524//4524 4269//4269 4523//4523
f 4416//4416 4269//4269 4524//4524
f 4525//4525 4415//4415 4418//4418
f 4525//4525 4413//4413 4415//4415
f 4526//4526 4413//4413 4525//4525
f 4527//4527 4271//4271 4416//4416
f 4528//4528 4271//4271 4527//4527
f 4528//4528 4529//4529 4271//4271
f 4271//4271 4529//4529 4274//4274
f 4530//4530 4417//4417 4423//4423
f 4531//4531 4417//4417 4530//4530
f 4418//4418 4417//4417 4531//4531
f 4532//4532 4274//4274 4529//4529
f 4532//4532 4276//4276 4274//4274
f 4533//4533 4276//4276 4532//4532
f 4276//4276 4533//4533 4534//4534
f 4276//4276 4534//4534 4427//4427
f 4535//4535 4422//4422 4421//4421
f 4535//4535 4425//4425 4422//4422
f 4536//4536 4423//4423 4426//4426
f 4536//4536 4530//4530 4423//4423
f 4428//4428 4136//4136 4427//4427
f 4428//4428 4537//4537 4137//4137
f 4430//4430 4420//4420 4419//4419
f 4538//4538 4420//4420 4430//4430
f 4538//4538 4421//4421 4420//4420
f 4535//4535 4421//4421 4538//4538
f 4539//4539 4425//4425 4535//4535
f 4539//4539 4426//4426 4425//4425
f 4540//4540 4137//4137 4537//4537
f 4540//4540 4138//4138 4137//4137
f 4541//4541 4138//4138 4540//4540
f 4541//4541 4139//4139 4138//4138
f 4541//4541 4542//4542 4139//4139
f 4543//4543 4140//4140 4542//4542
f 4542//4542 4140//4140 4139//4139
f 4140//4140 4543//4543 4431//4431
f 4432//4432 4430//4430 4424//4424
f 4544//4544 4430//4430 4432//4432
f 4544//4544 4538//4538 4430//4430
f 4545//4545 4538//4538 4544//4544
f 4545//4545 4535//4535 4538//4538
f 4535//4535 4545//4545 4546//4546
f 4546//4546 4539//4539 4535//4535
f 4547//4547 4141//4141 4431//4431
f 4547//4547 4434//4434 4141//4141
f 4548//4548 4544//4544 4432//4432
f 4549//4549 4544//4544 4548//4548
f 4549//4549 4545//4545 4544//4544
f 4434//4434 4550//4550 4279//4279
f 4144//4144 4279//4279 4550//4550
f 4436//4436 4144//4144 4550//4550
f 4145//4145 4144//4144 4436//4436
f 4548//4548 4432//4432 4435//4435
f 4281//4281 4551//4551 4552//4552
f 4282//4282 4551//4551 4281//4281
f 4282//4282 4553//4553 4551//4551
f 4283//4283 4553//4553 4282//4282
f 4283//4283 4554//4554 4553//4553
f 4283//4283 4555//4555 4554//4554
f 4284//4284 4555//4555 4283//4283
f 4284//4284 4556//4556 4555//4555
f 4285//4285 4556//4556 4284//4284
f 4285//4285 4557//4557 4556//4556
f 4148//4148 4557//4557 4285//4285
f 4557//4557 4148//4148 4558//4558
f 4559//4559 4549//4549 4548//4548
f 4560//4560 4288//4288 4561//4561
f 4288//4288 4437//4437 4561//4561
f 4561//4561 4437//4437 4552//4552
f 4281//4281 4552//4552 4437//4437
f 4149//4149 4558//4558 4148//4148
f 4558//4558 4149//4149 4562//4562
f 4563//4563 4548//4548 4435//4435
f 4563//4563 4559//4559 4548//4548
f 4564//4564 4288//4288 4560//4560
f 4021//4021 4562//4562 4149//4149
f 4562//4562 4021//4021 4150//4150
f 4562//4562 4150//4150 4565//4565
f 4287//4287 4563//4563 4435//4435
f 4566//4566 4559//4559 4563//4563
f 4439//4439 4564//4564 4567//4567
f 4288//4288 4564//4564 4439//4439
f 4151//4151 4565//4565 4150//4150
f 4151//4151 4568//4568 4565//4565
f 4151//4151 4289//4289 4568//4568
f 4289//4289 4569//4569 4568//4568
f 4290//4290 4569//4569 4289//4289
f 4290//4290 4440//4440 4569//4569
f 4570//4570 4563//4563 4287//4287
f 4570//4570 4566//4566 4563//4563
f 4439//4439 4567//4567 4295//4295
f 4441//4441 4570//4570 4287//4287
f 4155//4155 4156//4156 4440//4440
f 4438//4438 4571//4571 4292//4292
f 4572//4572 4566//4566 4570//4570
f 4573//4573 4570//4570 4441//4441
f 4573//4573 4572//4572 4570//4570
f 4574//4574 4442//4442 4575//4575
f 4575//4575 4442//4442 4295//4295
f 4571//4571 4158//4158 4292//4292
f 4573//4573 4576//4576 4572//4572
f 4577//4577 4442//4442 4574//4574
f 4578//4578 4156//4156 4157//4157
f 4157//4157 4298//4298 4578//4578
f 4573//4573 4441//4441 4443//4443
f 4444//4444 4573//4573 4443//4443
f 4444//4444 4576//4576 4573//4573
f 4446//4446 4576//4576 4444//4444
f 4576//4576 4446//4446 4579//4579
f 4580//4580 4442//4442 4577//4577
f 4581//4581 4580//4580 4577//4577
f 4445//4445 4442//4442 4580//4580
f 4579//4579 4446//4446 4582//4582
f 4583//4583 4582//4582 4446//4446
f 4451//4451 4580//4580 4581//4581
f 4450//4450 4580//4580 4451//4451
f 4580//4580 4450//4450 4445//4445
f 4304//4304 4446//4446 4449//4449
f 4304//4304 4583//4583 4446//4446
f 4583//4583 4584//4584 4582//4582
f 4583//4583 4304//4304 4452//4452
f 4453//4453 4584//4584 4583//4583
f 4585//4585 4584//4584 4453//4453
f 4585//4585 4586//4586 4584//4584
f 4456//4456 4586//4586 4585//4585
f 4456//4456 4587//4587 4586//4586
f 4453//4453 4583//4583 4452//4452
f 4455//4455 4587//4587 4456//4456
f 4305//4305 4587//4587 4455//4455
f 4587//4587 4305//4305 4451//4451
f 4585//4585 4453//4453 4454//4454
f 4309//4309 4585//4585 4454//4454
f 4456//4456 4585//4585 4309//4309
f 4458//4458 4465//4465 4459//4459
f 4316//4316 4458//4458 4314//4314
f 4316//4316 4465//4465 4458//4458
f 4319//4319 4588//4588 4465//4465
f 4320//4320 4588//4588 4319//4319
f 4464//4464 4467//4467 4463//4463
f 4323//4323 4463//4463 4467//4467
f 4467//4467 4470//4470 4323//4323
f 4589//4589 4322//4322 4188//4188
f 4326//4326 4589//4589 4188//4188
f 4326//4326 4468//4468 4589//4589
f 4326//4326 4469//4469 4468//4468
f 4590//4590 4474//4474 4475//4475
f 4590//4590 4477//4477 4474//4474
f 4498//4498 4475//4475 4483//4483
f 4498//4498 4590//4590 4475//4475
f 4484//4484 4477//4477 4590//4590
f 4498//4498 4484//4484 4590//4590
f 4493//4493 4498//4498 4483//4483
f 4591//4591 4484//4484 4498//4498
f 4591//4591 4486//4486 4484//4484
f 4592//4592 4498//4498 4499//4499
f 4591//4591 4498//4498 4592//4592
f 4494//4494 4487//4487 4486//4486
f 4489//4489 4503//4503 4490//4490
f 4503//4503 4491//4491 4490//4490
f 4356//4356 4491//4491 4503//4503
f 4593//4593 4486//4486 4591//4591
f 4593//4593 4494//4494 4486//4486
f 4594//4594 4495//4495 4494//4494
f 4495//4495 4594//4594 4496//4496
f 4594//4594 4489//4489 4496//4496
f 4506//4506 4489//4489 4594//4594
f 4506//4506 4503//4503 4489//4489
f 4595//4595 4592//4592 4499//4499
f 4595//4595 4591//4591 4592//4592
f 4593//4593 4591//4591 4595//4595
f 4596//4596 4494//4494 4593//4593
f 4502//4502 4503//4503 4506//4506
f 4597//4597 4499//4499 4500//4500
f 4596//4596 4594//4594 4494//4494
f 4508//4508 4506//4506 4594//4594
f 4598//4598 4499//4499 4597//4597
f 4598//4598 4595//4595 4499//4499
f 4599//4599 4595//4595 4598//4598
f 4599//4599 4593//4593 4595//4595
f 4600//4600 4596//4596 4593//4593
f 4601//4601 4594//4594 4596//4596
f 4508//4508 4594//4594 4601//4601
f 4602//4602 4500//4500 4505//4505
f 4603//4603 4500//4500 4602//4602
f 4603//4603 4597//4597 4500//4500
f 4598//4598 4597//4597 4603//4603
f 4604//4604 4593//4593 4599//4599
f 4604//4604 4600//4600 4593//4593
f 4605//4605 4596//4596 4600//4600
f 4606//4606 4596//4596 4605//4605
f 4606//4606 4601//4601 4596//4596
f 4607//4607 4505//4505 4507//4507
f 4607//4607 4602//4602 4505//4505
f 4608//4608 4599//4599 4598//4598
f 4609//4609 4599//4599 4608//4608
f 4609//4609 4604//4604 4599//4599
f 4605//4605 4600//4600 4604//4604
f 4510//4510 4508//4508 4601//4601
f 4603//4603 4602//4602 4607//4607
f 4598//4598 4603//4603 4610//4610
f 4610//4610 4608//4608 4598//4598
f 4510//4510 4601//4601 4606//4606
f 4215//4215 4508//4508 4510//4510
f 4509//4509 4607//4607 4507//4507
f 4611//4611 4606//4606 4605//4605
f 4611//4611 4510//4510 4606//4606
f 4612//4612 4603//4603 4607//4607
f 4610//4610 4603//4603 4612//4612
f 4613//4613 4607//4607 4509//4509
f 4613//4613 4612//4612 4607//4607
f 4514//4514 4611//4611 4614//4614
f 4362//4362 4510//4510 4611//4611
f 4615//4615 4514//4514 4614//4614
f 4364//4364 4611//4611 4514//4514
f 4611//4611 4364//4364 4362//4362
f 4616//4616 4509//4509 4511//4511
f 4616//4616 4613//4613 4509//4509
f 4616//4616 4612//4612 4613//4613
f 4617//4617 4612//4612 4616//4616
f 4513//4513 4514//4514 4615//4615
f 4512//4512 4616//4616 4511//4511
f 4618//4618 4616//4616 4512//4512
f 4618//4618 4617//4617 4616//4616
f 4515//4515 4513//4513 4619//4619
f 4617//4617 4618//4618 4620//4620
f 4621//4621 4622//4622 4619//4619
f 4622//4622 4515//4515 4619//4619
f 4623//4623 4621//4621 4624//4624
f 4623//4623 4622//4622 4621//4621
f 4517//4517 4618//4618 4512//4512
f 4518//4518 4622//4622 4623//4623
f 4622//4622 4518//4518 4515//4515
f 4522//4522 4618//4618 4517//4517
f 4522//4522 4620//4620 4618//4618
f 4520//4520 4624//4624 4620//4620
f 4519//4519 4624//4624 4520//4520
f 4519//4519 4623//4623 4624//4624
f 4518//4518 4623//4623 4519//4519
f 4521//4521 4620//4620 4522//4522
f 4521//4521 4520//4520 4620//4620
f 4625//4625 4523//4523 4413//4413
f 4625//4625 4524//4524 4523//4523
f 4626//4626 4524//4524 4625//4625
f 4626//4626 4416//4416 4524//4524
f 4627//4627 4413//4413 4526//4526
f 4627//4627 4625//4625 4413//4413
f 4628//4628 4416//4416 4626//4626
f 4628//4628 4527//4527 4416//4416
f 4629//4629 4418//4418 4531//4531
f 4630//4630 4418//4418 4629//4629
f 4630//4630 4525//4525 4418//4418
f 4630//4630 4526//4526 4525//4525
f 4631//4631 4526//4526 4630//4630
f 4631//4631 4627//4627 4526//4526
f 4625//4625 4627//4627 4632//4632
f 4632//4632 4626//4626 4625//4625
f 4628//4628 4626//4626 4632//4632
f 4633//4633 4527//4527 4628//4628
f 4633//4633 4528//4528 4527//4527
f 4634//4634 4529//4529 4528//4528
f 4532//4532 4529//4529 4634//4634
f 4635//4635 4531//4531 4530//4530
f 4635//4635 4629//4629 4531//4531
f 4636//4636 4629//4629 4635//4635
f 4636//4636 4630//4630 4629//4629
f 4633//4633 4634//4634 4528//4528
f 4637//4637 4534//4534 4533//4533
f 4637//4637 4427//4427 4534//4534
f 4539//4539 4638//4638 4426//4426
f 4536//4536 4426//4426 4638//4638
f 4639//4639 4530//4530 4536//4536
f 4635//4635 4530//4530 4639//4639
f 4640//4640 4630//4630 4636//4636
f 4631//4631 4630//4630 4640//4640
f 4553//4553 4532//4532 4634//4634
f 4553//4553 4533//4533 4532//4532
f 4641//4641 4533//4533 4553//4553
f 4641//4641 4637//4637 4533//4533
f 4557//4557 4427//4427 4637//4637
f 4557//4557 4428//4428 4427//4427
f 4642//4642 4428//4428 4557//4557
f 4642//4642 4537//4537 4428//4428
f 4643//4643 4536//4536 4638//4638
f 4644//4644 4636//4636 4635//4635
f 4645//4645 4628//4628 4632//4632
f 4646//4646 4628//4628 4645//4645
f 4646//4646 4633//4633 4628//4628
f 4551//4551 4634//4634 4633//4633
f 4551//4551 4553//4553 4634//4634
f 4647//4647 4537//4537 4642//4642
f 4647//4647 4540//4540 4537//4537
f 4648//4648 4540//4540 4647//4647
f 4648//4648 4541//4541 4540//4540
f 4649//4649 4541//4541 4648//4648
f 4649//4649 4542//4542 4541//4541
f 4650//4650 4542//4542 4649//4649
f 4650//4650 4543//4543 4542//4542
f 4651//4651 4539//4539 4546//4546
f 4651//4651 4638//4638 4539//4539
f 4652//4652 4631//4631 4640//4640
f 4552//4552 4633//4633 4646//4646
f 4551//4551 4633//4633 4552//4552
f 4554//4554 4641//4641 4553//4553
f 4555//4555 4641//4641 4554//4554
f 4555//4555 4637//4637 4641//4641
f 4556//4556 4637//4637 4555//4555
f 4556//4556 4557//4557 4637//4637
f 4653//4653 4543//4543 4650//4650
f 4653//4653 4431//4431 4543//4543
f 4547//4547 4431//4431 4653//4653
f 4654//4654 4638//4638 4651//4651
f 4643//4643 4638//4638 4654//4654
f 4655//4655 4636//4636 4644//4644
f 4655//4655 4640//4640 4636//4636
f 4561//4561 4646//4646 4645//4645
f 4552//4552 4646//4646 4561//4561
f 4558//4558 4642//4642 4557//4557
f 4558//4558 4647//4647 4642//4642
f 4562//4562 4648//4648 4647//4647
f 4656//4656 4648//4648 4562//4562
f 4656//4656 4649//4649 4648//4648
f 4656//4656 4650//4650 4649//4649
f 4657//4657 4545//4545 4549//4549
f 4657//4657 4546//4546 4545//4545
f 4658//4658 4640//4640 4655//4655
f 4658//4658 4652//4652 4640//4640
f 4564//4564 4659//4659 4652//4652
f 4564//4564 4645//4645 4659//4659
f 4560//4560 4645//4645 4564//4564
f 4560//4560 4561//4561 4645//4645
f 4562//4562 4647//4647 4558//4558
f 4559//4559 4657//4657 4549//4549
f 4660//4660 4546//4546 4657//4657
f 4660//4660 4651//4651 4546//4546
f 4661//4661 4654//4654 4651//4651
f 4565//4565 4656//4656 4562//4562
f 4568//4568 4656//4656 4565//4565
f 4568//4568 4650//4650 4656//4656
f 4568//4568 4653//4653 4650//4650
f 4569//4569 4653//4653 4568//4568
f 4661//4661 4651//4651 4660//4660
f 4662//4662 4663//4663 4655//4655
f 4663//4663 4658//4658 4655//4655
f 4567//4567 4652//4652 4658//4658
f 4564//4564 4652//4652 4567//4567
f 4664//4664 4438//4438 4436//4436
f 4559//4559 4566//4566 4665//4665
f 4665//4665 4657//4657 4559//4559
f 4665//4665 4660//4660 4657//4657
f 4295//4295 4567//4567 4658//4658
f 4666//4666 4569//4569 4440//4440
f 4667//4667 4438//4438 4664//4664
f 4660//4660 4668//4668 4661//4661
f 4575//4575 4658//4658 4663//4663
f 4295//4295 4658//4658 4575//4575
f 4440//4440 4669//4669 4666//4666
f 4670//4670 4660//4660 4665//4665
f 4670//4670 4668//4668 4660//4660
f 4671//4671 4663//4663 4662//4662
f 4669//4669 4440//4440 4156//4156
f 4571//4571 4438//4438 4667//4667
f 4572//4572 4665//4665 4566//4566
f 4572//4572 4670//4670 4665//4665
f 4672//4672 4668//4668 4670//4670
f 4574//4574 4663//4663 4671//4671
f 4663//4663 4574//4574 4575//4575
f 4578//4578 4669//4669 4156//4156
f 4577//4577 4574//4574 4671//4671
f 4576//4576 4670//4670 4572//4572
f 4673//4673 4672//4672 4670//4670
f 4674//4674 4675//4675 4676//4676
f 4676//4676 4671//4671 4674//4674
f 4577//4577 4671//4671 4676//4676
f 4578//4578 4298//4298 4677//4677
f 4579//4579 4670//4670 4576//4576
f 4579//4579 4673//4673 4670//4670
f 4678//4678 4673//4673 4579//4579
f 4679//4679 4673//4673 4678//4678
f 4679//4679 4680//4680 4673//4673
f 4679//4679 4675//4675 4680//4680
f 4681//4681 4675//4675 4679//4679
f 4681//4681 4676//4676 4675//4675
f 4581//4581 4577//4577 4676//4676
f 4682//4682 4299//4299 4158//4158
f 4582//4582 4678//4678 4579//4579
f 4581//4581 4676//4676 4681//4681
f 4584//4584 4678//4678 4582//4582
f 4584//4584 4679//4679 4678//4678
f 4586//4586 4679//4679 4584//4584
f 4586//4586 4681//4681 4679//4679
f 4681//4681 4451//4451 4581//4581
f 4447//4447 4448//4448 4682//4682
f 4299//4299 4682//4682 4448//4448
f 4587//4587 4681//4681 4586//4586
f 4451//4451 4681//4681 4587//4587
f 4459//4459 4683//4683 4460//4460
f 4460//4460 4683//4683 4461//4461
f 4459//4459 4465//4465 4588//4588
f 4588//4588 4683//4683 4459//4459
f 4684//4684 4461//4461 4683//4683
f 4315//4315 4461//4461 4684//4684
f 4320//4320 4685//4685 4588//4588
f 4686//4686 4685//4685 4322//4322
f 4685//4685 4320//4320 4322//4322
f 4322//4322 4687//4687 4686//4686
f 4322//4322 4589//4589 4687//4687
f 4589//4589 4468//4468 4687//4687
f 4688//4688 4604//4604 4609//4609
f 4604//4604 4688//4688 4605//4605
f 4689//4689 4609//4609 4608//4608
f 4689//4689 4688//4688 4609//4609
f 4614//4614 4605//4605 4688//4688
f 4614//4614 4611//4611 4605//4605
f 4689//4689 4608//4608 4610//4610
f 4690//4690 4688//4688 4689//4689
f 4690//4690 4614//4614 4688//4688
f 4691//4691 4610//4610 4612//4612
f 4619//4619 4690//4690 4689//4689
f 4615//4615 4614//4614 4690//4690
f 4692//4692 4610//4610 4691//4691
f 4692//4692 4689//4689 4610//4610
f 4693//4693 4689//4689 4692//4692
f 4619//4619 4689//4689 4693//4693
f 4617//4617 4691//4691 4612//4612
f 4694//4694 4692//4692 4691//4691
f 4513//4513 4690//4690 4619//4619
f 4615//4615 4690//4690 4513//4513
f 4694//4694 4691//4691 4617//4617
f 4621//4621 4692//4692 4694//4694
f 4621//4621 4693//4693 4692//4692
f 4693//4693 4621//4621 4619//4619
f 4694//4694 4617//4617 4620//4620
f 4624//4624 4694//4694 4620//4620
f 4694//4694 4624//4624 4621//4621
f 4695//4695 4627//4627 4631//4631
f 4695//4695 4632//4632 4627//4627
f 4645//4645 4632//4632 4695//4695
f 4643//4643 4639//4639 4536//4536
f 4696//4696 4635//4635 4639//4639
f 4696//4696 4644//4644 4635//4635
f 4652//4652 4695//4695 4631//4631
f 4659//4659 4695//4695 4652//4652
f 4645//4645 4695//4695 4659//4659
f 4697//4697 4639//4639 4643//4643
f 4697//4697 4696//4696 4639//4639
f 4698//4698 4643//4643 4654//4654
f 4699//4699 4696//4696 4697//4697
f 4699//4699 4644//4644 4696//4696
f 4699//4699 4655//4655 4644//4644
f 4547//4547 4653//4653 4569//4569
f 4666//4666 4547//4547 4569//4569
f 4666//4666 4434//4434 4547//4547
f 4700//4700 4434//4434 4666//4666
f 4434//4434 4700//4700 4550//4550
f 4550//4550 4700//4700 4701//4701
f 4550//4550 4701//4701 4436//4436
f 4698//4698 4654//4654 4661//4661
f 4698//4698 4697//4697 4643//4643
f 4664//4664 4436//4436 4701//4701
f 4702//4702 4697//4697 4698//4698
f 4703//4703 4699//4699 4697//4697
f 4662//4662 4699//4699 4703//4703
f 4699//4699 4662//4662 4655//4655
f 4704//4704 4698//4698 4661//4661
f 4703//4703 4697//4697 4702//4702
f 4704//4704 4702//4702 4698//4698
f 4674//4674 4703//4703 4702//4702
f 4703//4703 4671//4671 4662//4662
f 4672//4672 4661//4661 4668//4668
f 4672//4672 4704//4704 4661//4661
f 4705//4705 4702//4702 4704//4704
f 4705//4705 4674//4674 4702//4702
f 4671//4671 4703//4703 4674//4674
f 4680//4680 4704//4704 4672//4672
f 4705//4705 4704//4704 4680//4680
f 4675//4675 4674//4674 4705//4705
f 4673//4673 4680//4680 4672//4672
f 4675//4675 4705//4705 4680//4680
f 4706//4706 4578//4578 4677//4677
f 4707//4707 4158//4158 4571//4571
f 4682//4682 4677//4677 4298//4298
f 4682//4682 4707//4707 4677//4677
f 4682//4682 4158//4158 4707//4707
f 4682//4682 4298//4298 4447//4447
f 4685//4685 4683//4683 4588//4588
f 4683//4683 4685//4685 4684//4684
f 4687//4687 4684//4684 4685//4685
f 4684//4684 4687//4687 4315//4315
f 4315//4315 4687//4687 4468//4468
f 4669//4669 4700//4700 4666//4666
f 4708//4708 4700//4700 4669//4669
f 4708//4708 4701//4701 4700//4700
f 4709//4709 4701//4701 4708//4708
f 4664//4664 4701//4701 4709//4709
f 4710//4710 4708//4708 4669//4669
f 4667//4667 4664//4664 4711//4711
f 4571//4571 4667//4667 4711//4711
f 4578//4578 4710//4710 4669//4669
f 4578//4578 4706//4706 4710//4710
f 4707//4707 4571//4571 4711//4711
f 4706//4706 4677//4677 4712//4712
f 4677//4677 4707//4707 4712//4712
f 4685//4685 4686//4686 4687//4687
f 4710//4710 4709//4709 4708//4708
f 4711//4711 4664//4664 4709//4709
f 4712//4712 4709//4709 4710//4710
f 4712//4712 4711//4711 4709//4709
f 4706//4706 4712//4712 4710//4710
f 4707//4707 4711//4711 4712//4712
# 9420 faces, 0 coords texture

# End of File
